# This file uses centimeters as units for non-parametric coordinates.

mtllib mannequin.mtl
g default
v -0.000001 179.728058 8.951765
v -0.000089 161.373001 8.374814
v -0.000000 172.776535 9.827777
v -0.000039 164.432510 8.321319
v -0.000000 168.171280 3.632203
v -0.000051 163.579834 4.777802
v -0.000048 163.836288 7.438719
v -3.209393 181.731186 6.503433
v -4.311041 181.360855 5.885111
v -2.123607 181.918533 6.951047
v -1.069106 182.008011 7.202652
v -5.291577 180.799805 5.169796
v -6.123689 180.111465 4.345446
v -6.745343 179.240875 3.472182
v -7.161085 178.280457 2.684035
v -4.659956 179.248596 7.170164
v -3.932341 177.480652 8.451218
v -4.771257 177.433578 7.710203
v -5.453887 177.185135 6.804030
v -6.001084 176.749863 5.830061
v -2.779662 179.675186 8.299621
v -6.578646 177.562836 4.411269
v -6.927777 176.619507 3.586838
v -6.071799 178.262421 5.344254
v -5.460017 178.815979 6.322146
v -7.559786 173.403168 0.800979
v -3.743884 179.499039 7.793440
v -6.379903 176.004379 4.952433
v -2.435228 184.698380 0.321242
v -2.286545 183.676788 4.093580
v -3.493933 183.351517 3.659286
v -3.667191 184.243698 0.152863
v -1.218330 184.952896 0.452711
v -6.904500 172.821945 3.544050
v -7.438391 177.129364 1.988464
v -7.607158 174.597229 1.025897
v -1.839404 179.748032 8.623932
v -0.922236 179.745743 8.836578
v -7.490777 180.354828 -1.011676
v -7.250626 179.989456 1.277755
v -7.617126 178.856308 0.727904
v -7.860782 179.135330 -1.289567
v -6.880090 181.513123 -0.691407
v -6.620749 181.033371 1.912722
v -7.840519 175.147247 -4.642854
v -1.432134 177.432419 9.560634
v -6.512941 166.790329 -0.818559
v -6.413668 166.892441 -1.342530
v -6.362306 166.940323 -1.877671
v -5.674812 164.845428 -0.559953
v -5.831893 164.737274 -1.287431
v -5.857294 164.876404 0.057555
v -6.452984 170.132172 -5.431626
v -6.076788 170.225540 -6.347535
v -5.543747 170.320023 -7.142167
v -6.021924 167.337280 -5.055542
v -5.435833 167.487701 -6.063859
v -4.721745 167.797424 -7.265901
v -5.366864 163.952042 -5.622514
v -4.760887 163.844711 -6.613633
v -5.730835 164.007065 -4.541215
v -7.072433 173.852905 -6.797503
v -6.543150 173.935303 -7.735674
v -7.475860 173.800522 -5.768419
v -2.845309 163.724792 -7.908783
v -3.853938 163.797714 -7.410966
v -3.605768 167.274292 -7.841126
v -2.670488 167.016708 -8.296555
v -1.794904 170.295883 -9.464021
v -0.889534 170.286880 -9.591172
v -3.148438 174.478989 -10.431504
v -2.671162 170.330734 -9.242616
v -2.109840 174.551895 -10.756806
v -1.063553 174.594757 -10.936631
v -3.326460 175.967117 -10.417130
v -3.702398 179.438675 -9.412095
v -4.828168 179.154984 -8.943786
v -3.903211 183.660751 -5.195953
v -3.825775 184.187805 -3.421861
v -5.018394 183.541977 -3.364854
v -5.083888 183.024597 -4.986894
v -5.065326 182.140610 -6.565049
v -3.916496 182.690750 -6.895005
v -4.710000 182.779251 3.171351
v -4.913247 183.568314 -0.080354
v -6.216874 175.473831 -8.506410
v -5.363721 175.657425 -9.224412
v -5.860682 178.722336 -8.275697
v -6.646964 178.265015 -7.591508
v -7.134072 177.851562 -6.828813
v -6.798413 175.307419 -7.575425
v -7.714564 173.777847 -4.741960
v -6.004314 182.612854 -0.366960
v -5.786393 181.965302 2.546338
v -7.821077 177.551193 0.233047
v -8.014855 177.770462 -1.570542
v -4.370668 175.830765 -9.915971
v -7.636331 175.147995 -5.638368
v -7.739981 177.571030 -5.349992
v -7.896565 177.657074 -4.438584
v -8.023770 177.737930 -3.453950
v -7.974027 175.130600 -3.659059
v -6.136155 164.426956 -2.004457
v -6.142282 164.232468 -2.778184
v -6.373838 167.082977 -2.492158
v -6.428151 167.227249 -3.272798
v -2.230546 176.074783 -10.768464
v -1.123120 176.136612 -10.979402
v -1.277098 179.741730 -9.976838
v -2.485963 179.643112 -9.774888
v -7.254669 173.060257 2.274215
v -7.215437 174.264404 2.531219
v -5.005004 170.432571 -7.838899
v -4.319890 170.410767 -8.367677
v -5.975454 164.148270 -3.638642
v -6.233005 167.296890 -4.119813
v -3.510746 170.363617 -8.851045
v -7.804098 178.871536 -4.387239
v -7.874962 179.051315 -3.355515
v -7.646416 178.607727 -5.293366
v -7.393042 179.522568 -5.484559
v -7.519440 179.995804 -4.452500
v -7.552093 180.274796 -3.300599
v -7.505474 177.591721 -6.143891
v -7.307646 175.197937 -6.649903
v -6.753534 170.050812 -4.562074
v -5.893548 174.045258 -8.602784
v -0.888410 163.709213 -8.312974
v -1.862548 163.713394 -8.212983
v -1.710937 167.049713 -8.572801
v -0.831394 167.105484 -8.738938
v -2.682103 184.106003 -5.345948
v -1.349008 184.360840 -5.477891
v -2.575438 184.665405 -3.466905
v -2.700625 183.055450 -7.163713
v -8.021513 175.071365 -2.002656
v -4.131791 174.346863 -9.968904
v -5.053380 174.191406 -9.334077
v -4.504773 162.371155 0.707381
v -4.918170 160.114853 -0.219300
v -7.466345 171.122803 0.830642
v -6.800570 173.983368 3.771273
v -0.000038 159.910873 3.209533
v -0.954272 160.171356 3.079726
v -1.893914 160.571732 2.877715
v -1.966058 161.034256 3.718700
v -1.024537 159.327255 2.860168
v -1.946926 157.817825 1.767577
v -1.942191 159.835510 2.381515
v -2.885688 158.252838 1.182555
v -2.703536 160.390686 1.939773
v -6.981300 181.188019 -4.609544
v -6.969075 181.477600 -3.308763
v -6.131281 182.141632 -4.801942
v -6.095523 182.589798 -3.337724
v -6.913249 180.416016 -5.807099
v -6.097993 181.336548 -6.198106
v -6.768147 179.451477 -6.787477
v -6.014013 180.142181 -7.364961
v -4.989969 180.787018 -7.947175
v -3.845314 181.242493 -8.350205
v -2.624061 181.520691 -8.686158
v -1.340740 181.669235 -8.887513
v -7.508725 178.364304 -5.924165
v -7.219406 178.830917 -6.274522
v -1.367912 183.283401 -7.347001
v -1.142976 183.837875 4.403056
v -1.288421 184.950394 -3.520982
v -7.968502 174.081924 -2.133821
v -7.888775 174.893860 -0.577012
v -4.571085 162.829361 1.386016
v -2.708214 161.179703 2.548888
v -3.062019 177.486465 8.981076
v -5.321198 174.884628 7.724868
v -2.204708 177.453217 9.371719
v -1.007900 174.515045 9.903473
v -0.714853 177.414703 9.678538
v -6.156357 168.919540 -5.206513
v -5.697124 169.102066 -6.164598
v -5.182877 169.381348 -7.063813
v -4.860699 169.739594 -7.646714
v -4.368853 169.403198 -7.973145
v -2.654404 168.981781 -8.785203
v -3.552602 169.091019 -8.409715
v -6.333241 168.862411 -4.224381
v -1.772913 168.989502 -9.060685
v -0.870066 168.981995 -9.186296
v -5.286964 163.645676 2.791976
v -2.743248 161.422043 3.217327
v -0.640021 168.792892 9.638597
v -5.181278 169.314270 6.772916
v -2.056082 172.643646 7.587539
v -1.716076 172.408340 7.471892
v -2.899371 166.810089 8.397062
v -2.201679 165.846100 8.910442
v -2.626768 165.663666 8.352815
v -2.806116 169.822388 8.391418
v -2.369120 161.468185 6.654812
v -2.769026 161.704803 6.141781
v -0.660126 160.814453 6.275453
v -1.483088 161.152145 7.509017
v -0.467446 160.777084 7.144972
v -1.680322 165.827072 8.457289
v -0.941107 165.906387 8.752729
v -2.419227 170.125824 8.567506
v -2.079820 170.423721 8.745394
v -0.321306 165.458664 8.706877
v -1.326519 164.898773 9.132059
v -3.302387 166.096527 8.067032
v -1.049441 168.555450 10.700846
v -1.840486 165.980789 9.238646
v -1.066150 161.394440 8.146086
v -1.620175 161.529083 7.824448
v -0.340026 166.163345 10.038758
v -0.416533 171.718369 10.312148
v -0.526476 161.364609 8.312986
v -0.480255 174.457779 9.937468
v -1.635879 174.625259 9.820080
v -0.972498 163.394257 8.638170
v -0.784629 168.984314 11.351983
v -2.625722 162.029480 6.956680
v -2.599008 164.079895 7.788284
v -0.955570 161.075928 7.787855
v -0.674215 166.220535 9.962461
v -3.160401 162.399246 6.441133
v -0.346247 168.493851 11.419669
v -0.924483 164.816910 9.298973
v -0.000034 164.751358 9.422166
v -0.715219 173.520203 9.475464
v -0.921196 172.522736 9.075743
v -0.666059 172.622269 9.501690
v -0.398029 172.720734 9.725703
v -0.491397 161.052536 7.889191
v -5.251869 167.613144 6.184066
v -1.034336 166.194550 9.799707
v -2.238161 165.274368 8.416199
v -2.612463 167.222229 8.560898
v -1.824167 168.222595 8.918125
v -2.431761 165.365982 8.209930
v -0.468293 164.764023 9.389314
v -2.024863 167.934616 8.792011
v -0.908083 167.503464 9.635180
v -0.743710 171.591614 10.074170
v -1.126116 171.307236 9.562303
v -3.533940 173.052917 7.960754
v -3.206962 173.079651 7.999008
v -2.209787 172.332108 7.692977
v -2.435867 172.273346 7.759628
v -1.999091 172.354324 7.628129
v -2.538625 172.944397 7.813049
v -3.810104 172.984970 7.857970
v -2.273403 172.805527 7.700348
v -3.966788 174.960007 9.001404
v -4.692312 174.963593 8.488250
v -1.744138 170.729965 8.980116
v -1.972276 165.149109 8.657118
v -2.043639 165.493378 7.832762
v -1.838472 165.475891 7.979216
v -1.626128 165.461868 8.132216
v -1.738684 168.787354 9.734880
v -2.568576 165.411255 8.048704
v -2.229074 165.511948 7.706634
v -2.850380 173.041992 7.941237
v -3.176978 174.876663 9.364180
v -2.417212 174.770401 9.632337
v -1.127552 173.309906 9.079679
v -1.210570 168.927277 10.678424
v -0.196795 166.876160 9.880736
v -0.393698 173.561630 9.589633
v -0.449666 169.012283 11.624521
v -0.258889 168.230713 11.089873
v -4.009909 172.249985 7.697569
v -6.208527 171.568466 5.703078
v -6.133224 172.533340 5.641843
v -4.441810 172.553345 7.292373
v -6.090551 173.304794 5.854809
v -4.338182 172.672958 7.430387
v -5.772706 174.510880 6.950041
v -4.331736 172.420120 7.411147
v -4.035707 172.895844 7.726531
v -2.716952 172.219833 7.836454
v -3.429298 172.186188 7.874326
v -3.793657 169.257111 7.896208
v -4.519690 168.904282 7.311766
v -3.736481 172.202179 7.821181
v -5.714338 169.926453 6.316634
v -4.210406 172.333115 7.529632
v -0.511803 167.361664 9.851947
v -0.894233 167.755493 9.649779
v -0.229316 167.288757 9.873400
v -3.171866 164.702896 7.654570
v -2.918663 164.365433 7.682312
v -0.481724 163.347931 8.772003
v -2.228981 163.851181 7.983002
v -1.413963 163.502396 8.435532
v -0.000057 163.333115 8.825102
v -6.495746 165.712036 1.622954
v -6.340499 165.320953 1.207488
v -6.574953 166.214478 1.947509
v -5.596410 164.243683 3.286419
v -5.786698 164.925415 3.660430
v -6.914804 168.615311 2.333126
v -4.081511 162.544952 4.419507
v -6.296301 167.739578 4.120846
v -6.068870 170.678070 5.943375
v -6.894111 170.264359 3.543425
v -6.972352 171.568085 3.465287
v -7.284697 171.832047 2.174575
v -7.212758 170.674957 2.215148
v -7.524498 172.186478 0.816344
v -7.354540 170.198288 0.847960
v -7.702394 170.918533 -1.110871
v -7.094262 169.608841 2.280837
v -6.783518 166.923965 0.169127
v -6.816262 166.897537 0.572188
v -6.908366 167.356857 0.615447
v -7.235857 169.357849 0.844512
v -6.604525 168.962280 3.812649
v -8.778640 172.790955 -3.305528
v -9.191104 173.320648 -3.861344
v -7.246056 170.564728 -2.407502
v -7.231702 170.774918 -2.243638
v -7.131179 170.469330 -2.001405
v -7.159096 170.291855 -2.087388
v -8.011539 172.134659 -2.851563
v -7.968525 172.299469 -2.643388
v -7.709322 169.468658 -1.706162
v -7.297493 168.386185 -1.056458
v -7.465016 169.727859 -1.388704
v -7.229555 170.105408 -2.153337
v -7.945238 169.591492 -2.119706
v -8.045685 169.724716 -2.376298
v -7.596107 171.409836 -1.737794
v -7.653774 170.448334 -1.108689
v -7.705323 170.598572 -1.371430
v -7.318898 170.352997 -2.498644
v -7.411896 170.919083 -1.534289
v -8.067350 168.856400 -2.954499
v -7.906651 168.548157 -2.634583
v -7.434649 168.208679 -1.395951
v -7.731313 168.292694 -2.221910
v -9.081488 174.086105 -2.792344
v -8.435049 172.450775 -2.690980
v -8.764467 173.132278 -3.104264
v -7.727030 171.479599 -1.142182
v -7.844973 172.098862 -2.717744
v -8.110457 173.079315 -1.430528
v -8.783549 171.992569 -3.610780
v -7.012332 168.238174 -0.513154
v -8.987443 171.262909 -4.339326
v -8.789012 174.022430 -2.094377
v -6.936215 168.992935 -2.463120
v -9.071733 171.788132 -4.373429
v -7.595128 171.225128 -2.577287
v -7.409193 171.022324 -2.419236
v -8.663918 170.970032 -3.544663
v -6.784273 168.217834 -1.691957
v -9.134776 172.312057 -4.336671
v -8.218541 169.197250 -3.247209
v -7.407487 170.800232 -2.628922
v -7.468368 170.557770 -2.751084
v -8.114103 169.871933 -2.616975
v -7.351552 170.618958 -1.462449
v -7.078403 170.612656 -1.915925
v -7.456013 171.221817 -1.659196
v -7.709993 171.843811 -1.147782
v -8.776734 171.595901 -3.633790
v -8.392793 169.578903 -3.549699
v -8.176583 170.007019 -2.853074
v -8.743304 171.252136 -3.609162
v -8.458890 173.592438 -2.376237
v -8.206999 173.218674 -2.091187
v -8.479488 172.208847 -2.876603
v -8.452091 171.743027 -3.238191
v -8.404877 171.531509 -3.333467
v -7.942556 170.514847 -3.005754
v -7.976451 171.305618 -3.275788
v -7.868473 171.488342 -3.189790
v -7.437249 169.901184 -1.450959
v -7.110696 169.580017 -2.904710
v -8.429457 173.029602 -3.663941
v -7.855719 172.236404 -2.584199
v -6.808319 168.002426 -1.251298
v -7.855000 170.383453 -2.855546
v -8.021808 171.780640 -3.215058
v -8.030167 171.579071 -3.290022
v -8.061909 171.426620 -3.308791
v -8.353722 171.336975 -3.374558
v -7.845735 173.872650 -1.076755
v -7.915002 173.350067 -3.127107
v -6.821072 168.497208 -2.012208
v -0.771299 160.855301 5.752562
v -0.838298 160.869949 5.184936
v -1.279595 160.965118 5.220993
v -8.147023 172.227203 -3.582017
v -8.350517 171.825043 -3.905534
v -8.308439 171.434692 -3.867509
v -7.990034 171.168961 -3.544783
v -0.000001 185.057739 -3.542222
v -0.000001 173.580673 9.661441
v -6.048899 160.359146 -4.031159
v -6.016222 160.594696 -5.211213
v -5.630074 160.806076 -6.400895
v -6.040559 160.207626 -2.952424
v -5.536260 160.116058 -0.902162
v -3.912457 160.489639 -8.020692
v -1.852175 161.708054 -8.329530
v -0.888631 161.811020 -8.343476
v -1.574136 172.585815 6.775208
v -1.688318 172.345718 7.408949
v -4.579195 172.516922 7.141616
v -4.393536 172.381134 7.313216
v -4.452672 172.724487 7.322402
v -1.707135 173.154007 6.775208
v -3.732923 172.086273 7.746275
v -3.422842 172.079773 7.793760
v -4.225853 171.496552 6.774903
v -3.740261 171.182541 6.775224
v -4.031965 171.571381 5.335935
v -3.655745 171.262527 5.335842
v -3.128226 171.148193 5.335935
v -2.182448 171.571228 5.335935
v -2.558674 171.262527 5.335842
v -2.519733 171.185150 6.774522
v -2.022348 171.503845 6.775117
v -4.227301 173.647461 6.775208
v -2.182446 173.548080 5.335858
v -2.558674 173.841202 5.335767
v -3.128223 173.964111 5.335934
v -4.031972 173.548248 5.335860
v -3.655746 173.841202 5.335767
v -1.681839 171.971237 6.775193
v -2.019598 172.020447 5.335949
v -1.939198 172.592438 5.335889
v -2.019598 173.093353 5.335904
v -2.505621 171.961411 4.796282
v -3.107261 171.934265 4.751618
v -3.107261 172.592606 4.632020
v -2.470413 172.592484 4.739667
v -4.194813 172.020493 5.335949
v -3.699877 171.961411 4.796297
v -4.275219 172.592453 5.335904
v -3.744007 172.592484 4.739667
v -3.699876 173.158295 4.800552
v -4.194813 173.093353 5.335904
v -3.107261 173.190781 4.754318
v -2.506202 173.158295 4.800538
v -4.679241 172.586151 6.775208
v -4.564571 171.971359 6.775193
v -4.517067 173.153793 6.775193
v -1.622284 172.453873 7.404799
v -2.028886 173.647934 6.775208
v -3.124100 171.073013 6.775117
v -4.003787 172.147141 7.637709
v -2.538693 173.951019 6.775208
v -3.134354 174.066055 6.775209
v -3.716748 173.953720 6.775208
v -4.240432 172.264572 7.460249
v -4.612309 172.626740 7.134779
v -5.824735 160.112411 -1.905534
v -4.957211 160.842010 -7.415116
v -1.746004 160.752060 -8.433625
v -0.825638 160.804794 -8.407884
v -1.683977 159.038635 -8.792527
v -0.843958 158.906769 -8.860978
v -3.183545 159.866394 -8.478349
v -2.441489 159.308029 -8.693116
v -1.014992 157.416306 2.299132
v 0.000000 157.220428 2.536422
v -0.689448 165.465515 8.620544
v -1.033583 165.465561 8.483446
v -0.639110 165.924088 8.848909
v -2.000741 165.772202 8.222549
v -0.320422 165.935760 8.897508
v -0.469574 167.029602 8.653869
v -0.929101 166.906433 8.656920
v -2.498470 166.313477 7.870970
v -2.125230 165.216705 7.628387
v -1.999674 165.173569 7.781126
v -2.312007 165.604218 7.846465
v -0.935729 164.578918 8.254957
v -0.493664 164.484848 8.308731
v -1.204653 166.671524 8.645720
v -3.033720 166.446457 6.739640
v -2.130498 166.625565 8.113023
v -1.863896 164.120529 7.019469
v -1.383758 164.672165 8.061277
v -0.555690 166.530731 1.062728
v -0.658882 167.972443 7.498688
v -2.500704 167.242310 7.049086
v -0.890620 164.679520 0.428710
v -1.202787 166.421890 1.187116
v -1.588206 163.801376 4.988950
v -0.755405 163.906693 7.451248
v -1.213203 164.056641 7.628479
v -2.660592 164.502487 4.566403
v -2.624627 164.570465 6.311479
v -2.720975 167.559891 4.958941
v -0.587561 167.529816 2.064879
v -1.404586 167.457901 2.124999
v -3.304610 166.606659 4.745177
v -3.121672 166.368866 2.909023
v -2.515756 164.644089 2.900038
v -0.420447 164.772873 0.296996
v -0.313281 162.772247 -0.014787
v -1.757554 163.861099 1.924346
v -2.509068 165.610031 1.724563
v -2.411236 164.609711 2.096908
v -0.659845 162.683685 0.101714
v -0.000078 162.020309 0.560119
v -1.846141 164.246582 0.950927
v -1.505924 163.872940 2.535492
v -0.713832 168.371399 5.433796
v -0.000090 160.802139 5.709426
v -1.815944 168.671524 9.424135
v -0.000001 168.204742 11.129741
v -1.543121 168.380798 9.875674
v -1.561283 168.243607 9.661242
v -0.637380 168.520020 11.218339
v -1.334759 167.754166 9.345743
v -0.734516 168.975922 10.297518
v -1.033177 168.858841 9.781619
v -1.019118 168.706940 9.638445
v -0.487487 168.292236 10.978029
v -0.000001 168.483078 11.505082
v -0.000001 182.044647 7.330718
v -0.000001 185.056244 0.529860
v -0.000000 179.786026 -10.064240
v -0.000001 184.444290 -5.524919
v -0.000000 167.152191 -8.833329
v -0.000001 177.401749 9.744185
v -0.000010 159.128433 3.087859
v -0.000096 160.780716 6.214234
v -0.000100 160.750610 7.084380
v -0.000000 170.309601 -9.616807
v -0.000000 166.115265 10.061446
v -0.000000 161.899628 -8.420899
v -0.000003 166.558334 1.004287
v -0.000000 167.061203 8.646879
v -0.000000 168.417343 5.475123
v -7.702276 171.725662 -1.850587
v -7.789768 170.997086 -1.354310
v 4.311045 181.360855 5.885111
v 3.209398 181.731186 6.503433
v 3.493933 183.351517 3.659286
v 4.709998 182.779251 3.171351
v 2.123603 181.918533 6.951047
v 2.286544 183.676788 4.093580
v 1.069106 182.008011 7.202652
v 6.123691 180.111465 4.345446
v 5.291576 180.799805 5.169796
v 5.786394 181.965302 2.546338
v 6.620746 181.033371 1.912719
v 7.161087 178.280457 2.684035
v 6.745343 179.240891 3.472197
v 7.250626 179.989456 1.277755
v 7.617127 178.856308 0.727904
v 3.932335 177.480652 8.451218
v 3.062013 177.486465 8.981076
v 3.743877 179.499039 7.793455
v 5.453874 177.185135 6.804046
v 2.204701 177.453217 9.371719
v 6.927766 176.619507 3.586838
v 6.578635 177.562836 4.411269
v 7.438375 177.129364 1.988463
v 6.071801 178.262421 5.344254
v 5.460019 178.815979 6.322146
v 7.559784 173.403168 0.800979
v 7.607147 174.597229 1.025893
v 2.779655 179.675186 8.299621
v 2.435228 184.698380 0.321242
v 3.667189 184.243698 0.152862
v 1.142975 183.837875 4.403056
v 1.218330 184.952896 0.452712
v 6.800557 173.983368 3.771273
v 6.379891 176.004379 4.952433
v 7.821067 177.551193 0.233047
v 1.839401 179.748032 8.623929
v 0.922234 179.745743 8.836576
v 4.659956 179.248596 7.170179
v 7.490777 180.354828 -1.011674
v 7.860784 179.135330 -1.289567
v 6.880088 181.513123 -0.691392
v 7.714564 173.777847 -4.741975
v 7.636321 175.147995 -5.638368
v 7.475847 173.800522 -5.768434
v 0.714851 177.414703 9.678538
v 1.432134 177.432419 9.560634
v 6.413671 166.892471 -1.342530
v 6.512940 166.790329 -0.818559
v 6.362321 166.940353 -1.877656
v 5.831892 164.737152 -1.287431
v 5.674798 164.845444 -0.559953
v 5.857287 164.876663 0.057555
v 6.076788 170.225540 -6.347535
v 6.452982 170.132172 -5.431642
v 5.543746 170.320023 -7.142167
v 5.435831 167.487610 -6.063859
v 6.021938 167.337280 -5.055543
v 4.721745 167.797424 -7.265901
v 4.760892 163.844711 -6.613618
v 5.366873 163.952042 -5.622499
v 5.730841 164.007065 -4.541215
v 7.307634 175.197937 -6.649919
v 6.798401 175.307419 -7.575440
v 6.340486 165.320969 1.207488
v 6.783518 166.923965 0.169127
v 7.072420 173.852905 -6.797517
v 6.543137 173.935303 -7.735673
v 3.853932 163.797714 -7.410951
v 2.845305 163.724792 -7.908784
v 2.670486 167.016708 -8.296556
v 3.605766 167.274292 -7.841126
v 2.109843 174.551895 -10.756806
v 1.063551 174.594757 -10.936631
v 3.148443 174.478989 -10.431504
v 3.702391 179.438675 -9.412095
v 4.370661 175.830765 -9.915971
v 4.828168 179.154984 -8.943788
v 2.230551 176.074783 -10.768464
v 3.326464 175.967117 -10.417130
v 1.123119 176.136612 -10.979402
v 3.903217 183.660751 -5.195954
v 5.083898 183.024628 -4.986894
v 3.916501 182.690750 -6.895005
v 5.065324 182.140610 -6.565049
v 4.913246 183.568314 -0.080354
v 5.860682 178.722336 -8.275697
v 6.646964 178.265015 -7.591523
v 7.134072 177.851562 -6.828828
v 6.753545 170.050812 -4.562089
v 6.004314 182.612854 -0.366944
v 8.014855 177.770462 -1.570542
v 4.131785 174.346863 -9.968904
v 7.739971 177.571030 -5.350007
v 7.840519 175.147263 -4.642869
v 7.896565 177.657074 -4.438600
v 6.142282 164.232468 -2.778199
v 6.136156 164.426956 -2.004457
v 6.373851 167.082901 -2.492143
v 6.428158 167.227371 -3.272798
v 1.277097 179.741730 -9.976838
v 2.485955 179.643036 -9.774888
v 7.215424 174.264404 2.531219
v 7.254667 173.060257 2.274215
v 4.319890 170.410767 -8.367677
v 5.005003 170.432571 -7.838899
v 5.975463 164.148270 -3.638627
v 6.233017 167.296890 -4.119813
v 2.671156 170.330734 -9.242631
v 3.510738 170.363708 -8.851045
v 7.804109 178.871536 -4.387254
v 7.646416 178.607727 -5.293382
v 7.519455 179.995804 -4.452516
v 7.393042 179.522568 -5.484574
v 7.505464 177.591721 -6.143891
v 5.363709 175.657425 -9.224412
v 5.053370 174.191406 -9.334077
v 6.216860 175.473831 -8.506410
v 1.862545 163.713455 -8.212983
v 0.888411 163.709213 -8.312974
v 1.710936 167.049713 -8.572801
v 0.831392 167.105484 -8.738938
v 1.794905 170.295883 -9.464021
v 0.889534 170.286774 -9.591172
v 1.288420 184.950394 -3.520982
v 1.349007 184.360840 -5.477891
v 2.682107 184.106003 -5.345948
v 2.700631 183.055450 -7.163713
v 4.571040 162.829636 1.386016
v 5.286930 163.645813 2.791976
v 5.893538 174.045258 -8.602784
v 7.888765 174.893860 -0.577012
v 7.709992 171.843811 -1.147767
v 7.524497 172.186478 0.816344
v 7.727029 171.479599 -1.142182
v 8.021513 175.071365 -2.002656
v -0.000060 160.529434 3.681305
v 0.955593 160.654755 3.682678
v 0.954188 160.171432 3.079726
v 1.893842 160.571747 2.877715
v 1.014994 157.416306 2.299132
v 1.024512 159.327255 2.860168
v 1.942162 159.835724 2.381515
v 2.703507 160.390808 1.939773
v 6.981314 181.188034 -4.609544
v 6.131295 182.141724 -4.801942
v 6.097993 181.336548 -6.198106
v 6.913249 180.416031 -5.807115
v 6.014011 180.142181 -7.364961
v 6.768147 179.451477 -6.787492
v 4.989967 180.787018 -7.947175
v 3.845307 181.242493 -8.350205
v 2.624054 181.520691 -8.686158
v 1.340741 181.669235 -8.887513
v 7.219406 178.830917 -6.274522
v 7.508725 178.364304 -5.924180
v 1.367908 183.283401 -7.347001
v 2.575431 184.665405 -3.466905
v 3.825769 184.187805 -3.421861
v 5.018407 183.541977 -3.364854
v 6.095536 182.589798 -3.337708
v 6.969085 181.477600 -3.308763
v 7.552103 180.274796 -3.300614
v 7.874976 179.051315 -3.355515
v 8.023770 177.737930 -3.453950
v 7.974027 175.130600 -3.659059
v 2.708155 161.179703 2.548888
v 4.504741 162.371155 0.707381
v -0.000000 174.607361 -11.021043
v -0.000000 176.167404 -11.072968
v -0.000001 181.721802 -8.984864
v -0.000001 183.341644 -7.399293
v 3.176979 174.876663 9.364180
v 2.417212 174.770447 9.632318
v 4.771257 177.433578 7.710218
v 6.001072 176.749863 5.830076
v 6.090551 173.304794 5.854810
v 5.772694 174.510880 6.950041
v 6.904500 172.821945 3.544050
v 6.133224 172.533340 5.641841
v 0.480254 174.457779 9.937468
v 5.697124 169.102066 -6.164598
v 6.156353 168.919540 -5.206513
v 5.182877 169.381348 -7.063813
v 4.368857 169.403091 -7.973145
v 4.860699 169.739700 -7.646714
v 2.654401 168.981781 -8.785188
v 3.552600 169.090942 -8.409715
v 6.333251 168.862411 -4.224397
v 1.772915 168.989532 -9.060670
v 0.870064 168.981949 -9.186296
v -0.000000 168.980026 -9.240205
v 2.743157 161.422180 3.217327
v 4.918167 160.114853 -0.219300
v 4.519688 168.904282 7.311781
v 0.924417 164.816925 9.298974
v 0.689405 165.465515 8.620544
v 1.716076 172.408340 7.471892
v 0.321261 165.458817 8.706877
v 2.201671 165.846130 8.910442
v 1.033539 165.465637 8.483446
v 2.626755 165.663666 8.352815
v 2.806114 169.822388 8.391418
v 3.793656 169.257111 7.896223
v 1.620005 161.529205 7.824448
v 2.625576 162.029694 6.956680
v 1.482902 161.152161 7.509017
v 3.160289 162.399582 6.441148
v 2.368958 161.468430 6.654812
v 0.659931 160.814270 6.275453
v 2.000733 165.772202 8.222549
v 0.468225 164.764206 9.389310
v 1.326460 164.898743 9.132059
v 0.639109 165.924088 8.848909
v 1.049438 168.555450 10.700846
v 2.229040 165.511917 7.706634
v 1.543121 168.380798 9.875674
v 1.815945 168.671524 9.424135
v 1.561283 168.243607 9.661242
v 2.612463 167.222229 8.560898
v 1.840484 165.980789 9.238646
v 2.768881 161.704941 6.141781
v 3.171822 164.702988 7.654570
v 3.302379 166.096527 8.067032
v 1.065973 161.394531 8.146086
v 0.340025 166.163345 10.038758
v 0.674215 166.220535 9.962461
v 0.320421 165.935760 8.897508
v 0.955381 161.075912 7.787855
v 0.491209 161.052628 7.889191
v 1.007900 174.515045 9.903473
v 1.635880 174.625259 9.820080
v 0.481611 163.348053 8.772003
v 0.449664 169.012283 11.624521
v 1.034337 166.194550 9.799707
v 2.228892 163.851242 7.983002
v 0.346247 168.493851 11.419666
v 0.637378 168.520020 11.218339
v 0.258888 168.230713 11.089873
v 0.526298 161.364639 8.312986
v 0.467249 160.776947 7.144972
v 0.666056 172.622269 9.501692
v 0.715217 173.520203 9.475464
v 1.127552 173.309906 9.079679
v 0.921194 172.522736 9.075745
v 0.398028 172.720734 9.725703
v 2.024859 167.934616 8.792006
v 1.824163 168.222595 8.918125
v 2.918601 164.365479 7.682312
v 0.743709 171.591614 10.074170
v 0.416532 171.718369 10.312148
v 3.810099 172.984970 7.857985
v 2.273397 172.805527 7.700348
v 3.736475 172.202179 7.821197
v 2.056078 172.643646 7.587539
v 3.966789 174.960007 9.001404
v 4.692313 174.963593 8.488250
v 1.744135 170.729965 8.980116
v 2.079813 170.423721 8.745394
v 2.043602 165.493423 7.832762
v 1.626088 165.461884 8.132200
v 1.738684 168.787354 9.734880
v 1.972225 165.149170 8.657118
v 2.238116 165.274368 8.416199
v 2.568546 165.411240 8.048704
v 2.431724 165.366013 8.209930
v 2.419220 170.125824 8.567506
v 2.538620 172.944397 7.813049
v 2.209781 172.332108 7.692977
v 4.009914 172.249985 7.697585
v 1.126115 171.307236 9.562303
v 5.321198 174.884628 7.724883
v 1.210570 168.927277 10.678424
v 0.393697 173.561630 9.589633
v 0.784631 168.984314 11.351983
v 0.487486 168.292236 10.978029
v 1.999091 172.354324 7.628129
v 3.533933 173.052917 7.960754
v 3.206956 173.079651 7.999008
v 2.850373 173.041992 7.941252
v 4.441809 172.553345 7.292380
v 4.338187 172.672958 7.430387
v 4.035711 172.895844 7.726531
v 6.068870 170.678070 5.943390
v 4.331740 172.420120 7.411147
v 2.716945 172.219833 7.836454
v 2.435861 172.273346 7.759628
v -0.000001 174.440292 9.950730
v 3.429293 172.186188 7.874326
v 4.210411 172.333115 7.529647
v -0.000000 166.844131 9.859403
v 0.196794 166.876160 9.880736
v 0.511801 167.361664 9.851947
v 0.908081 167.503555 9.635178
v 2.899367 166.810089 8.397062
v 0.894230 167.755493 9.649779
v 0.229316 167.288757 9.873398
v 0.640019 168.792892 9.638597
v 0.972388 163.394272 8.638170
v 2.598938 164.079941 7.788284
v 1.413856 163.502426 8.435532
v 6.495731 165.712112 1.622954
v 6.574952 166.214478 1.947509
v 5.596386 164.243713 3.286419
v 5.786691 164.925430 3.660430
v 6.296299 167.739578 4.120846
v 6.914804 168.615311 2.333129
v 4.653036 163.405411 4.680588
v 4.971284 164.254562 4.921371
v 5.251868 167.613144 6.184065
v 6.208524 171.568466 5.703094
v 6.972352 171.568085 3.465287
v 7.212758 170.674957 2.215148
v 6.894110 170.264359 3.543425
v 7.284697 171.832047 2.174575
v 7.466345 171.122803 0.830642
v 7.354538 170.198288 0.847960
v 6.816259 166.897537 0.572188
v 6.908366 167.356857 0.615447
v 7.235854 169.357849 0.844512
v 7.653774 170.448334 -1.108674
v 7.012330 168.238174 -0.513139
v -0.000000 163.696228 -8.416413
v 5.181276 169.314270 6.772916
v 5.714338 169.926453 6.316634
v 6.604525 168.962296 3.812664
v 7.094261 169.608841 2.280837
v 9.191104 173.320648 -3.861344
v 8.778640 172.790955 -3.305528
v 8.783549 171.992569 -3.610780
v 7.131190 170.469330 -2.001405
v 7.231712 170.774918 -2.243623
v 7.246067 170.564774 -2.407502
v 7.159107 170.291855 -2.087373
v 7.351552 170.618958 -1.462449
v 8.110457 173.079315 -1.430512
v 7.129498 168.562988 -0.843995
v 7.318909 170.352997 -2.498643
v 7.945248 169.591492 -2.119706
v 8.045685 169.724716 -2.376298
v 7.434649 168.208679 -1.395951
v 7.229566 170.105408 -2.153337
v 7.789766 170.997086 -1.354295
v 8.743304 171.252136 -3.609162
v 7.906661 168.548172 -2.634568
v 7.709332 169.468658 -1.706162
v 7.465015 169.727859 -1.388688
v 7.731324 168.292694 -2.221894
v 8.479488 172.208847 -2.876588
v 7.596117 171.409836 -1.737779
v 7.437249 169.901184 -1.450959
v 9.134776 172.312057 -4.336671
v 6.808316 168.002426 -1.251298
v 8.789012 174.022430 -2.094377
v 9.193642 173.686050 -3.512895
v 8.776734 171.595901 -3.633790
v 9.071733 171.788132 -4.373445
v 8.458890 173.592484 -2.376237
v 8.067350 168.856400 -2.954499
v 8.874873 170.778641 -4.231278
v 8.987443 171.262909 -4.339341
v 7.409204 171.022415 -2.419236
v 8.114103 169.871933 -2.616975
v 6.936227 168.992935 -2.463120
v 6.821082 168.497208 -2.012208
v 8.206999 173.218674 -2.091187
v 7.407498 170.800247 -2.628907
v 8.218541 169.197250 -3.247209
v 8.176583 170.007019 -2.853059
v 7.468378 170.557770 -2.751084
v 7.078413 170.612656 -1.915925
v 7.411893 170.919083 -1.534272
v 7.456023 171.221817 -1.659196
v 7.705321 170.598572 -1.371415
v 7.968502 174.081924 -2.133821
v 8.278149 170.184372 -3.061784
v 8.764467 173.132278 -3.104264
v 8.435049 172.450775 -2.690980
v 8.452091 171.743027 -3.238191
v 8.353722 171.336975 -3.374558
v 8.404877 171.531509 -3.333467
v 8.275293 171.132950 -3.371583
v 7.976462 171.305618 -3.275788
v 7.868484 171.488342 -3.189790
v 7.595139 171.225250 -2.577287
v 7.968534 172.299469 -2.643388
v 8.429457 173.029602 -3.663941
v 8.350517 171.825043 -3.905534
v 8.147023 172.227203 -3.582017
v 8.308439 171.434692 -3.867509
v 7.110706 169.580017 -2.904710
v 7.887515 172.506821 -2.334046
v 7.855729 172.236404 -2.584199
v 7.844984 172.098862 -2.717744
v 8.011539 172.134659 -2.851563
v 8.021808 171.780640 -3.215058
v 8.030167 171.579071 -3.290025
v 8.061909 171.426620 -3.308793
v 7.855014 170.383453 -2.855546
v 7.312854 170.270538 -3.311097
v 7.915013 173.350067 -3.127107
v 7.845724 173.872650 -1.076753
v 6.784285 168.217834 -1.691957
v 0.771113 160.855133 5.752562
v 1.279421 160.965103 5.220993
v 0.838124 160.869888 5.184951
v 7.990044 171.168961 -3.544785
v -0.000001 183.916214 4.517317
v -0.000095 161.043625 7.925690
v -0.000001 167.254532 9.863128
v 5.824731 160.112411 -1.905519
v 4.957207 160.842010 -7.415116
v 0.888631 161.811020 -8.343476
v 1.852174 161.708054 -8.329515
v 2.022348 171.503845 6.775117
v 1.681840 171.971237 6.775193
v 1.622285 172.453873 7.404799
v 4.393540 172.381134 7.313231
v 4.579194 172.516922 7.141616
v 4.517066 173.153793 6.775208
v 4.227293 173.647461 6.775208
v 3.732917 172.086288 7.746290
v 3.740259 171.182541 6.775224
v 4.225859 171.496552 6.774919
v 3.124100 171.073013 6.775132
v 3.655745 171.262527 5.335842
v 4.031970 171.571381 5.335935
v 3.128225 171.148193 5.335919
v 2.182444 171.571228 5.335935
v 2.558674 171.262527 5.335842
v 3.716754 173.953720 6.775208
v 3.134360 174.066055 6.775208
v 2.538698 173.951019 6.775208
v 2.028888 173.647934 6.775208
v 2.558675 173.841202 5.335767
v 2.182446 173.548080 5.335858
v 3.128229 173.964111 5.335935
v 4.031964 173.548248 5.335858
v 3.655747 173.841202 5.335767
v 1.574136 172.585815 6.775208
v 2.019597 172.020447 5.335949
v 1.939197 172.592438 5.335904
v 1.707135 173.154007 6.775208
v 2.019599 173.093353 5.335904
v 2.505620 171.961411 4.796282
v 3.107261 171.934265 4.751618
v 2.470412 172.592484 4.739682
v 3.107261 172.592606 4.632020
v 3.699877 171.961411 4.796282
v 4.194818 172.020493 5.335935
v 3.744007 172.592484 4.739667
v 4.275224 172.592438 5.335889
v 3.699877 173.158310 4.800552
v 4.194818 173.093353 5.335904
v 3.107261 173.190781 4.754318
v 2.506201 173.158295 4.800552
v 4.564571 171.971359 6.775208
v 4.679241 172.586151 6.775208
v 1.688318 172.345718 7.408949
v 2.519732 171.185150 6.774522
v 3.422836 172.079773 7.793776
v 4.003792 172.147141 7.637724
v 4.240438 172.264572 7.460264
v 4.612309 172.626740 7.134779
v 4.452671 172.724487 7.322402
v 5.536256 160.116043 -0.902162
v 6.048896 160.359100 -4.031159
v 6.016222 160.594681 -5.211213
v 6.040559 160.207626 -2.952424
v 3.912454 160.489639 -8.020692
v 5.630074 160.806076 -6.400895
v 0.843958 158.906738 -8.860978
v 1.683976 159.038620 -8.792512
v 1.746003 160.752060 -8.433625
v 0.825639 160.804901 -8.407884
v 2.441491 159.308029 -8.693116
v 3.183551 159.866409 -8.478349
v 1.946926 157.817825 1.767577
v 2.885686 158.252899 1.182555
v -0.000000 158.832794 -8.905534
v -0.000000 160.785172 -8.401216
v 0.941105 165.906387 8.752729
v 1.680317 165.827072 8.457289
v 2.311988 165.604248 7.846465
v 1.838435 165.475891 7.979216
v -0.000001 165.933838 8.913144
v 0.469574 167.029602 8.653869
v 0.929101 166.906433 8.656920
v 2.498469 166.313522 7.870970
v 2.125184 165.216782 7.628387
v 1.999629 165.173584 7.781126
v 0.493589 164.484879 8.308731
v 0.935660 164.578903 8.254957
v 1.204649 166.671524 8.645720
v 2.130498 166.625565 8.113023
v 2.624572 164.570526 6.311479
v 1.383694 164.672119 8.061277
v 2.500700 167.242310 7.049086
v 3.033713 166.446533 6.739655
v -0.000000 167.448318 1.902846
v 0.555683 166.530746 1.062728
v 0.658882 167.972443 7.498688
v 1.202779 166.421906 1.187118
v 0.890563 164.679672 0.428710
v 0.755314 163.906708 7.451248
v 1.588114 163.801453 4.988952
v 1.863817 164.120667 7.019469
v 1.213119 164.056656 7.628479
v 2.660531 164.502762 4.566420
v 2.720977 167.559891 4.958941
v 0.587560 167.529816 2.064879
v 3.121659 166.368973 2.909023
v 3.304604 166.606659 4.745177
v 0.313162 162.772400 -0.014787
v 0.420397 164.772888 0.296996
v 0.659719 162.683884 0.101714
v -0.000077 162.163528 1.374099
v 1.757458 163.861145 1.924346
v 1.404585 167.457901 2.124999
v 2.509040 165.610260 1.724563
v 2.411165 164.609741 2.096908
v 1.846066 164.246628 0.950927
v 1.505827 163.872879 2.535492
v 2.515693 164.644196 2.900038
v 0.713832 168.371399 5.433796
v -0.000055 163.462646 2.673815
v -0.000023 164.783279 0.244536
v -0.000000 168.031998 7.471220
v -0.000059 162.721283 -0.069917
v -0.000085 160.808685 5.124237
v 7.702394 170.918533 -1.110871
v -0.000001 169.021271 11.742267
v 1.334758 167.754166 9.345743
v 1.033174 168.858841 9.781619
v 1.019114 168.706985 9.638445
v 0.734517 168.975922 10.297518
v -0.000001 171.773514 10.414880
v -0.000022 165.455521 8.732958
v -4.971315 164.254532 4.921371
v -4.653089 163.405167 4.680588
v -0.955724 160.654846 3.682678
v 4.081419 162.544998 4.419510
v 1.965930 161.034164 3.718700
v -5.165729 157.428406 -0.349305
v -5.802685 157.525009 -1.508439
v -4.152038 157.214096 0.614532
v -2.947852 156.720901 1.270293
v -1.961190 156.204330 1.609130
v -0.996150 155.975525 1.961944
v 0.000000 155.855499 2.170196
v 0.996151 155.975525 1.961944
v 1.961187 156.204330 1.609130
v 2.947852 156.720901 1.270293
v 4.152038 157.214081 0.614532
v 5.165729 157.428314 -0.349305
v 5.802685 157.525009 -1.508439
v 6.513840 157.793198 -2.699922
v 7.054118 158.123138 -3.974748
v 7.262208 158.648865 -5.314363
v 6.999777 159.089233 -6.796403
v 6.407475 159.016876 -7.984162
v 5.472279 158.643845 -8.835755
v 4.243021 157.998550 -9.389375
v 3.094444 157.319214 -9.564408
v 2.069659 156.851593 -9.613084
v 1.034817 156.627731 -9.712663
v -0.000000 156.573883 -9.873780
v -1.034817 156.627731 -9.712663
v -2.069658 156.851593 -9.613084
v -3.094445 157.319138 -9.564424
v -4.243013 157.998505 -9.389375
v -5.472280 158.643845 -8.835755
v -6.407482 159.016876 -7.984147
v -6.999780 159.089233 -6.796403
v -7.262206 158.649002 -5.314363
v -7.054113 158.123138 -3.974748
v -6.513843 157.793198 -2.699922
v 1.990909 172.736679 7.738019
v 2.080854 172.284439 7.738019
v 4.008550 171.900497 7.738026
v 3.172793 171.554855 7.738026
v 3.172791 172.133377 8.319708
v 2.337029 173.572891 7.738019
v 3.172790 173.918564 7.738020
v 3.172791 172.736679 8.335989
v 1.694035 172.123642 6.988688
v 2.040962 171.605057 6.988694
v 3.172797 171.135757 6.988696
v 1.572132 172.736679 6.988690
v 2.337031 171.900497 7.738022
v 4.773448 172.736679 6.988694
v 4.651545 172.123672 6.988696
v 4.264722 172.284500 7.738024
v 4.354667 172.736679 7.738024
v 4.304621 171.605057 6.988696
v 2.040961 173.868362 6.988686
v 3.172794 174.337692 6.988692
v 4.304611 173.868362 6.988692
v 4.008543 173.572891 7.738020
v -4.354413 172.736526 7.738688
v -4.264451 172.284286 7.738654
v -2.336758 171.900436 7.738085
v -3.172507 171.554703 7.738326
v -3.172367 172.276016 8.320024
v -3.172369 172.736557 8.336311
v -4.008321 173.572708 7.738591
v -3.172582 173.918472 7.738350
v -4.651497 172.123459 6.989439
v -4.304547 171.604904 6.989331
v -4.773422 172.736526 6.989483
v -4.008267 171.900406 7.738574
v -1.572101 172.736649 6.988543
v -1.693986 172.123581 6.988570
v -2.080594 172.284348 7.738013
v -1.990663 172.736588 7.737992
v -2.040892 171.604965 6.988669
v -3.172711 171.135544 6.988995
v -4.304621 173.868210 6.989357
v -2.040964 173.868271 6.988690
v -3.172812 174.337540 6.989028
v -2.336811 173.572800 7.738101
v -0.000004 157.589813 -4.386326
vt 0.591829 0.180619
vt 0.611440 0.189895
vt 0.592369 0.224161
vt 0.575956 0.220402
vt 0.561133 0.218534
vt 0.572826 0.175121
vt 0.608885 0.230141
vt 0.630966 0.201318
vt 0.648369 0.213902
vt 0.625480 0.237532
vt 0.641839 0.247301
vt 0.664387 0.227825
vt 0.678139 0.243191
vt 0.656508 0.259021
vt 0.578725 0.282368
vt 0.566123 0.282593
vt 0.578404 0.255271
vt 0.592169 0.257690
vt 0.554566 0.283234
vt 0.565075 0.253631
vt 0.670084 0.274376
vt 0.651007 0.286860
vt 0.637362 0.274857
vt 0.689581 0.311705
vt 0.669924 0.321034
vt 0.622521 0.267056
vt 0.607166 0.261705
vt 0.653536 0.328057
vt 0.634601 0.299303
vt 0.597674 0.124272
vt 0.619742 0.139241
vt 0.555389 0.172260
vt 0.573384 0.111393
vt 0.690992 0.261725
vt 0.711178 0.301949
vt 0.553080 0.252765
vt 0.541816 0.252540
vt 0.547620 0.217214
vt 0.689706 0.211972
vt 0.701600 0.230420
vt 0.675809 0.193802
vt 0.760113 0.314703
vt 0.755365 0.284128
vt 0.769388 0.278374
vt 0.780349 0.300863
vt 0.783466 0.272347
vt 0.794476 0.294473
vt 0.544933 0.283372
vt 0.809424 0.286795
vt 0.797720 0.264781
vt 0.811474 0.255847
vt 0.824030 0.278268
vt 0.843330 0.351500
vt 0.827882 0.358944
vt 0.812399 0.366649
vt 0.940024 0.321386
vt 0.922773 0.325738
vt 0.902094 0.225465
vt 0.919521 0.216244
vt 0.906045 0.329770
vt 0.885341 0.235596
vt 0.821260 0.151991
vt 0.870737 0.207799
vt 0.855183 0.220414
vt 0.809985 0.170356
vt 0.886880 0.195063
vt 0.903823 0.182666
vt 0.687898 0.136207
vt 0.676955 0.114482
vt 0.711194 0.111349
vt 0.716495 0.134439
vt 0.748199 0.115874
vt 0.747723 0.138418
vt 0.640579 0.156422
vt 0.839496 0.233394
vt 0.825384 0.245110
vt 0.790504 0.205687
vt 0.799340 0.189335
vt 0.782182 0.219078
vt 0.798419 0.372980
vt 0.659357 0.175032
vt 0.713110 0.250976
vt 0.869614 0.246665
vt 0.763526 0.234254
vt 0.750987 0.238340
vt 0.737610 0.242520
vt 0.847354 0.114775
vt 0.833799 0.133084
vt 0.693799 0.330858
vt 0.674441 0.339942
vt 0.728117 0.221766
vt 0.742443 0.219022
vt 0.755945 0.217708
vt 0.735608 0.200205
vt 0.752248 0.201355
vt 0.718995 0.202003
vt 0.774071 0.228671
vt 0.854024 0.258114
vt 0.838742 0.268713
vt 0.700900 0.062756
vt 0.705760 0.088498
vt 0.665161 0.092693
vt 0.653003 0.070453
vt 0.749968 0.092457
vt 0.731456 0.293600
vt 0.680578 0.472771
vt 0.697713 0.486730
vt 0.648692 0.526662
vt 0.638353 0.501009
vt 0.889338 0.334601
vt 0.872607 0.339148
vt 0.857583 0.343601
vt 0.709418 0.489603
vt 0.657384 0.538346
vt 0.666790 0.584303
vt 0.724556 0.491561
vt 0.719187 0.317784
vt 0.717318 0.353672
vt 0.693738 0.351751
vt 0.774861 0.352774
vt 0.717343 0.360089
vt 0.694237 0.370244
vt 0.498929 0.570834
vt 0.500318 0.557287
vt 0.527716 0.556880
vt 0.529015 0.569853
vt 0.555290 0.549841
vt 0.558814 0.564883
vt 0.555534 0.621026
vt 0.523342 0.624189
vt 0.528178 0.585677
vt 0.560712 0.580386
vt 0.588926 0.616307
vt 0.588984 0.572846
vt 0.709625 0.180990
vt 0.728764 0.178738
vt 0.723013 0.157453
vt 0.699288 0.158780
vt 0.748838 0.161534
vt 0.750266 0.183339
vt 0.774873 0.172707
vt 0.770781 0.191842
vt 0.780299 0.150825
vt 0.786004 0.129257
vt 0.793875 0.107719
vt 0.802989 0.085158
vt 0.767746 0.206885
vt 0.765894 0.217572
vt 0.752391 0.067074
vt 0.736771 0.309875
vt 0.586376 0.555496
vt 0.545574 0.099698
vt 0.538701 0.170492
vt 0.863253 0.095085
vt 0.921611 0.170105
vt 0.695490 0.034954
vt 0.639581 0.048046
vt 0.814071 0.060604
vt 0.755678 0.039540
vt 0.565670 0.313869
vt 0.555009 0.315676
vt 0.592624 0.282481
vt 0.577039 0.313108
vt 0.607015 0.284936
vt 0.621468 0.289796
vt 0.600694 0.316595
vt 0.588355 0.314026
vt 0.544371 0.318624
vt 0.626146 0.341410
vt 0.611810 0.323080
vt 0.628870 0.352492
vt 0.657697 0.345946
vt 0.536403 0.320568
vt 0.536239 0.283281
vt 0.529863 0.321397
vt 0.527727 0.282875
vt 0.523966 0.321312
vt 0.830679 0.383582
vt 0.812158 0.393044
vt 0.848466 0.371495
vt 0.870198 0.363446
vt 0.859025 0.359280
vt 0.906375 0.362739
vt 0.887813 0.365363
vt 0.794898 0.399649
vt 0.924016 0.357820
vt 0.941736 0.354091
vt 0.771476 0.390691
vt 0.958953 0.350912
vt 0.957168 0.316869
vt 0.579243 0.545964
vt 0.497413 0.585598
vt 0.561634 0.431631
vt 0.565797 0.442812
vt 0.553774 0.445814
vt 0.545718 0.439182
vt 0.529549 0.498886
vt 0.549529 0.500478
vt 0.544309 0.508816
vt 0.527063 0.504687
vt 0.562122 0.499495
vt 0.554772 0.511357
vt 0.515828 0.521720
vt 0.512046 0.511313
vt 0.535532 0.404549
vt 0.530081 0.404071
vt 0.530378 0.398501
vt 0.540999 0.404023
vt 0.543990 0.400191
vt 0.546995 0.402867
vt 0.541839 0.407492
vt 0.536405 0.406507
vt 0.539686 0.435972
vt 0.558641 0.425361
vt 0.520770 0.497652
vt 0.519039 0.502881
vt 0.512657 0.502130
vt 0.513461 0.496340
vt 0.505996 0.501528
vt 0.506631 0.495243
vt 0.525591 0.361494
vt 0.530831 0.363113
vt 0.525609 0.392904
vt 0.521520 0.391979
vt 0.545972 0.473274
vt 0.531043 0.475012
vt 0.523658 0.474886
vt 0.523414 0.397951
vt 0.520010 0.397398
vt 0.521748 0.401812
vt 0.518953 0.401640
vt 0.532543 0.348576
vt 0.533232 0.335547
vt 0.540473 0.338910
vt 0.539154 0.350424
vt 0.558743 0.467798
vt 0.603834 0.495070
vt 0.552889 0.471212
vt 0.527366 0.431090
vt 0.552835 0.414887
vt 0.552527 0.452401
vt 0.563045 0.463059
vt 0.533227 0.395077
vt 0.539223 0.367230
vt 0.527545 0.346932
vt 0.528450 0.334714
vt 0.596181 0.352760
vt 0.628736 0.366460
vt 0.594420 0.349050
vt 0.590496 0.341995
vt 0.586112 0.338673
vt 0.595264 0.356846
vt 0.624978 0.379934
vt 0.570117 0.368940
vt 0.567082 0.392760
vt 0.561355 0.387798
vt 0.565775 0.366774
vt 0.582188 0.369190
vt 0.582289 0.401718
vt 0.852307 0.826218
vt 0.901155 0.823765
vt 0.522831 0.457971
vt 0.516652 0.457732
vt 0.727674 0.728033
vt 0.732600 0.750838
vt 0.743750 0.771912
vt 0.528718 0.457918
vt 0.928743 0.814578
vt 0.517684 0.429378
vt 0.522238 0.429761
vt 0.978310 0.763444
vt 0.984135 0.745222
vt 0.967867 0.779709
vt 0.794607 0.812492
vt 0.545415 0.455560
vt 0.540069 0.456726
vt 0.780570 0.805596
vt 0.812447 0.819284
vt 0.549469 0.454039
vt 0.835381 0.824611
vt 0.557938 0.347587
vt 0.559145 0.355298
vt 0.587197 0.367076
vt 0.595053 0.407246
vt 0.617813 0.391588
vt 0.607678 0.401205
vt 0.591088 0.363707
vt 0.594082 0.359680
vt 0.513305 0.429158
vt 0.514027 0.421925
vt 0.517004 0.422036
vt 0.522867 0.417871
vt 0.530483 0.417761
vt 0.531088 0.415865
vt 0.518174 0.418062
vt 0.516029 0.474311
vt 0.550588 0.410785
vt 0.556211 0.382546
vt 0.610505 0.427191
vt 0.550761 0.376845
vt 0.609166 0.480801
vt 0.533894 0.406481
vt 0.636872 0.487306
vt 0.675963 0.464594
vt 0.636434 0.474302
vt 0.673128 0.455417
vt 0.644177 0.427910
vt 0.674002 0.414581
vt 0.594158 0.510871
vt 0.676427 0.379697
vt 0.658076 0.387075
vt 0.659499 0.365906
vt 0.676540 0.360147
vt 0.717602 0.370029
vt 0.695181 0.386513
vt 0.675595 0.397776
vt 0.706473 0.444468
vt 0.699159 0.444450
vt 0.699876 0.436248
vt 0.696744 0.401265
vt 0.719176 0.378193
vt 0.720895 0.419517
vt 0.724261 0.448145
vt 0.734797 0.446598
vt 0.745482 0.445336
vt 0.822686 0.497331
vt 0.796917 0.499684
vt 0.809877 0.426595
vt 0.832518 0.418088
vt 0.848863 0.495203
vt 0.859376 0.403691
vt 0.900237 0.485813
vt 0.875647 0.490279
vt 0.883932 0.409313
vt 0.904747 0.409804
vt 0.740513 0.496263
vt 0.758138 0.441263
vt 0.756937 0.498933
vt 0.773993 0.435938
vt 0.776240 0.498979
vt 0.791103 0.431491
vt 0.922119 0.480739
vt 0.924677 0.404479
vt 0.942292 0.476300
vt 0.942544 0.399563
vt 0.960252 0.473008
vt 0.959265 0.395642
vt 0.562802 0.364059
vt 0.560920 0.360853
vt 0.580609 0.336540
vt 0.574527 0.335448
vt 0.568274 0.336557
vt 0.563367 0.339465
vt 0.559818 0.343099
vt 0.730099 0.374824
vt 0.732033 0.369768
vt 0.734236 0.371949
vt 0.731661 0.376583
vt 0.733197 0.378548
vt 0.736144 0.374100
vt 0.743137 0.383382
vt 0.739859 0.386605
vt 0.721163 0.374827
vt 0.719944 0.367906
vt 0.724013 0.368769
vt 0.724681 0.372574
vt 0.746612 0.402261
vt 0.736310 0.411484
vt 0.733490 0.390607
vt 0.734158 0.347482
vt 0.738089 0.343378
vt 0.740444 0.346291
vt 0.736649 0.349765
vt 0.726398 0.388595
vt 0.726300 0.385505
vt 0.734332 0.362204
vt 0.725000 0.355546
vt 0.734469 0.350701
vt 0.745188 0.339226
vt 0.751693 0.332284
vt 0.756437 0.342406
vt 0.749301 0.348207
vt 0.751351 0.396060
vt 0.752858 0.414042
vt 0.745507 0.419408
vt 0.750813 0.352702
vt 0.758005 0.347675
vt 0.759937 0.353024
vt 0.751976 0.356720
vt 0.743260 0.335183
vt 0.736547 0.328827
vt 0.737449 0.321267
vt 0.744172 0.322873
vt 0.754704 0.389855
vt 0.762736 0.403836
vt 0.724197 0.360665
vt 0.733109 0.365682
vt 0.745691 0.379976
vt 0.729592 0.412569
vt 0.735549 0.423441
vt 0.736048 0.368079
vt 0.738545 0.370601
vt 0.729187 0.372672
vt 0.724555 0.364276
vt 0.759398 0.376143
vt 0.752353 0.360430
vt 0.731421 0.332823
vt 0.723488 0.330894
vt 0.747974 0.376568
vt 0.757088 0.383311
vt 0.744816 0.352181
vt 0.746076 0.355031
vt 0.746873 0.357631
vt 0.742952 0.359630
vt 0.740753 0.358077
vt 0.765823 0.344224
vt 0.765986 0.336564
vt 0.758545 0.328043
vt 0.767745 0.349600
vt 0.733059 0.348765
vt 0.743321 0.372176
vt 0.744587 0.369782
vt 0.740671 0.354343
vt 0.742216 0.356407
vt 0.743342 0.357913
vt 0.503909 0.522106
vt 0.504983 0.511517
vt 0.518957 0.528010
vt 0.521140 0.534779
vt 0.530686 0.532755
vt 0.652164 0.408313
vt 0.493460 0.624065
vt 0.534223 0.216371
vt 0.530721 0.252237
vt 0.938719 0.207793
vt 0.522732 0.333883
vt 0.511581 0.446434
vt 0.510496 0.457066
vt 0.986334 0.726680
vt 0.521574 0.345687
vt 0.520115 0.360523
vt 0.514421 0.417980
vt 0.508813 0.473668
vt 0.800037 0.573366
vt 0.770135 0.578780
vt 0.831292 0.566843
vt 0.742862 0.582614
vt 0.715832 0.584699
vt 0.689810 0.584481
vt 0.889754 0.562190
vt 0.860761 0.562362
vt 0.947783 0.515347
vt 0.928850 0.522959
vt 0.964996 0.508975
vt 0.566168 0.363768
vt 0.561705 0.359391
vt 0.560053 0.353320
vt 0.559297 0.354594
vt 0.559756 0.355741
vt 0.595289 0.356152
vt 0.595786 0.352956
vt 0.592845 0.346748
vt 0.588619 0.342092
vt 0.594642 0.349649
vt 0.561134 0.347944
vt 0.587001 0.367066
vt 0.582215 0.369024
vt 0.585590 0.366628
vt 0.582888 0.361703
vt 0.586165 0.359606
vt 0.590947 0.362934
vt 0.578669 0.368984
vt 0.578715 0.362134
vt 0.571854 0.367119
vt 0.570717 0.360387
vt 0.574227 0.362104
vt 0.569334 0.339353
vt 0.572877 0.345338
vt 0.569678 0.347080
vt 0.564349 0.343128
vt 0.575925 0.337846
vt 0.577035 0.343736
vt 0.582708 0.338564
vt 0.584937 0.345603
vt 0.581373 0.343913
vt 0.568157 0.357583
vt 0.566574 0.353663
vt 0.567559 0.350082
vt 0.573614 0.356941
vt 0.578402 0.356807
vt 0.572731 0.353340
vt 0.578189 0.352905
vt 0.583028 0.356348
vt 0.588303 0.356439
vt 0.583527 0.352518
vt 0.589373 0.352183
vt 0.582488 0.349167
vt 0.587726 0.348540
vt 0.577855 0.349336
vt 0.573064 0.350066
vt 0.594222 0.357944
vt 0.594964 0.352064
vt 0.590665 0.363734
vt 0.594138 0.359329
vt 0.595308 0.351621
vt 0.965232 0.572168
vt 0.948048 0.575383
vt 0.935632 0.541824
vt 0.953655 0.534821
vt 0.041827 0.703041
vt 0.054093 0.715383
vt 0.071162 0.725291
vt 0.091432 0.730920
vt 0.005666 0.660236
vt 0.015842 0.676371
vt 0.027869 0.690437
vt 0.000000 0.640107
vt 0.003302 0.621033
vt 0.090556 0.558113
vt 0.121103 0.547043
vt 0.931202 0.575551
vt 0.063219 0.569124
vt 0.036614 0.583590
vt 0.911667 0.570071
vt 0.107931 0.733530
vt 0.122043 0.736985
vt 0.981811 0.567825
vt 0.969655 0.530159
vt 0.135970 0.739449
vt 0.014728 0.602281
vt 0.961812 0.746439
vt 0.955975 0.766617
vt 0.886053 0.815393
vt 0.868593 0.812573
vt 0.815122 0.813852
vt 0.809018 0.799058
vt 0.802805 0.809015
vt 0.748584 0.734912
vt 0.754419 0.755626
vt 0.748473 0.711736
vt 0.948930 0.778949
vt 0.911452 0.805398
vt 0.786613 0.781894
vt 0.767433 0.775958
vt 0.901673 0.804536
vt 0.897345 0.722886
vt 0.897906 0.734987
vt 0.879234 0.731878
vt 0.880501 0.721907
vt 0.945579 0.748002
vt 0.761197 0.743407
vt 0.785028 0.760476
vt 0.767785 0.760755
vt 0.811428 0.781595
vt 0.860751 0.778912
vt 0.866795 0.794102
vt 0.824083 0.768236
vt 0.855174 0.728151
vt 0.852000 0.736899
vt 0.829264 0.726019
vt 0.831977 0.722680
vt 0.851931 0.764447
vt 0.875006 0.743058
vt 0.892347 0.750701
vt 0.817207 0.718087
vt 0.835221 0.751792
vt 0.894301 0.786924
vt 0.804583 0.750143
vt 0.815255 0.752041
vt 0.829398 0.762588
vt 0.932746 0.744734
vt 0.805926 0.717334
vt 0.773337 0.715070
vt 0.793484 0.716497
vt 0.856186 0.720438
vt 0.948157 0.725331
vt 0.965550 0.726081
vt 0.832019 0.719024
vt 0.760012 0.713281
vt 0.502491 0.536032
vt 0.503248 0.528601
vt 1.000000 0.613478
vt 0.516059 0.401540
vt 0.516515 0.396934
vt 0.913283 0.723787
vt 0.936248 0.724996
vt 0.517060 0.391428
vt 0.539334 0.415343
vt 0.484615 0.170115
vt 0.492495 0.212210
vt 0.475659 0.212706
vt 0.463574 0.175406
vt 0.504325 0.168411
vt 0.507402 0.213260
vt 0.458288 0.215359
vt 0.442196 0.182817
vt 0.440562 0.219379
vt 0.422669 0.191778
vt 0.422601 0.225778
vt 0.404230 0.202321
vt 0.405914 0.234416
vt 0.387721 0.214720
vt 0.477792 0.272427
vt 0.469370 0.245615
vt 0.483348 0.245923
vt 0.490115 0.275106
vt 0.496746 0.246912
vt 0.501329 0.277989
vt 0.421674 0.253645
vt 0.405949 0.262752
vt 0.389588 0.246827
vt 0.380798 0.292542
vt 0.363205 0.279605
vt 0.437758 0.248888
vt 0.453872 0.246631
vt 0.419674 0.278133
vt 0.395558 0.302612
vt 0.465236 0.124116
vt 0.489764 0.113713
vt 0.516060 0.105786
vt 0.521986 0.168989
vt 0.371456 0.230401
vt 0.343675 0.265941
vt 0.508683 0.248398
vt 0.520916 0.214593
vt 0.519777 0.250372
vt 0.367188 0.197653
vt 0.382482 0.181866
vt 0.399665 0.166744
vt 0.291592 0.269379
vt 0.276433 0.250493
vt 0.291411 0.231112
vt 0.303778 0.239856
vt 0.278918 0.222276
vt 0.263859 0.241546
vt 0.510753 0.280004
vt 0.250751 0.231156
vt 0.238147 0.219992
vt 0.254805 0.200589
vt 0.266494 0.212028
vt 0.218737 0.298045
vt 0.205082 0.287775
vt 0.232382 0.308554
vt 0.116472 0.239460
vt 0.156909 0.140825
vt 0.172150 0.153219
vt 0.132476 0.247083
vt 0.186553 0.166374
vt 0.148029 0.254296
vt 0.265471 0.097227
vt 0.272941 0.117387
vt 0.218989 0.157430
vt 0.206236 0.142076
vt 0.192927 0.126495
vt 0.178769 0.111094
vt 0.399043 0.107886
vt 0.371389 0.100571
vt 0.381043 0.078969
vt 0.413964 0.088706
vt 0.340054 0.098359
vt 0.343948 0.076182
vt 0.441480 0.136924
vt 0.285123 0.155769
vt 0.243307 0.187374
vt 0.231797 0.173172
vt 0.279666 0.138036
vt 0.290644 0.170515
vt 0.244822 0.317399
vt 0.419455 0.151530
vt 0.351816 0.215595
vt 0.199768 0.180249
vt 0.305895 0.189120
vt 0.317327 0.195677
vt 0.329542 0.202483
vt 0.247135 0.055771
vt 0.256858 0.076301
vt 0.372793 0.310194
vt 0.355487 0.297534
vt 0.329488 0.178425
vt 0.342944 0.183965
vt 0.316556 0.174433
vt 0.323377 0.159139
vt 0.339869 0.161316
vt 0.355762 0.166356
vt 0.296691 0.181522
vt 0.225637 0.207798
vt 0.212772 0.194468
vt 0.429717 0.069623
vt 0.390768 0.057626
vt 0.400470 0.033342
vt 0.445898 0.050161
vt 0.346733 0.052905
vt 0.325161 0.254027
vt 0.340721 0.438908
vt 0.376405 0.474866
vt 0.361096 0.497859
vt 0.321100 0.449069
vt 0.163411 0.262284
vt 0.192687 0.277282
vt 0.178872 0.270000
vt 0.350223 0.507544
vt 0.309054 0.449508
vt 0.331735 0.550559
vt 0.293835 0.448362
vt 0.332729 0.279855
vt 0.328745 0.315445
vt 0.351751 0.318075
vt 0.265102 0.321517
vt 0.327449 0.321796
vt 0.347749 0.336138
vt 0.469652 0.563894
vt 0.473558 0.551454
vt 0.441462 0.553111
vt 0.447963 0.539094
vt 0.433273 0.608694
vt 0.436457 0.567897
vt 0.467259 0.579553
vt 0.464165 0.618218
vt 0.401519 0.597411
vt 0.410285 0.554896
vt 0.350766 0.141606
vt 0.369051 0.147575
vt 0.360542 0.121860
vt 0.383505 0.127806
vt 0.334478 0.120788
vt 0.328837 0.141874
vt 0.306836 0.126598
vt 0.307114 0.146138
vt 0.305775 0.104115
vt 0.304366 0.081892
vt 0.300822 0.059285
vt 0.296247 0.035447
vt 0.307145 0.161469
vt 0.306860 0.172304
vt 0.349239 0.027583
vt 0.316398 0.269236
vt 0.416351 0.538451
vt 0.235380 0.033450
vt 0.163810 0.095376
vt 0.411085 0.007147
vt 0.463332 0.030766
vt 0.290121 0.009292
vt 0.351297 0.000000
vt 0.494612 0.309712
vt 0.484503 0.305858
vt 0.473499 0.302892
vt 0.464130 0.269829
vt 0.449531 0.269430
vt 0.462219 0.301584
vt 0.449616 0.301694
vt 0.434404 0.271377
vt 0.504474 0.314682
vt 0.437456 0.305880
vt 0.419855 0.321044
vt 0.415046 0.331372
vt 0.388058 0.319333
vt 0.511911 0.318148
vt 0.519299 0.281611
vt 0.518164 0.320241
vt 0.211252 0.321585
vt 0.227576 0.334413
vt 0.196188 0.306312
vt 0.188236 0.292315
vt 0.176504 0.294204
vt 0.158912 0.292623
vt 0.141287 0.286413
vt 0.243275 0.344155
vt 0.125014 0.278140
vt 0.108436 0.271017
vt 0.268193 0.339397
vt 0.092247 0.264527
vt 0.100608 0.231699
vt 0.425268 0.530546
vt 0.465469 0.422098
vt 0.479584 0.432646
vt 0.470407 0.437530
vt 0.459186 0.432218
vt 0.483443 0.494276
vt 0.484718 0.500453
vt 0.466986 0.501089
vt 0.463542 0.491889
vt 0.456225 0.501511
vt 0.451396 0.488441
vt 0.498104 0.509919
vt 0.492307 0.519368
vt 0.496374 0.400661
vt 0.491115 0.399074
vt 0.502615 0.395748
vt 0.501811 0.401267
vt 0.489612 0.402310
vt 0.485463 0.396766
vt 0.488935 0.394732
vt 0.495132 0.402408
vt 0.469641 0.416545
vt 0.486120 0.430684
vt 0.492293 0.494804
vt 0.499718 0.494966
vt 0.499347 0.500798
vt 0.492943 0.500271
vt 0.514555 0.360401
vt 0.512578 0.391094
vt 0.508387 0.391198
vt 0.509099 0.360960
vt 0.472463 0.465942
vt 0.486755 0.470591
vt 0.494020 0.471927
vt 0.509551 0.396576
vt 0.512997 0.396703
vt 0.510427 0.400689
vt 0.513201 0.401069
vt 0.504357 0.335335
vt 0.512112 0.333457
vt 0.510253 0.346369
vt 0.503410 0.346883
vt 0.461041 0.458042
vt 0.466095 0.462550
vt 0.411420 0.475886
vt 0.477382 0.407407
vt 0.499139 0.428291
vt 0.470233 0.444175
vt 0.457778 0.452544
vt 0.500492 0.391831
vt 0.500065 0.363352
vt 0.515475 0.345737
vt 0.516964 0.333578
vt 0.447035 0.338026
vt 0.412474 0.345090
vt 0.449481 0.334734
vt 0.454700 0.328584
vt 0.459645 0.326182
vt 0.447139 0.342209
vt 0.413536 0.359029
vt 0.469441 0.358980
vt 0.474122 0.357705
vt 0.474342 0.379183
vt 0.467757 0.382927
vt 0.457557 0.356864
vt 0.451101 0.388733
vt 0.866340 0.613745
vt 0.913354 0.621891
vt 0.498224 0.455519
vt 0.740413 0.668745
vt 0.731428 0.689783
vt 0.504330 0.456502
vt 0.492460 0.454304
vt 0.754519 0.650429
vt 0.939159 0.633898
vt 0.982190 0.689429
vt 0.504428 0.427994
vt 0.508969 0.428513
vt 0.986063 0.708050
vt 0.973612 0.672331
vt 0.809177 0.619467
vt 0.794816 0.623962
vt 0.481561 0.450902
vt 0.476546 0.448711
vt 0.827077 0.615451
vt 0.472858 0.446435
vt 0.475023 0.443090
vt 0.485546 0.340421
vt 0.482861 0.347747
vt 0.453059 0.353813
vt 0.437513 0.391647
vt 0.449900 0.349751
vt 0.426327 0.383253
vt 0.418280 0.371848
vt 0.447748 0.345218
vt 0.511086 0.421448
vt 0.506162 0.416212
vt 0.498718 0.414606
vt 0.498500 0.412630
vt 0.510725 0.417322
vt 0.501613 0.472871
vt 0.480389 0.403826
vt 0.480414 0.375041
vt 0.418450 0.408150
vt 0.486874 0.370520
vt 0.409046 0.460877
vt 0.497599 0.402877
vt 0.346887 0.431853
vt 0.380609 0.461771
vt 0.383646 0.449147
vt 0.351507 0.423466
vt 0.385334 0.402258
vt 0.358800 0.383407
vt 0.417726 0.493258
vt 0.363265 0.348801
vt 0.366921 0.329610
vt 0.382466 0.338551
vt 0.379755 0.359572
vt 0.325189 0.331546
vt 0.343642 0.351896
vt 0.360546 0.366663
vt 0.321066 0.406196
vt 0.328235 0.407644
vt 0.329199 0.399538
vt 0.339199 0.366015
vt 0.321965 0.339248
vt 0.312056 0.379351
vt 0.292881 0.402303
vt 0.302855 0.406023
vt 0.282656 0.398876
vt 0.196614 0.434358
vt 0.202726 0.354959
vt 0.223247 0.367705
vt 0.221362 0.441786
vt 0.171425 0.427076
vt 0.179252 0.335630
vt 0.123053 0.407687
vt 0.133670 0.332651
vt 0.154118 0.336284
vt 0.146205 0.416944
vt 0.277266 0.449736
vt 0.271061 0.392321
vt 0.260649 0.449044
vt 0.256585 0.383923
vt 0.241745 0.445223
vt 0.240685 0.376181
vt 0.102678 0.398373
vt 0.115240 0.323513
vt 0.083854 0.390017
vt 0.098755 0.315179
vt 0.066971 0.383215
vt 0.083200 0.308039
vt 0.477567 0.355624
vt 0.480038 0.352848
vt 0.465457 0.325164
vt 0.471635 0.325280
vt 0.477553 0.327588
vt 0.481800 0.331397
vt 0.484575 0.335653
vt 0.312289 0.333919
vt 0.310411 0.335334
vt 0.308978 0.330345
vt 0.311526 0.328615
vt 0.308505 0.336948
vt 0.300242 0.343403
vt 0.297812 0.339694
vt 0.306692 0.332092
vt 0.320792 0.335590
vt 0.317905 0.332724
vt 0.319332 0.329131
vt 0.323389 0.329036
vt 0.290056 0.356599
vt 0.305550 0.348514
vt 0.298284 0.367491
vt 0.313668 0.305177
vt 0.311447 0.307845
vt 0.308104 0.303746
vt 0.310469 0.300978
vt 0.313560 0.345010
vt 0.312784 0.347989
vt 0.304332 0.296089
vt 0.299686 0.304625
vt 0.293365 0.298136
vt 0.298477 0.288936
vt 0.286683 0.349638
vt 0.287853 0.373368
vt 0.281672 0.366577
vt 0.297789 0.308957
vt 0.296059 0.312802
vt 0.289666 0.308506
vt 0.291762 0.303318
vt 0.306462 0.292143
vt 0.300975 0.284958
vt 0.313364 0.278625
vt 0.313500 0.286671
vt 0.274029 0.354411
vt 0.284683 0.342965
vt 0.320757 0.321166
vt 0.311388 0.324406
vt 0.310988 0.320748
vt 0.313671 0.309220
vt 0.296186 0.335988
vt 0.310092 0.371174
vt 0.296989 0.379314
vt 0.308115 0.326237
vt 0.305200 0.328270
vt 0.313608 0.331990
vt 0.319714 0.324633
vt 0.294146 0.328628
vt 0.287436 0.313655
vt 0.326348 0.291843
vt 0.318172 0.291632
vt 0.294936 0.332380
vt 0.283695 0.336221
vt 0.303387 0.309122
vt 0.301764 0.311780
vt 0.300582 0.314218
vt 0.303587 0.316814
vt 0.305985 0.315604
vt 0.284798 0.299712
vt 0.284231 0.292232
vt 0.291814 0.283793
vt 0.282950 0.304800
vt 0.317198 0.302810
vt 0.314953 0.306883
vt 0.299760 0.316922
vt 0.300200 0.328982
vt 0.306904 0.311882
vt 0.305018 0.313715
vt 0.303636 0.315048
vt 0.487975 0.524911
vt 0.484469 0.531110
vt 0.475523 0.527237
vt 0.381382 0.381518
vt 0.277896 0.307188
vt 0.139788 0.128844
vt 0.203503 0.513160
vt 0.231668 0.524439
vt 0.174244 0.500537
vt 0.257586 0.533652
vt 0.283626 0.541111
vt 0.309151 0.546118
vt 0.146330 0.490269
vt 0.118025 0.484302
vt 0.070713 0.426978
vt 0.087680 0.438198
vt 0.055181 0.417305
vt 0.474327 0.354678
vt 0.479556 0.351258
vt 0.482358 0.345626
vt 0.482850 0.347026
vt 0.482176 0.348062
vt 0.447249 0.341525
vt 0.447382 0.338296
vt 0.456526 0.329041
vt 0.451473 0.332783
vt 0.449147 0.335276
vt 0.482344 0.340142
vt 0.453252 0.353843
vt 0.457563 0.356697
vt 0.454721 0.353694
vt 0.450186 0.349026
vt 0.455524 0.346697
vt 0.458329 0.349393
vt 0.461050 0.357355
vt 0.462338 0.350629
vt 0.468097 0.356855
vt 0.466746 0.351474
vt 0.470523 0.350475
vt 0.475975 0.330117
vt 0.480128 0.334791
vt 0.474133 0.337626
vt 0.471335 0.335294
vt 0.469803 0.327353
vt 0.467568 0.332912
vt 0.463010 0.326734
vt 0.463278 0.332240
vt 0.459453 0.333203
vt 0.473580 0.348224
vt 0.475895 0.344687
vt 0.475627 0.340983
vt 0.468352 0.346530
vt 0.463682 0.345466
vt 0.464651 0.341680
vt 0.469920 0.343170
vt 0.459234 0.344113
vt 0.454043 0.343174
vt 0.459490 0.340260
vt 0.453822 0.338792
vt 0.461162 0.337175
vt 0.456146 0.335539
vt 0.465673 0.338244
vt 0.470230 0.339894
vt 0.447945 0.343495
vt 0.448361 0.337583
vt 0.450309 0.349860
vt 0.447760 0.344863
vt 0.448110 0.337080
vt 0.042276 0.478883
vt 0.061082 0.444782
vt 0.077278 0.455238
vt 0.058412 0.485480
vt 0.235615 0.724017
vt 0.221027 0.733379
vt 0.202262 0.739400
vt 0.181276 0.740596
vt 0.266627 0.703812
vt 0.279955 0.690477
vt 0.251906 0.714802
vt 0.289673 0.672419
vt 0.290471 0.653589
vt 0.220669 0.577939
vt 0.194949 0.562740
vt 0.074835 0.489030
vt 0.095024 0.487602
vt 0.266196 0.611610
vt 0.243939 0.593070
vt 0.164608 0.739639
vt 0.150093 0.740010
vt 0.026963 0.471300
vt 0.046396 0.437013
vt 0.283371 0.633505
vt 0.964108 0.705455
vt 0.960594 0.684790
vt 0.897785 0.628727
vt 0.879935 0.629833
vt 0.828663 0.621312
vt 0.819807 0.636021
vt 0.816211 0.624288
vt 0.752453 0.688890
vt 0.761508 0.669442
vt 0.955020 0.671706
vt 0.921364 0.641604
vt 0.795844 0.649633
vt 0.777176 0.651609
vt 0.911316 0.641731
vt 0.880409 0.711858
vt 0.899335 0.710944
vt 0.948124 0.702525
vt 0.765665 0.683698
vt 0.774772 0.667331
vt 0.790884 0.671497
vt 0.819630 0.653949
vt 0.867872 0.662867
vt 0.830295 0.668953
vt 0.875821 0.648351
vt 0.830072 0.711743
vt 0.853942 0.703609
vt 0.856066 0.712664
vt 0.832385 0.715390
vt 0.877538 0.700268
vt 0.857332 0.676217
vt 0.895649 0.694692
vt 0.839183 0.686749
vt 0.902078 0.658852
vt 0.808665 0.684499
vt 0.834805 0.675266
vt 0.819445 0.683990
vt 0.935042 0.705029
vt 0.164189 0.546701
vt 0.490520 0.410497
vt 0.094603 0.027794
vt 0.056238 0.029838
vt 0.056238 0.021672
vt 0.097763 0.021672
vt 0.056238 0.037669
vt 0.085602 0.032990
vt 0.017874 0.027792
vt 0.014714 0.021672
vt 0.026874 0.032990
vt 0.056238 0.005674
vt 0.085602 0.010353
vt 0.026874 0.010353
vt 0.112476 0.021672
vt 0.108193 0.029970
vt 0.096004 0.036989
vt 0.056238 0.043342
vt 0.000000 0.021672
vt 0.004283 0.029970
vt 0.016472 0.036989
vt 0.096004 0.006354
vt 0.056238 0.000001
vt 0.016472 0.006354
vt 0.207740 0.027721
vt 0.169469 0.027833
vt 0.169469 0.021615
vt 0.210893 0.021615
vt 0.169474 0.037571
vt 0.198762 0.032904
vt 0.131209 0.027720
vt 0.128058 0.021614
vt 0.140186 0.032903
vt 0.169477 0.005658
vt 0.198764 0.010326
vt 0.140188 0.010325
vt 0.225576 0.021615
vt 0.221304 0.029892
vt 0.209145 0.036893
vt 0.169481 0.043230
vt 0.113390 0.021614
vt 0.117661 0.029890
vt 0.129818 0.036892
vt 0.209148 0.006337
vt 0.169485 0.000000
vt 0.129820 0.006336
vt 0.146635 0.640329
vt 0.693284 0.637435
vt 0.727836 0.633804
vt 0.760817 0.629987
vt 0.792945 0.622341
vt 0.826157 0.614217
vt 0.853593 0.613115
vt 0.879953 0.614300
vt 0.909498 0.618007
vt 0.936044 0.621500
vt 0.958576 0.622158
vt 0.979689 0.619097
vt 0.000000 0.512196
vt 0.018700 0.521780
vt 0.038702 0.529022
vt 0.060843 0.532913
vt 0.087480 0.534836
vt 0.117098 0.537139
vt 0.143098 0.541260
vt 0.169695 0.547826
vt 0.200529 0.562416
vt 0.230406 0.576332
vt 0.261903 0.586688
vt 0.294991 0.597178
vt 0.328316 0.604884
vt 0.366115 0.615109
vt 0.405255 0.629675
vt 0.434927 0.642467
vt 0.462915 0.648701
vt 0.490481 0.653000
vt 0.518355 0.654311
vt 0.547035 0.653809
vt 0.578695 0.647208
vt 0.619985 0.640754
vt 0.659078 0.638297
vt 0.728284 0.708718
vt 0.506332 0.445760
vt 0.474679 0.442035
vt 0.849742 0.613308
vt 0.507097 0.440449
vt 0.502094 0.439955
vt 0.485358 0.439053
vt 0.479860 0.439505
vt 0.497258 0.439703
vt 0.512101 0.441066
vt 0.483983 0.444065
vt 0.480494 0.443697
vt 0.494286 0.444742
vt 0.477283 0.443455
vt 0.500199 0.445214
vt 0.517135 0.441445
vt 0.538794 0.444309
vt 0.526956 0.442614
vt 0.516853 0.446814
vt 0.545535 0.449947
vt 0.542546 0.449893
vt 0.528848 0.448190
vt 0.539079 0.449576
vt 0.547987 0.450286
vt 0.522135 0.441934
vt 0.548710 0.449414
vt 0.522981 0.447473
vt 0.544102 0.445820
vn -0.433339 0.829308 0.352797
vn -0.588869 0.739701 0.325692
vn -0.584929 0.611566 0.532771
vn -0.442895 0.676188 0.588740
vn -0.296790 0.712696 0.635595
vn -0.291552 0.879131 0.376996
vn -0.724263 0.506663 0.467692
vn -0.733174 0.616021 0.288052
vn -0.843294 0.473440 0.254381
vn -0.838657 0.369418 0.400231
vn -0.910233 0.228403 0.345409
vn -0.923193 0.312670 0.223499
vn -0.968317 0.156216 0.194828
vn -0.947398 0.110997 0.300195
vn -0.552439 0.228163 0.801718
vn -0.432795 0.226451 0.872587
vn -0.538601 0.425503 0.727225
vn -0.674664 0.370141 0.638611
vn -0.307035 0.221895 0.925469
vn -0.406791 0.453612 0.792943
vn -0.968862 0.009457 0.247421
vn -0.947356 -0.001074 0.320180
vn -0.923106 0.073972 0.377363
vn -0.976785 -0.035374 0.211284
vn -0.958401 -0.023672 0.284441
vn -0.886964 0.155129 0.435006
vn -0.808621 0.263180 0.526182
vn -0.946840 -0.008493 0.321593
vn -0.938081 0.015807 0.346055
vn -0.283173 0.950069 0.131084
vn -0.420221 0.898473 0.127124
vn -0.160510 0.903872 0.396549
vn -0.151539 0.979107 0.135592
vn -0.986884 0.023605 0.159696
vn -0.989885 -0.033127 0.137953
vn -0.263192 0.471807 0.841503
vn -0.150706 0.473290 0.867920
vn -0.163831 0.728305 0.665380
vn -0.927733 0.363855 0.083191
vn -0.979547 0.188687 0.069895
vn -0.839446 0.534803 0.096524
vn -0.879350 0.086709 -0.468216
vn -0.997179 -0.027967 -0.069657
vn -0.985832 -0.039829 -0.162940
vn -0.940477 -0.156791 -0.301530
vn -0.965466 -0.043493 -0.256871
vn -0.920353 -0.228021 -0.317737
vn -0.192102 0.221288 0.956101
vn -0.862651 -0.240242 -0.445104
vn -0.913587 -0.034286 -0.405196
vn -0.856233 -0.017683 -0.516287
vn -0.791672 -0.246878 -0.558843
vn -0.767714 -0.307730 -0.562066
vn -0.838575 -0.300204 -0.454609
vn -0.898064 -0.288047 -0.332432
vn -0.093932 -0.299575 -0.949438
vn -0.198905 -0.298055 -0.933595
vn -0.211187 -0.223303 -0.951597
vn -0.105318 -0.227215 -0.968133
vn -0.324914 -0.298343 -0.897453
vn -0.335104 -0.223110 -0.915384
vn -0.379031 0.307847 -0.872678
vn -0.370344 0.150134 -0.916681
vn -0.503558 0.115367 -0.856224
vn -0.517528 0.265900 -0.813303
vn -0.248808 0.170932 -0.953350
vn -0.132123 0.182426 -0.974302
vn -0.569658 0.819116 -0.067374
vn -0.417401 0.905199 -0.079945
vn -0.419267 0.836953 -0.351745
vn -0.566145 0.759647 -0.320025
vn -0.413480 0.719928 -0.557439
vn -0.558205 0.653113 -0.511714
vn -0.576199 0.808518 0.119555
vn -0.617124 0.077531 -0.783037
vn -0.747869 0.027879 -0.663260
vn -0.769306 0.150734 -0.620844
vn -0.641911 0.217457 -0.735298
vn -0.866715 0.073860 -0.493305
vn -0.888370 -0.321439 -0.327835
vn -0.726440 0.678606 0.108533
vn -0.998032 0.035762 0.051509
vn -0.461593 -0.229468 -0.856899
vn -0.972732 0.013104 -0.231560
vn -0.988070 0.022733 -0.152317
vn -0.998454 0.032691 -0.044946
vn -0.133493 0.350246 -0.927096
vn -0.255146 0.334343 -0.907257
vn -0.986225 -0.052366 0.156899
vn -0.972126 -0.011107 0.234198
vn -0.981566 0.188706 -0.030299
vn -0.974032 0.169660 -0.149924
vn -0.957326 0.157558 -0.242287
vn -0.927547 0.329607 -0.176115
vn -0.901835 0.291446 -0.318987
vn -0.931459 0.362943 -0.025624
vn -0.922687 0.029680 -0.384407
vn -0.562674 -0.236281 -0.792192
vn -0.683953 -0.245512 -0.686974
vn -0.141244 0.907325 -0.395994
vn -0.281735 0.883436 -0.374388
vn -0.282533 0.955091 -0.089309
vn -0.146446 0.984215 -0.099367
vn -0.275338 0.758232 -0.590994
vn -0.999146 -0.020294 0.035989
vn -0.861621 -0.499752 -0.088648
vn -0.860913 -0.496258 -0.112064
vn -0.788926 -0.605903 0.102365
vn -0.774992 -0.630665 0.040601
vn -0.447963 -0.299088 -0.842541
vn -0.546018 -0.300484 -0.782032
vn -0.668127 -0.306599 -0.677941
vn -0.935713 -0.237402 0.260926
vn -0.828720 -0.243935 0.503705
vn -0.732295 -0.079144 0.676373
vn -0.905746 -0.096161 0.412767
vn -0.982773 -0.020592 0.183668
vn -0.984084 -0.076934 0.160185
vn -0.989047 -0.038154 0.142584
vn -0.695490 -0.234924 -0.679047
vn -0.994344 -0.047853 0.094816
vn -0.988125 -0.067589 0.137986
vn 0.000002 -0.420683 0.907208
vn -0.000032 -0.920503 0.390736
vn -0.242031 -0.908244 0.341340
vn -0.338230 -0.518519 0.785327
vn -0.512501 -0.849217 0.127177
vn -0.544667 -0.594224 0.591807
vn -0.522784 -0.162664 0.836802
vn -0.389871 -0.226362 0.892615
vn -0.412725 -0.257572 0.873679
vn -0.573555 -0.276073 0.771245
vn -0.577030 -0.070896 0.813640
vn -0.683443 -0.258420 0.682733
vn -0.837697 0.545176 -0.032362
vn -0.825364 0.514556 -0.232391
vn -0.701015 0.654479 -0.283259
vn -0.717999 0.694187 -0.050802
vn -0.689511 0.555467 -0.464791
vn -0.807481 0.430665 -0.403114
vn -0.677839 0.420886 -0.602818
vn -0.789353 0.329163 -0.518241
vn -0.541462 0.495630 -0.679095
vn -0.396325 0.549042 -0.735853
vn -0.264489 0.576695 -0.772961
vn -0.133429 0.594092 -0.793254
vn -0.872565 0.230490 -0.430703
vn -0.921602 0.153646 -0.356429
vn -0.136237 0.779268 -0.611703
vn -0.971487 0.234288 0.036375
vn -0.714615 -0.631903 0.300041
vn -0.000000 0.990047 0.140738
vn -0.000000 0.914662 0.404219
vn 0.000000 0.356424 -0.934324
vn 0.000000 0.187801 -0.982207
vn 0.000000 0.914584 -0.404397
vn -0.000000 0.994699 -0.102833
vn 0.000000 0.598317 -0.801260
vn 0.000000 0.785276 -0.619146
vn -0.426215 -0.118261 0.896858
vn -0.341336 -0.178670 0.922804
vn -0.704606 0.202505 0.680089
vn -0.556607 -0.055593 0.828914
vn -0.826435 0.155153 0.541233
vn -0.896562 0.099739 0.431543
vn -0.825096 -0.035510 0.563876
vn -0.713733 -0.041448 0.699191
vn -0.292958 -0.174122 0.940137
vn -0.904799 -0.074772 0.419223
vn -0.885796 -0.079377 0.457237
vn -0.891609 0.015455 0.452542
vn -0.951023 0.020774 0.308421
vn -0.185112 -0.057492 0.981034
vn -0.116487 0.213529 0.969967
vn -0.098073 -0.009649 0.995133
vn 0.000001 0.208524 0.978017
vn 0.000000 -0.005761 0.999983
vn -0.835998 -0.223922 -0.500966
vn -0.909710 -0.209271 -0.358654
vn -0.780663 -0.230962 -0.580708
vn -0.589576 -0.240788 -0.770987
vn -0.702569 -0.249989 -0.666260
vn -0.351029 -0.259916 -0.899568
vn -0.478109 -0.254582 -0.840595
vn -0.915948 -0.259272 -0.306297
vn -0.209526 -0.263368 -0.941667
vn -0.104695 -0.256895 -0.960752
vn -0.657868 -0.473388 -0.585759
vn -0.000008 -0.251153 -0.967947
vn -0.000008 -0.300974 -0.953632
vn -0.645815 -0.757839 0.092756
vn 0.000003 -0.258978 0.965883
vn -0.658996 -0.090659 0.746662
vn -0.741780 -0.225277 0.631675
vn -0.413220 -0.467021 0.781755
vn -0.496333 -0.409805 0.765319
vn -0.611975 -0.317050 0.724546
vn -0.688632 -0.328893 0.646232
vn -0.517366 -0.843717 0.143085
vn -0.447378 -0.868888 0.211863
vn -0.774476 -0.386674 0.500669
vn -0.577938 -0.804839 0.134991
vn -0.291694 -0.956334 -0.018450
vn -0.231882 -0.968250 0.093393
vn 0.587503 -0.807986 -0.044722
vn -0.875724 -0.482812 0.000209
vn -0.414556 -0.888064 0.198709
vn -0.298089 -0.835495 0.461619
vn -0.843597 0.154785 0.514185
vn -0.872244 -0.068919 0.484191
vn -0.553400 -0.407240 0.726570
vn 0.144022 -0.141399 0.979420
vn -0.489882 -0.272368 0.828150
vn -0.534598 0.033785 0.844431
vn -0.398487 -0.325658 0.857412
vn -0.263939 -0.869823 0.416826
vn -0.120832 -0.893958 0.431554
vn -0.197718 -0.346260 0.917067
vn 0.000005 -0.893434 0.449194
vn 0.000022 -0.352823 0.935690
vn -0.444674 0.412732 0.794932
vn -0.763452 0.311681 0.565683
vn -0.756034 0.213361 0.618781
vn -0.432970 0.297358 0.850949
vn -0.643411 -0.248882 0.723933
vn -0.578929 -0.252665 0.775243
vn -0.381276 -0.275836 0.882351
vn -0.625323 -0.669401 0.401091
vn -0.356776 -0.548553 0.756175
vn -0.803378 -0.520949 0.288436
vn -0.249314 -0.772875 0.583529
vn -0.762915 0.206738 0.612552
vn -0.410945 -0.347815 0.842704
vn -0.564432 -0.510772 0.648482
vn -0.859481 0.037880 0.509762
vn -0.743417 -0.308639 0.593358
vn -0.788962 -0.478647 0.385273
vn -0.736240 -0.256244 0.626331
vn -0.465794 -0.269502 0.842855
vn -0.496288 0.064049 0.865792
vn -0.333805 -0.265324 0.904531
vn -0.751847 -0.306636 0.583695
vn -0.840294 0.170914 0.514485
vn -0.809852 0.305432 0.500850
vn -0.440557 0.326020 0.836433
vn -0.233963 -0.174855 0.956393
vn -0.695257 -0.023551 0.718376
vn -0.889231 0.026486 0.456692
vn -0.651632 -0.377581 0.657882
vn -0.563444 -0.541617 0.623845
vn -0.443708 -0.743636 0.500128
vn -0.678864 0.066895 0.731210
vn -0.873895 -0.065911 0.481625
vn -0.408773 0.512169 0.755372
vn -0.371453 0.087880 0.924283
vn -0.568767 0.130073 0.812148
vn -0.528826 0.793578 0.300960
vn -0.438964 0.201331 0.875658
vn -0.478900 0.027898 0.877426
vn 0.923980 0.140341 -0.355761
vn 0.714492 -0.526738 -0.460488
vn -0.327031 -0.011758 0.944940
vn -0.163887 -0.025869 0.986140
vn 0.055154 0.972112 -0.227940
vn 0.129095 0.967416 -0.217812
vn 0.313283 0.933520 -0.174337
vn -0.522049 -0.002472 0.852912
vn 0.435508 -0.709570 -0.553934
vn -0.189033 -0.634870 0.749137
vn -0.360737 -0.376125 0.853463
vn 0.042292 -0.856036 -0.515184
vn -0.027770 -0.803642 -0.594465
vn 0.268469 -0.874693 -0.403530
vn 0.220706 0.906534 -0.359841
vn -0.586796 0.091063 0.804598
vn -0.578858 0.050658 0.813854
vn 0.472397 0.828010 -0.302060
vn 0.455054 0.871142 -0.184491
vn -0.542662 0.154893 0.825546
vn 0.843745 0.373335 -0.385637
vn -0.716576 -0.574269 0.395896
vn -0.859541 0.061550 0.507347
vn -0.559277 0.024947 0.828605
vn -0.684409 -0.078173 0.724895
vn -0.832760 -0.127665 0.538713
vn -0.782160 -0.113083 0.612730
vn -0.605040 0.009886 0.796134
vn -0.651630 0.032975 0.757820
vn 0.000000 -0.800497 0.599337
vn -0.000000 0.179043 0.983841
vn 0.084430 0.147812 0.985405
vn -0.480457 -0.299695 0.824223
vn -0.562152 -0.084274 0.822729
vn -0.781716 -0.221565 0.582949
vn -0.153458 -0.578965 0.800781
vn -0.192978 -0.291645 0.936858
vn -0.670927 -0.044867 0.740165
vn -0.697013 0.224913 0.680873
vn -0.810986 -0.206135 0.547549
vn -0.754379 0.329276 0.567882
vn -0.816110 -0.301741 0.492866
vn -0.906983 -0.017431 0.420806
vn -0.865466 -0.462774 0.191856
vn -0.927636 -0.362300 0.090718
vn -0.900762 -0.253901 0.352366
vn -0.955329 -0.207880 0.210078
vn -0.906253 -0.208909 0.367507
vn -0.964759 -0.177163 0.194558
vn -0.654291 -0.745434 0.127402
vn -0.978626 -0.084141 0.187649
vn -0.947610 -0.108877 0.300300
vn -0.955873 -0.004910 0.293738
vn -0.978364 -0.021822 0.205737
vn -0.988040 -0.090107 0.125129
vn -0.984088 -0.117641 0.133159
vn -0.972089 -0.144071 0.185168
vn -0.924170 -0.338869 -0.176287
vn -0.968351 -0.249073 -0.016118
vn -0.979930 -0.185502 0.072977
vn -0.979606 -0.184459 0.079674
vn -0.980924 -0.174669 0.085317
vn -0.969023 -0.246966 0.001145
vn -0.904988 -0.365597 -0.217566
vn -0.947395 -0.311768 -0.072417
vn -0.974594 -0.195258 0.109735
vn -0.919632 0.020203 -0.392261
vn -0.972476 -0.010232 -0.232778
vn -0.931246 -0.112754 -0.346508
vn -0.865206 -0.108944 -0.489438
vn -0.784548 0.043831 -0.618517
vn -0.715310 -0.135646 -0.685516
vn -0.349541 0.024805 -0.936593
vn -0.552572 0.043774 -0.832315
vn -0.516467 -0.135350 -0.845543
vn -0.369836 -0.134930 -0.919247
vn -0.953824 -0.055002 0.295289
vn -0.984976 -0.162093 0.059567
vn -0.997318 -0.068237 0.026478
vn -0.973970 -0.153068 -0.167189
vn -0.990881 -0.050670 -0.124850
vn -0.958802 -0.124287 -0.255445
vn -0.198295 -0.020786 -0.979922
vn -0.212572 -0.151910 -0.965265
vn -0.108892 -0.064556 -0.991955
vn -0.122199 -0.157975 -0.979853
vn 0.000000 -0.074496 -0.997221
vn -0.000001 -0.160454 -0.987043
vn -0.647993 0.704473 0.289523
vn -0.678162 0.605778 0.416088
vn -0.353110 -0.817599 0.454803
vn -0.293562 -0.851664 0.434154
vn -0.319383 -0.863205 0.390988
vn -0.393174 -0.835219 0.384477
vn -0.562539 -0.705886 0.430436
vn -0.937241 -0.051438 -0.344867
vn -0.887802 -0.412455 0.204175
vn -0.913910 -0.055256 0.402139
vn -0.957578 -0.002511 -0.288165
vn -0.703270 0.609897 0.365292
vn -0.595257 0.532192 0.602031
vn -0.860257 0.197318 0.470132
vn -0.901073 0.143599 0.409204
vn -0.870157 -0.098290 -0.482873
vn -0.940148 -0.056067 -0.336122
vn -0.574426 -0.310249 -0.757483
vn -0.560996 0.388324 -0.731087
vn -0.738520 -0.674015 -0.017095
vn -0.767757 -0.578131 0.276248
vn -0.900690 0.103754 0.421892
vn -0.843761 -0.455308 0.284186
vn -0.813300 -0.315996 0.488558
vn -0.707763 -0.401688 0.581136
vn -0.537236 -0.513648 0.668987
vn -0.958739 0.000343 0.284287
vn -0.931209 -0.057528 -0.359917
vn -0.907790 -0.371542 0.194613
vn -0.945023 -0.285822 0.158866
vn -0.907393 -0.275655 0.317258
vn -0.882295 -0.241379 0.404094
vn -0.295065 0.597729 -0.745424
vn -0.457521 0.195655 -0.867406
vn -0.888116 -0.185913 0.420340
vn -0.360486 -0.768699 -0.528348
vn -0.708379 -0.587422 -0.391324
vn -0.683506 -0.670962 -0.287452
vn -0.879551 -0.119689 0.460505
vn -0.299798 0.101460 -0.948592
vn 0.018081 -0.325072 -0.945516
vn -0.874845 -0.120025 0.469297
vn -0.845177 -0.315476 0.431451
vn -0.831294 -0.436270 0.344411
vn -0.613153 0.781225 0.117179
vn -0.226551 0.881609 -0.414054
vn -0.140721 -0.677875 -0.721584
vn -0.767309 -0.532261 -0.357682
vn -0.938266 -0.342580 -0.047915
vn -0.872056 -0.457293 0.174362
vn -0.858548 0.186965 0.477430
vn -0.899467 -0.277484 0.337583
vn -0.858148 -0.482876 -0.174393
vn -0.844964 -0.179745 0.503715
vn -0.617699 0.321170 0.717842
vn -0.993114 -0.014942 -0.116192
vn -0.770336 -0.563843 -0.297764
vn -0.011439 -0.375716 -0.926664
vn -0.868901 -0.101746 0.484416
vn -0.854061 -0.418039 0.309553
vn -0.901053 -0.127080 0.414674
vn -0.866793 0.017884 0.498348
vn 0.037387 -0.417705 -0.907813
vn -0.635761 -0.390480 0.665833
vn -0.478507 -0.217193 0.850798
vn -0.463773 0.070457 0.883148
vn -0.504470 0.162017 0.848092
vn -0.827520 -0.226693 0.513634
vn 0.629058 0.126071 -0.767067
vn 0.642215 0.185895 -0.743641
vn 0.460110 0.490150 -0.740305
vn 0.630404 -0.096704 -0.770220
vn -0.932879 -0.352225 0.075331
vn -0.461465 0.434625 0.773402
vn -0.429879 0.350495 0.832080
vn -0.546048 -0.492742 0.677522
vn -0.509856 -0.390085 0.766733
vn -0.244720 0.135779 0.960040
vn -0.000132 -0.999114 -0.042078
vn -0.000095 -0.992789 0.119873
vn -0.283813 -0.958857 0.006587
vn -0.212215 -0.968973 0.126716
vn -0.437313 -0.894473 0.093143
vn -0.919564 -0.183243 0.347599
vn 0.000000 -0.264205 0.964467
vn 0.000000 0.731433 0.681913
vn 0.000001 0.471285 0.881981
vn -0.000005 -0.229400 -0.973332
vn 0.000000 -0.122804 0.992431
vn -0.000177 0.967767 -0.251847
vn -0.000000 -0.028478 0.999595
vn -0.000000 -0.800749 -0.599000
vn 0.000000 0.374952 0.927044
vn 0.000000 0.455603 0.890183
vn 0.000000 -0.671256 0.741226
vn 0.000041 -0.295903 0.955218
vn -0.936534 0.329583 -0.119495
vn -0.974833 0.220921 0.029915
vn -0.825782 0.396510 -0.401079
vn -0.985335 0.105111 0.134411
vn -0.969721 0.006728 0.244121
vn -0.885816 -0.011617 0.463891
vn -0.301724 0.333851 -0.893032
vn -0.573262 0.387960 -0.721705
vn -0.059150 0.034494 -0.997653
vn -0.171739 0.100638 -0.979989
vn -0.000001 0.012874 -0.999917
vn -0.692408 0.700253 -0.173827
vn -0.922766 0.384356 0.027803
vn -0.995502 -0.058992 0.074129
vn -0.915016 -0.324598 -0.239546
vn -0.783065 0.538029 -0.311984
vn 0.768695 0.341217 -0.540999
vn 0.884547 0.267523 -0.382110
vn 0.923592 -0.383299 0.007728
vn 0.712758 -0.684785 -0.151810
vn 0.780016 -0.381769 -0.495810
vn -0.919715 -0.381661 -0.091981
vn 0.250543 0.698739 -0.670069
vn -0.003721 0.702983 -0.711197
vn 0.355485 0.903241 -0.240388
vn 0.364963 0.867440 0.338156
vn 0.727124 0.617166 0.300660
vn 0.715591 0.685552 -0.133972
vn -0.019589 0.959651 -0.280510
vn -0.000031 0.935122 0.354327
vn -0.362567 0.891861 -0.270425
vn -0.728848 0.623094 0.283785
vn -0.362234 0.870722 0.332610
vn -0.358705 -0.897260 -0.257402
vn -0.358644 -0.869199 0.340394
vn -0.729290 -0.620799 0.287655
vn -0.704026 -0.680586 -0.202853
vn -0.008362 -0.966197 -0.257671
vn -0.000665 -0.932021 0.362404
vn 0.354926 -0.905647 -0.232017
vn 0.730539 -0.612341 0.302242
vn 0.365101 -0.863896 0.346965
vn -0.884083 0.288296 0.367809
vn -0.923337 -0.008369 0.383900
vn -0.882329 -0.304508 0.358846
vn -0.388386 0.349064 0.852825
vn -0.000860 0.420227 0.907418
vn -0.487221 -0.001870 0.873277
vn 0.000006 -0.002697 0.999996
vn 0.390652 0.345567 0.853214
vn 0.877703 0.288577 0.382573
vn 0.489968 -0.001730 0.871739
vn 0.917558 -0.014919 0.397323
vn 0.385101 -0.366268 0.847080
vn 0.878047 -0.303328 0.370171
vn -0.000974 -0.441795 0.897115
vn -0.382720 -0.369849 0.846604
vn 0.932079 0.359421 0.045233
vn 0.983712 -0.032764 0.176738
vn 0.511903 0.606735 -0.608134
vn 0.695372 0.467854 -0.545501
vn 0.939496 -0.173542 -0.295348
vn -0.031521 0.310386 -0.950088
vn 0.003070 0.304973 -0.952356
vn -0.102943 0.201897 -0.973982
vn -0.015104 0.164924 -0.986191
vn -0.561351 -0.819606 0.114588
vn -0.546735 -0.785643 0.289561
vn -0.519091 -0.743289 0.421980
vn -0.532597 -0.810614 0.243405
vn -0.662415 -0.690286 -0.291052
vn -0.651875 -0.742412 -0.154541
vn -0.627808 -0.777940 0.025823
vn -0.696146 -0.630839 -0.342671
vn -0.663154 -0.612544 -0.430135
vn -0.350846 -0.799261 -0.487945
vn -0.165294 -0.799446 -0.577549
vn 0.019778 0.328674 -0.944236
vn -0.491279 -0.777103 -0.393390
vn -0.524392 -0.736021 -0.428118
vn -0.096222 0.376339 -0.921472
vn -0.412780 -0.906110 0.092617
vn -0.236346 -0.958390 0.160093
vn -0.000000 0.323933 -0.946080
vn -0.000004 0.165184 -0.986263
vn -0.000000 -0.981171 0.193139
vn -0.574824 -0.648568 -0.498936
vn 0.238107 -0.653580 -0.718428
vn 0.361802 -0.650627 -0.667670
vn 0.827954 -0.126561 -0.546329
vn 0.979433 -0.031390 -0.199315
vn 0.739385 0.434772 -0.514084
vn 0.850722 0.510094 -0.126791
vn 0.586359 0.489087 -0.645738
vn 0.117481 0.638349 -0.760729
vn 0.312561 0.528457 -0.789328
vn -0.000027 0.678205 -0.734873
vn 0.434525 -0.408556 -0.802664
vn 0.578548 -0.446759 -0.682414
vn 0.490944 0.838585 -0.236114
vn 0.621174 0.380545 -0.685076
vn 0.559659 -0.782199 -0.273765
vn 0.000003 -0.830383 0.557193
vn 0.208294 -0.912887 0.351071
vn 0.177086 -0.529790 0.829435
vn 0.000005 -0.542356 0.840149
vn 0.315457 -0.886435 -0.338704
vn 0.144185 0.972923 -0.180644
vn 0.337734 0.940881 -0.026066
vn 0.309144 0.885880 -0.345899
vn 0.846923 0.531502 0.015057
vn 0.907643 -0.275870 0.316354
vn 0.983250 -0.168574 0.069291
vn 0.839348 0.534644 0.098233
vn 0.214031 -0.274088 0.937586
vn 0.527488 -0.132182 0.839217
vn 0.657664 0.229887 0.717378
vn 0.226614 0.056123 0.972367
vn 0.740697 -0.198116 0.641964
vn 0.467635 -0.435625 0.769122
vn 0.423253 -0.824134 0.376377
vn -0.000003 0.945985 0.324209
vn 0.794444 0.243966 0.556183
vn 0.539612 -0.839655 0.061629
vn 0.411313 0.895235 -0.171394
vn 0.694231 0.708368 -0.127507
vn 0.877090 0.439176 0.194521
vn 0.304033 -0.952646 0.005428
vn -0.000006 0.984269 -0.176674
vn -0.000010 0.999152 -0.041173
vn -0.000001 0.971393 -0.237476
vn 0.000012 -0.285592 0.958351
vn -0.000000 -0.933497 -0.358587
vn -0.000000 -0.620378 -0.784303
vn -0.000013 0.128489 0.991711
vn -0.000019 0.984890 -0.173183
vn -0.000049 -0.992057 0.125788
vn -0.000091 -0.999518 -0.031040
vn 0.000003 -0.753870 -0.657024
vn 0.000001 -0.798166 0.602437
vn -0.000002 -0.555046 0.831820
vn 0.000000 -0.974860 0.222818
vn 0.000000 -0.999655 0.026256
vn -0.000000 0.328082 0.944649
vn -0.637121 -0.040365 0.769706
vn 0.433340 0.829309 0.352795
vn 0.442893 0.676188 0.588741
vn 0.584928 0.611566 0.532772
vn 0.588869 0.739702 0.325691
vn 0.291552 0.879131 0.376996
vn 0.296790 0.712696 0.635595
vn 0.724264 0.506664 0.467690
vn 0.733173 0.616021 0.288054
vn 0.838656 0.369420 0.400231
vn 0.843294 0.473441 0.254381
vn 0.910233 0.228403 0.345410
vn 0.923193 0.312670 0.223498
vn 0.947399 0.110990 0.300195
vn 0.968318 0.156212 0.194829
vn 0.552437 0.228163 0.801720
vn 0.674665 0.370142 0.638610
vn 0.538598 0.425503 0.727227
vn 0.432792 0.226450 0.872589
vn 0.406788 0.453613 0.792944
vn 0.307036 0.221895 0.925468
vn 0.923108 0.073966 0.377360
vn 0.947356 -0.001076 0.320179
vn 0.968862 0.009453 0.247422
vn 0.958401 -0.023669 0.284442
vn 0.976784 -0.035372 0.211285
vn 0.886964 0.155126 0.435006
vn 0.808623 0.263180 0.526180
vn 0.938082 0.015806 0.346052
vn 0.946840 -0.008490 0.321594
vn 0.420220 0.898474 0.127122
vn 0.283173 0.950069 0.131082
vn 0.151539 0.979107 0.135591
vn 0.160510 0.903872 0.396550
vn 0.986884 0.023602 0.159699
vn 0.989884 -0.033127 0.137957
vn 0.263193 0.471808 0.841503
vn 0.163831 0.728305 0.665380
vn 0.150707 0.473291 0.867919
vn 0.979547 0.188685 0.069898
vn 0.927733 0.363855 0.083193
vn 0.839446 0.534802 0.096527
vn 0.927500 0.016676 -0.373452
vn 0.951934 -0.190434 -0.239910
vn 0.985831 -0.039827 -0.162945
vn 0.997179 -0.027966 -0.069657
vn 0.965465 -0.043493 -0.256877
vn 0.920351 -0.228019 -0.317744
vn 0.192102 0.221289 0.956100
vn 0.862649 -0.240241 -0.445107
vn 0.791670 -0.246877 -0.558847
vn 0.856232 -0.017686 -0.516288
vn 0.913588 -0.034288 -0.405193
vn 0.838574 -0.300203 -0.454612
vn 0.767711 -0.307729 -0.562070
vn 0.898062 -0.288046 -0.332438
vn 0.093933 -0.299574 -0.949438
vn 0.105318 -0.227213 -0.968134
vn 0.211189 -0.223300 -0.951596
vn 0.198910 -0.298056 -0.933594
vn 0.335109 -0.223110 -0.915382
vn 0.324918 -0.298345 -0.897451
vn 0.379026 0.307851 -0.872678
vn 0.517528 0.265900 -0.813303
vn 0.503560 0.115366 -0.856223
vn 0.370343 0.150135 -0.916682
vn 0.248809 0.170933 -0.953350
vn 0.132126 0.182426 -0.974302
vn 0.569653 0.819120 -0.067367
vn 0.566135 0.759654 -0.320027
vn 0.419262 0.836955 -0.351745
vn 0.417398 0.905201 -0.079943
vn 0.558200 0.653112 -0.511721
vn 0.413478 0.719927 -0.557442
vn 0.576198 0.808519 0.119555
vn 0.769303 0.150733 -0.620849
vn 0.747866 0.027877 -0.663264
vn 0.617125 0.077530 -0.783036
vn 0.641910 0.217456 -0.735299
vn 0.866715 0.073857 -0.493305
vn 0.921417 -0.275353 -0.274174
vn 0.726439 0.678606 0.108536
vn 0.998032 0.035759 0.051512
vn 0.461600 -0.229470 -0.856895
vn 0.972731 0.013102 -0.231566
vn 0.988070 0.022730 -0.152320
vn 0.998455 0.032689 -0.044945
vn 0.133498 0.350248 -0.927095
vn 0.255146 0.334340 -0.907258
vn 0.972125 -0.011102 0.234199
vn 0.986226 -0.052361 0.156899
vn 0.974033 0.169655 -0.149927
vn 0.981567 0.188703 -0.030295
vn 0.957325 0.157552 -0.242293
vn 0.901835 0.291442 -0.318990
vn 0.927547 0.329605 -0.176118
vn 0.931459 0.362943 -0.025620
vn 0.922688 0.029676 -0.384404
vn 0.683952 -0.245510 -0.686975
vn 0.562671 -0.236282 -0.792195
vn 0.282533 0.955091 -0.089309
vn 0.281734 0.883437 -0.374387
vn 0.141244 0.907326 -0.395991
vn 0.146446 0.984215 -0.099369
vn 0.275337 0.758231 -0.590996
vn 0.999146 -0.020295 0.035993
vn 0.861593 -0.499796 -0.088668
vn 0.774979 -0.630683 0.040580
vn 0.788933 -0.605890 0.102381
vn 0.860910 -0.496267 -0.112040
vn 0.447965 -0.299086 -0.842541
vn 0.668126 -0.306597 -0.677942
vn 0.546013 -0.300480 -0.782037
vn 0.828704 -0.243918 0.503739
vn 0.935702 -0.237401 0.260964
vn 0.732290 -0.079139 0.676379
vn 0.905737 -0.096155 0.412790
vn 0.983271 -0.027509 0.180059
vn 0.985541 -0.103375 0.134246
vn 0.989047 -0.038152 0.142584
vn 0.716538 -0.357065 -0.599231
vn 0.993507 -0.070628 0.089200
vn 0.988125 -0.067590 0.137986
vn 0.338236 -0.518538 0.785312
vn 0.242004 -0.908258 0.341324
vn 0.544678 -0.594240 0.591782
vn 0.512515 -0.849203 0.127211
vn 0.522789 -0.162652 0.836801
vn 0.573561 -0.276065 0.771243
vn 0.412745 -0.257557 0.873674
vn 0.389880 -0.226356 0.892612
vn 0.577027 -0.070893 0.813642
vn 0.683437 -0.258413 0.682742
vn 0.825369 0.514549 -0.232393
vn 0.837699 0.545174 -0.032354
vn 0.701014 0.654479 -0.283261
vn 0.718000 0.694188 -0.050790
vn 0.689507 0.555462 -0.464803
vn 0.807480 0.430661 -0.403122
vn 0.677835 0.420888 -0.602822
vn 0.789351 0.329164 -0.518243
vn 0.541461 0.495630 -0.679095
vn 0.396320 0.549040 -0.735857
vn 0.264489 0.576691 -0.772964
vn 0.133434 0.594090 -0.793254
vn 0.872567 0.230488 -0.430701
vn 0.921602 0.153640 -0.356434
vn 0.136237 0.779270 -0.611700
vn 0.949605 0.313253 -0.011083
vn 0.714631 -0.631877 0.300057
vn 0.341339 -0.178659 0.922805
vn 0.426205 -0.118267 0.896863
vn 0.556606 -0.055596 0.828914
vn 0.704605 0.202504 0.680091
vn 0.826436 0.155153 0.541232
vn 0.713731 -0.041449 0.699193
vn 0.825099 -0.035510 0.563871
vn 0.896564 0.099736 0.431538
vn 0.292967 -0.174129 0.940133
vn 0.885797 -0.079377 0.457234
vn 0.904798 -0.074767 0.419227
vn 0.891610 0.015459 0.452541
vn 0.951023 0.020779 0.308422
vn 0.185111 -0.057493 0.981034
vn 0.116488 0.213529 0.969967
vn 0.098073 -0.009649 0.995132
vn 0.835998 -0.223917 -0.500967
vn 0.909710 -0.209268 -0.358656
vn 0.780664 -0.230955 -0.580709
vn 0.702574 -0.249991 -0.666254
vn 0.589584 -0.240781 -0.770983
vn 0.478098 -0.254580 -0.840602
vn 0.351021 -0.259915 -0.899571
vn 0.929214 -0.215373 -0.300293
vn 0.209536 -0.263373 -0.941663
vn 0.104702 -0.256898 -0.960750
vn 0.543527 -0.480656 -0.688149
vn 0.645835 -0.757828 0.092700
vn 0.658996 -0.090666 0.746662
vn 0.496343 -0.409803 0.765314
vn 0.413221 -0.467031 0.781749
vn 0.741776 -0.225289 0.631675
vn 0.611991 -0.317074 0.724521
vn 0.447485 -0.868833 0.211863
vn 0.517466 -0.843640 0.143179
vn 0.688637 -0.328920 0.646212
vn 0.577968 -0.804800 0.135091
vn 0.774461 -0.386691 0.500680
vn 0.231925 -0.968236 0.093433
vn 0.291751 -0.956318 -0.018388
vn -0.587503 -0.807985 -0.044740
vn 0.298085 -0.835503 0.461607
vn 0.414554 -0.888065 0.198710
vn 0.875721 -0.482817 0.000210
vn 0.553393 -0.407240 0.726575
vn 0.872247 -0.068919 0.484186
vn 0.843595 0.154785 0.514187
vn -0.144024 -0.141404 0.979419
vn 0.534595 0.033785 0.844433
vn 0.489883 -0.272367 0.828149
vn 0.398485 -0.325667 0.857410
vn 0.197729 -0.346264 0.917063
vn 0.120827 -0.893918 0.431638
vn 0.263943 -0.869764 0.416947
vn 0.444676 0.412734 0.794930
vn 0.432973 0.297362 0.850946
vn 0.756036 0.213361 0.618778
vn 0.763452 0.311681 0.565682
vn 0.643411 -0.248912 0.723924
vn 0.578935 -0.252690 0.775230
vn 0.381251 -0.275847 0.882358
vn 0.625324 -0.669403 0.401086
vn 0.356779 -0.548557 0.756170
vn 0.803379 -0.520950 0.288433
vn 0.249314 -0.772874 0.583532
vn 0.564435 -0.510774 0.648478
vn 0.410944 -0.347815 0.842704
vn 0.762915 0.206738 0.612553
vn 0.859482 0.037881 0.509760
vn 0.743399 -0.308689 0.593354
vn 0.736225 -0.256288 0.626330
vn 0.788940 -0.478680 0.385279
vn 0.496284 0.064050 0.865794
vn 0.465799 -0.269494 0.842855
vn 0.333822 -0.265341 0.904520
vn 0.751835 -0.306662 0.583697
vn 0.840294 0.170914 0.514485
vn 0.809852 0.305432 0.500850
vn 0.440558 0.326022 0.836432
vn 0.233965 -0.174857 0.956392
vn 0.695250 -0.023551 0.718382
vn 0.889232 0.026488 0.456690
vn 0.651624 -0.377569 0.657896
vn 0.563446 -0.541623 0.623838
vn 0.443711 -0.743636 0.500127
vn 0.678862 0.066894 0.731213
vn 0.873895 -0.065911 0.481625
vn 0.408773 0.512170 0.755372
vn 0.528829 0.793575 0.300963
vn 0.568768 0.130073 0.812148
vn 0.371446 0.087881 0.924286
vn 0.438958 0.201332 0.875661
vn 0.478894 0.027897 0.877429
vn -0.923984 0.140387 -0.355732
vn -0.714484 -0.526740 -0.460497
vn 0.327029 -0.011809 0.944940
vn -0.128959 0.967410 -0.217915
vn -0.055177 0.972105 -0.227963
vn 0.163881 -0.025761 0.986144
vn 0.522054 -0.002516 0.852908
vn -0.313325 0.933507 -0.174333
vn -0.435501 -0.709573 -0.553936
vn -0.042291 -0.856035 -0.515184
vn 0.360741 -0.376114 0.853466
vn 0.189029 -0.634868 0.749140
vn 0.027770 -0.803639 -0.594469
vn -0.268472 -0.874695 -0.403523
vn -0.220647 0.906558 -0.359817
vn -0.472421 0.827988 -0.302083
vn 0.578860 0.050671 0.813851
vn 0.586792 0.091019 0.804606
vn -0.454901 0.871235 -0.184432
vn 0.542671 0.154907 0.825538
vn -0.843736 0.373367 -0.385625
vn 0.716578 -0.574270 0.395892
vn 0.859542 0.061552 0.507345
vn 0.559273 0.024947 0.828608
vn 0.684408 -0.078176 0.724896
vn 0.605041 0.009883 0.796133
vn 0.782160 -0.113084 0.612730
vn 0.832761 -0.127668 0.538712
vn 0.651631 0.032971 0.757819
vn -0.084432 0.147814 0.985405
vn 0.480442 -0.299679 0.824238
vn 0.562168 -0.084301 0.822716
vn 0.781717 -0.221573 0.582944
vn 0.153459 -0.578968 0.800778
vn 0.192981 -0.291656 0.936854
vn 0.670929 -0.044869 0.740163
vn 0.697016 0.224912 0.680869
vn 0.810984 -0.206143 0.547550
vn 0.754380 0.329275 0.567881
vn 0.816100 -0.301765 0.492868
vn 0.906968 -0.017432 0.420838
vn 0.927631 -0.362318 0.090700
vn 0.865448 -0.462811 0.191847
vn 0.900759 -0.253914 0.352365
vn 0.955328 -0.207887 0.210076
vn 0.906252 -0.208913 0.367509
vn 0.964759 -0.177163 0.194560
vn 0.654310 -0.745414 0.127423
vn 0.978626 -0.084141 0.187649
vn 0.978364 -0.021821 0.205737
vn 0.955873 -0.004909 0.293738
vn 0.947611 -0.108877 0.300298
vn 0.988040 -0.090108 0.125128
vn 0.984088 -0.117642 0.133157
vn 0.972089 -0.144071 0.185168
vn 0.924162 -0.338890 -0.176293
vn 0.968348 -0.249084 -0.016114
vn 0.979930 -0.185503 0.072976
vn 0.979606 -0.184459 0.079673
vn 0.980848 -0.181610 0.070385
vn 0.967183 -0.253910 -0.009356
vn 0.947401 -0.311761 -0.072366
vn 0.904985 -0.365613 -0.217552
vn 0.974592 -0.195262 0.109742
vn 0.919632 0.020202 -0.392260
vn 0.865205 -0.108943 -0.489440
vn 0.931246 -0.112754 -0.346508
vn 0.972476 -0.010235 -0.232778
vn 0.784546 0.043831 -0.618520
vn 0.715308 -0.135649 -0.685517
vn 0.349541 0.024806 -0.936593
vn 0.369833 -0.134929 -0.919248
vn 0.516465 -0.135352 -0.845544
vn 0.552573 0.043774 -0.832314
vn 0.953828 -0.055007 0.295273
vn 0.984978 -0.162084 0.059564
vn 0.997318 -0.068238 0.026478
vn 0.973968 -0.153076 -0.167196
vn 0.990881 -0.050671 -0.124847
vn 0.958804 -0.124287 -0.255435
vn 0.198294 -0.020791 -0.979922
vn 0.212574 -0.151908 -0.965265
vn 0.108893 -0.064555 -0.991955
vn 0.122202 -0.157975 -0.979852
vn 0.647996 0.704469 0.289525
vn 0.678166 0.605777 0.416083
vn 0.353103 -0.817602 0.454802
vn 0.293566 -0.851665 0.434149
vn 0.319358 -0.863206 0.391007
vn 0.393188 -0.835215 0.384473
vn 0.562550 -0.705881 0.430429
vn 0.937245 -0.051441 -0.344856
vn 0.957581 -0.002511 -0.288154
vn 0.913903 -0.055269 0.402152
vn 0.887817 -0.412432 0.204160
vn 0.703271 0.609889 0.365303
vn 0.901071 0.143605 0.409205
vn 0.860262 0.197327 0.470119
vn 0.595277 0.532181 0.602020
vn 0.870160 -0.098291 -0.482867
vn 0.561004 0.388321 -0.731082
vn 0.574453 -0.310253 -0.757461
vn 0.940151 -0.056071 -0.336113
vn 0.738515 -0.674020 -0.017118
vn 0.891568 0.092235 0.443394
vn 0.797040 -0.509917 0.323592
vn 0.655835 -0.541980 0.525489
vn 0.537203 -0.513668 0.668998
vn 0.707761 -0.401688 0.581138
vn 0.813308 -0.315985 0.488553
vn 0.931215 -0.057527 -0.359903
vn 0.963443 -0.013653 0.267566
vn 0.886225 -0.219564 0.407919
vn 0.888118 -0.185915 0.420336
vn 0.457509 0.195664 -0.867410
vn 0.341524 0.449316 -0.825516
vn 0.360503 -0.768699 -0.528336
vn 0.683491 -0.670973 -0.287463
vn 0.708386 -0.587427 -0.391304
vn 0.879555 -0.119690 0.460498
vn 0.869039 -0.120720 0.479790
vn 0.203746 -0.164286 -0.965141
vn 0.299776 0.101470 -0.948598
vn 0.826952 -0.339242 0.448404
vn 0.244869 0.850341 -0.465789
vn 0.461563 0.884174 -0.072085
vn 0.829642 -0.437298 0.347081
vn 0.767308 -0.532253 -0.357694
vn 0.140721 -0.677884 -0.721576
vn 0.954376 -0.297658 -0.023784
vn 0.899555 -0.411218 0.147310
vn 0.915384 -0.365058 0.169717
vn 0.924413 -0.272882 0.266450
vn 0.858555 0.186962 0.477418
vn 0.921742 -0.262416 0.285533
vn 0.870856 -0.464973 -0.159403
vn 0.844965 -0.179725 0.503719
vn 0.583102 0.328581 0.742985
vn 0.993116 -0.014949 -0.116175
vn 0.770355 -0.563818 -0.297763
vn 0.858835 -0.032135 0.511243
vn 0.098291 -0.352907 -0.930481
vn 0.922506 -0.150349 0.355495
vn 0.854070 -0.418030 0.309541
vn 0.872221 0.022879 0.488577
vn -0.040071 -0.535471 -0.843602
vn 0.635761 -0.390481 0.665832
vn 0.478500 -0.217193 0.850803
vn 0.404804 0.078316 0.911043
vn 0.544515 0.181314 0.818919
vn 0.827524 -0.226677 0.513636
vn -0.629070 0.126077 -0.767056
vn -0.577766 0.169520 -0.798404
vn -0.497319 0.377650 -0.781060
vn -0.592128 0.032261 -0.805198
vn 0.833989 -0.533591 0.140508
vn 0.984465 0.057422 -0.165924
vn 0.412215 0.255757 0.874452
vn 0.489712 0.390942 0.779325
vn 0.546007 -0.492761 0.677542
vn 0.509849 -0.390057 0.766753
vn 0.266818 -0.091757 0.959369
vn 0.283862 -0.958842 0.006605
vn 0.212213 -0.968978 0.126680
vn 0.437351 -0.894451 0.093173
vn 0.919563 -0.183244 0.347599
vn -0.623104 0.168997 -0.763663
vn 0.936537 0.329578 -0.119489
vn 0.974833 0.220922 0.029910
vn 0.825786 0.396508 -0.401073
vn 0.985336 0.105109 0.134406
vn 0.969721 0.006728 0.244124
vn 0.885814 -0.011616 0.463895
vn 0.573262 0.387961 -0.721704
vn 0.301728 0.333855 -0.893029
vn 0.059155 0.034494 -0.997653
vn 0.171741 0.100638 -0.979988
vn 0.692410 0.700253 -0.173822
vn 0.922767 0.384354 0.027802
vn 0.995502 -0.058991 0.074133
vn 0.915021 -0.324597 -0.239527
vn 0.783068 0.538028 -0.311978
vn -0.768701 0.341195 -0.541003
vn -0.884550 0.267512 -0.382110
vn -0.712759 -0.684785 -0.151807
vn -0.923589 -0.383307 0.007727
vn -0.780031 -0.381764 -0.495790
vn 0.919714 -0.381661 -0.091982
vn -0.250544 0.698745 -0.670062
vn 0.003718 0.702976 -0.711204
vn -0.355486 0.903242 -0.240383
vn -0.715585 0.685557 -0.133975
vn -0.727123 0.617168 0.300659
vn -0.364962 0.867444 0.338148
vn 0.019587 0.959650 -0.280513
vn 0.000033 0.935121 0.354330
vn 0.362570 0.891862 -0.270416
vn 0.362236 0.870723 0.332606
vn 0.728849 0.623094 0.283785
vn 0.358701 -0.897261 -0.257404
vn 0.704026 -0.680585 -0.202858
vn 0.729290 -0.620801 0.287649
vn 0.358644 -0.869200 0.340391
vn 0.008359 -0.966196 -0.257671
vn 0.000668 -0.932022 0.362402
vn -0.354927 -0.905646 -0.232019
vn -0.365102 -0.863896 0.346965
vn -0.730540 -0.612339 0.302245
vn 0.884084 0.288293 0.367808
vn 0.923337 -0.008370 0.383900
vn 0.882327 -0.304507 0.358851
vn 0.388394 0.349059 0.852824
vn 0.000869 0.420226 0.907419
vn 0.000006 -0.002703 0.999996
vn 0.487224 -0.001875 0.873275
vn -0.390643 0.345565 0.853219
vn -0.877700 0.288579 0.382577
vn -0.489960 -0.001738 0.871743
vn -0.917558 -0.014920 0.397322
vn -0.385099 -0.366274 0.847079
vn -0.878047 -0.303334 0.370166
vn 0.000985 -0.441793 0.897116
vn 0.382721 -0.369844 0.846605
vn -0.932078 0.359423 0.045228
vn -0.983713 -0.032765 0.176735
vn -0.511885 0.606747 -0.608138
vn -0.695374 0.467847 -0.545504
vn -0.939498 -0.173539 -0.295343
vn 0.031525 0.310384 -0.950089
vn 0.015110 0.164917 -0.986192
vn 0.102950 0.201903 -0.973980
vn -0.003072 0.304971 -0.952357
vn 0.561369 -0.819596 0.114570
vn 0.546724 -0.785653 0.289554
vn 0.519079 -0.743276 0.422017
vn 0.532598 -0.810610 0.243416
vn 0.651892 -0.742408 -0.154488
vn 0.662388 -0.690311 -0.291056
vn 0.627807 -0.777941 0.025799
vn 0.696145 -0.630820 -0.342708
vn 0.663156 -0.612544 -0.430132
vn 0.350887 -0.799271 -0.487898
vn 0.165299 -0.799450 -0.577543
vn -0.019789 0.328674 -0.944236
vn 0.096224 0.376348 -0.921468
vn 0.524369 -0.736016 -0.428155
vn 0.491275 -0.777095 -0.393411
vn 0.412782 -0.906109 0.092611
vn 0.236346 -0.958389 0.160096
vn 0.574822 -0.648571 -0.498933
vn -0.238108 -0.653580 -0.718428
vn -0.361803 -0.650629 -0.667668
vn -0.827954 -0.126562 -0.546328
vn -0.979435 -0.031383 -0.199306
vn -0.739346 0.434833 -0.514089
vn -0.850701 0.510135 -0.126766
vn -0.586347 0.489133 -0.645714
vn -0.117486 0.638336 -0.760739
vn -0.312542 0.528475 -0.789324
vn -0.434535 -0.408561 -0.802657
vn -0.578541 -0.446766 -0.682415
vn -0.490987 0.838566 -0.236092
vn -0.621193 0.380553 -0.685054
vn -0.559648 -0.782207 -0.273763
vn -0.177070 -0.529799 0.829433
vn -0.208293 -0.912887 0.351073
vn -0.315457 -0.886435 -0.338704
vn -0.144233 0.972916 -0.180644
vn -0.309189 0.885881 -0.345857
vn -0.337776 0.940865 -0.026076
vn -0.846922 0.531504 0.015053
vn -0.907648 -0.275874 0.316338
vn -0.839346 0.534651 0.098216
vn -0.983255 -0.168552 0.069286
vn -0.657643 0.229887 0.717396
vn -0.527469 -0.132180 0.839229
vn -0.214006 -0.274087 0.937592
vn -0.226626 0.056099 0.972365
vn -0.467615 -0.435630 0.769131
vn -0.740696 -0.198118 0.641964
vn -0.423236 -0.824148 0.376366
vn -0.794436 0.243998 0.556180
vn -0.539601 -0.839663 0.061622
vn -0.411341 0.895221 -0.171399
vn -0.877086 0.439178 0.194530
vn -0.694243 0.708364 -0.127465
vn -0.304033 -0.952646 0.005429
vn 0.637122 -0.040359 0.769705
vn -0.637979 -0.277671 0.718249
vn -0.000006 -0.310989 0.950414
vn -0.000009 0.184052 0.982917
vn -0.658410 0.183109 0.730047
vn 0.000006 -0.799216 0.601044
vn -0.443665 -0.671116 0.593941
vn 0.637977 -0.277668 0.718252
vn 0.658411 0.183117 0.730044
vn 0.443681 -0.671095 0.593951
vn -0.000004 0.666676 0.745347
vn -0.499594 0.499634 0.707652
vn 0.499594 0.499634 0.707652
vn -0.861248 0.163383 0.481205
vn -0.806493 -0.334064 0.487822
vn -0.493453 -0.724566 0.481153
vn 0.000002 -0.873027 0.487671
vn 0.861246 0.163392 0.481205
vn 0.806490 -0.334064 0.487828
vn 0.493468 -0.724551 0.481160
vn -0.617418 0.617196 0.487714
vn -0.000002 0.873002 0.487716
vn 0.617417 0.617193 0.487719
vn -0.630229 -0.296887 0.717405
vn 0.000283 -0.299668 0.954043
vn 0.000285 0.194255 0.980951
vn -0.662619 0.188275 0.724906
vn 0.000202 -0.778225 0.627986
vn -0.429376 -0.649780 0.627234
vn 0.630668 -0.296845 0.717036
vn 0.663028 0.188311 0.724522
vn 0.429784 -0.649757 0.626978
vn 0.000196 0.666688 0.745337
vn -0.499409 0.499612 0.707798
vn 0.499788 0.499646 0.707507
vn -0.861102 0.163350 0.481477
vn -0.806324 -0.334102 0.488076
vn -0.493289 -0.724559 0.481332
vn 0.000164 -0.872994 0.487731
vn 0.861379 0.163411 0.480961
vn 0.806643 -0.334040 0.487590
vn 0.493624 -0.724527 0.481036
vn -0.617288 0.617177 0.487902
vn 0.000110 0.873013 0.487697
vn 0.617546 0.617211 0.487532
vn -0.000003 -0.996068 -0.088597
s 1
g s_Head_low s_manequinn
usemtl lambert2SG
f 31/1/1 84/2/2 9/3/3 8/4/4
f 8/4/4 10/5/5 30/6/6 31/1/1
f 12/7/7 9/3/3 84/2/2 94/8/8
f 94/8/8 44/9/9 13/10/10 12/7/7
f 14/11/11 13/10/10 44/9/9 40/12/12
f 40/12/12 41/13/13 15/14/14 14/11/11
f 17/15/15 173/16/16 27/17/17 16/18/18
f 173/16/16 175/19/19 21/20/20 27/17/17
f 15/14/14 35/21/21 23/22/22 22/23/23
f 35/21/21 36/24/24 112/25/25 23/22/22
f 24/26/26 25/27/27 13/10/10 14/11/11
f 22/23/23 24/26/26 14/11/11 15/14/14
f 27/17/17 21/20/20 8/4/4 9/3/3
f 23/22/22 112/25/25 142/28/28 28/29/29
f 31/1/1 30/6/6 29/30/30 32/31/31
f 30/6/6 167/32/32 33/33/33 29/30/30
f 35/21/21 15/14/14 41/13/13 95/34/34
f 95/34/34 170/35/35 36/24/24 35/21/21
f 37/36/36 38/37/37 11/38/38 10/5/5
f 21/20/20 37/36/36 10/5/5 8/4/4
f 16/18/18 27/17/17 9/3/3 12/7/7
f 25/27/27 16/18/18 12/7/7 13/10/10
f 41/13/13 40/12/12 39/39/39 42/40/40
f 40/12/12 44/9/9 43/41/41 39/39/39
f 390/42/42 102/43/43 45/44/44 92/45/45
f 98/46/46 64/47/47 92/45/45 45/44/44
f 37/36/36 21/20/20 175/19/19 46/48/48
f 62/49/49 125/50/50 91/51/51 63/52/52
f 125/50/50 62/49/49 64/47/47 98/46/46
f 62/49/49 63/52/52 55/53/53 54/54/54
f 64/47/47 62/49/49 54/54/54 53/55/55
f 70/56/56 69/57/57 73/58/58 74/59/59
f 69/57/57 72/60/60 71/61/61 73/58/58
f 76/62/62 75/63/63 97/64/64 77/65/65
f 107/66/66 73/58/58 71/61/61 75/63/63
f 107/66/66 108/67/67 74/59/59 73/58/58
f 80/68/68 79/69/69 78/70/70 81/71/71
f 83/72/72 82/73/73 81/71/71 78/70/70
f 32/31/31 85/74/74 84/2/2 31/1/1
f 87/75/75 86/76/76 89/77/77 88/78/78
f 90/79/79 89/77/77 86/76/76 91/51/51
f 92/45/45 64/47/47 53/55/55 126/80/80
f 93/81/81 43/41/41 44/9/9 94/8/8
f 85/74/74 93/81/81 94/8/8 84/2/2
f 42/40/40 96/82/82 95/34/34 41/13/13
f 137/83/83 97/64/64 75/63/63 71/61/61
f 99/84/84 98/46/46 45/44/44 100/85/85
f 102/43/43 101/86/86 100/85/85 45/44/44
f 109/87/87 108/67/67 107/66/66 110/88/88
f 110/88/88 107/66/66 75/63/63 76/62/62
f 112/25/25 36/24/24 26/89/89 111/90/90
f 101/86/86 119/91/91 118/92/92 100/85/85
f 120/93/93 99/84/84 100/85/85 118/92/92
f 118/92/92 122/94/94 121/95/95 120/93/93
f 122/94/94 118/92/92 119/91/91 123/96/96
f 125/50/50 124/97/97 90/79/79 91/51/51
f 124/97/97 125/50/50 98/46/46 99/84/84
f 87/75/75 138/98/98 127/99/99 86/76/76
f 86/76/76 127/99/99 63/52/52 91/51/51
f 133/100/100 132/101/101 134/102/102 168/103/103
f 135/104/104 83/72/72 78/70/70 132/101/101
f 132/101/101 78/70/70 79/69/69 134/102/102
f 170/35/35 95/34/34 96/82/82 136/105/105
f 298/106/106 52/107/107 171/108/108 188/109/109
f 137/83/83 71/61/61 72/60/60 117/110/110
f 127/99/99 138/98/98 114/111/111 113/112/112
f 63/52/52 127/99/99 113/112/112 55/53/53
f 171/108/108 52/107/107 50/113/113 139/114/114
f 140/115/115 139/114/114 50/113/113 51/116/116
f 389/117/117 26/89/89 36/24/24 170/35/35
f 366/118/118 310/119/119 26/89/89 389/117/117
f 398/120/120 390/42/42 92/45/45 126/80/80
f 345/121/121 141/122/122 310/119/119 366/118/118
f 143/123/123 678/124/124 1082/125/125 144/126/126
f 146/127/127 145/128/128 144/126/126 1082/125/125
f 148/129/129 468/130/130 147/131/131 149/132/132
f 150/133/133 148/129/129 149/132/132 151/134/134
f 123/96/96 153/135/135 152/136/136 122/94/94
f 154/137/137 152/136/136 153/135/135 155/138/138
f 155/138/138 80/68/68 81/71/71 154/137/137
f 157/139/139 156/140/140 152/136/136 154/137/137
f 82/73/73 157/139/139 154/137/137 81/71/71
f 156/140/140 121/95/95 122/94/94 152/136/136
f 159/141/141 158/142/142 156/140/140 157/139/139
f 160/143/143 159/141/141 157/139/139 82/73/73
f 82/73/73 83/72/72 161/144/144 160/143/143
f 161/144/144 83/72/72 135/104/104 162/145/145
f 88/78/78 89/77/77 158/142/142 159/141/141
f 163/146/146 109/87/87 110/88/88 162/145/145
f 76/62/62 161/144/144 162/145/145 110/88/88
f 76/62/62 77/65/65 160/143/143 161/144/144
f 165/147/147 164/148/148 120/93/93 121/95/95
f 164/148/148 124/97/97 99/84/84 120/93/93
f 158/142/142 165/147/147 121/95/95 156/140/140
f 164/148/148 165/147/147 90/79/79 124/97/97
f 165/147/147 158/142/142 89/77/77 90/79/79
f 77/65/65 88/78/78 159/141/141 160/143/143
f 88/78/78 77/65/65 97/64/64 87/75/75
f 138/98/98 137/83/83 117/110/110 114/111/111
f 138/98/98 87/75/75 97/64/64 137/83/83
f 133/100/100 166/149/149 135/104/104 132/101/101
f 166/149/149 163/146/146 162/145/145 135/104/104
f 167/32/32 30/6/6 10/5/5 11/38/38
f 168/103/103 134/102/102 29/30/30 33/33/33
f 134/102/102 79/69/69 32/31/31 29/30/30
f 79/69/69 80/68/68 85/74/74 32/31/31
f 80/68/68 155/138/138 93/81/81 85/74/74
f 155/138/138 153/135/135 43/41/41 93/81/81
f 153/135/135 123/96/96 39/39/39 43/41/41
f 123/96/96 119/91/91 42/40/40 39/39/39
f 119/91/91 101/86/86 96/82/82 42/40/40
f 101/86/86 102/43/43 136/105/105 96/82/82
f 102/43/43 390/42/42 169/150/150 136/105/105
f 172/151/151 171/108/108 139/114/114 151/134/134
f 527/152/152 33/33/33 167/32/32 949/153/153
f 528/154/154 711/155/155 108/67/67 109/87/87
f 529/156/156 133/100/100 168/103/103 399/157/157
f 712/158/158 528/154/154 109/87/87 163/146/146
f 713/159/159 166/149/149 133/100/100 529/156/156
f 713/159/159 712/158/158 163/146/146 166/149/149
f 173/16/16 17/15/15 264/160/160 265/161/161
f 17/15/15 18/162/162 253/163/163 264/160/160
f 19/164/164 20/165/165 174/166/166 254/167/167
f 18/162/162 19/164/164 254/167/167 253/163/163
f 175/19/19 173/16/16 265/161/161 218/168/168
f 28/29/29 142/28/28 276/169/169 278/170/170
f 274/171/171 276/169/169 142/28/28 34/172/172
f 20/165/165 28/29/29 278/170/170 174/166/166
f 46/48/48 175/19/19 218/168/168 176/173/173
f 177/174/174 46/48/48 176/173/173 217/175/175
f 531/176/176 177/174/174 217/175/175 829/177/177
f 179/178/178 178/179/179 53/55/55 54/54/54
f 179/178/178 54/54/54 55/53/53 180/180/180
f 114/111/111 182/181/181 181/182/182 113/112/112
f 55/53/53 113/112/112 181/182/182 180/180/180
f 117/110/110 72/60/60 183/183/183 184/184/184
f 178/179/179 185/185/185 126/80/80 53/55/55
f 72/60/60 69/57/57 186/186/186 183/183/183
f 69/57/57 70/56/56 187/187/187 186/186/186
f 398/120/120 126/80/80 185/185/185 380/188/188
f 184/184/184 182/181/181 114/111/111 117/110/110
f 733/189/189 187/187/187 70/56/56 535/190/190
f 188/109/109 171/108/108 172/151/151 189/191/191
f 189/191/191 172/151/151 145/128/128 146/127/127
f 143/123/123 144/126/126 147/131/131 532/192/192
f 149/132/132 147/131/131 144/126/126 145/128/128
f 145/128/128 172/151/151 151/134/134 149/132/132
f 151/134/134 139/114/114 140/115/115 150/133/133
f 194/193/193 209/194/194 196/195/195 195/196/196
f 213/197/197 221/198/198 198/199/199 201/200/200
f 221/198/198 225/201/201 199/202/202 198/199/199
f 201/200/200 198/199/199 200/203/203 202/204/204
f 522/205/205 521/206/206 210/207/207 517/208/208
f 260/209/209 515/210/210 518/211/211 517/208/208
f 522/205/205 517/208/208 518/211/211 523/212/212
f 195/196/196 211/213/213 237/214/214 194/193/193
f 212/215/215 223/216/216 233/217/217 216/218/218
f 950/219/219 2/220/220 216/218/218 233/217/217
f 215/221/221 243/222/222 220/223/223 270/224/224
f 294/225/225 221/198/198 213/197/197 295/226/226
f 295/226/226 213/197/197 212/215/215 219/227/227
f 201/200/200 223/216/216 212/215/215 213/197/197
f 270/224/224 220/223/223 519/228/228 226/229/229
f 226/229/229 519/228/228 524/230/230 271/231/231
f 231/232/232 229/233/233 266/234/234 230/235/235
f 292/236/236 1081/237/237 225/201/201 222/238/238
f 211/213/213 235/239/239 241/240/240 237/214/214
f 261/241/241 196/195/195 209/194/194 291/242/242
f 267/243/243 220/223/223 243/222/222 244/244/244
f 220/223/223 267/243/243 210/207/207 519/228/228
f 229/233/233 231/232/232 232/245/245 269/246/246
f 275/247/247 274/171/171 273/248/248
f 276/169/169 274/171/171 275/247/247 277/249/249
f 278/170/170 276/169/169 277/249/249 280/250/250
f 174/166/166 278/170/170 280/250/250 251/251/251
f 279/252/252 275/247/247 273/248/248 305/253/253
f 281/254/254 197/255/255 205/256/256 248/257/257
f 282/258/258 283/259/259 197/255/255 281/254/254
f 480/1238/260 473/1240/261 195/196/196 196/195/195
f 227/262/262 240/263/263 207/1231/264 470/1239/265
f 470/1239/265 471/1234/266 208/267/267 227/262/262
f 203/1229/268 211/213/213 195/196/196 473/1240/261
f 214/269/269 224/270/270 472/1237/271 474/1228/272
f 472/1237/271 224/270/270 235/239/239 204/1230/273
f 204/1230/273 235/239/239 211/213/213 203/1229/268
f 258/1233/274 236/275/275 256/276/276 259/1235/277
f 471/1234/266 259/1235/277 256/276/276 208/267/267
f 257/1232/278 239/279/279 236/275/275 258/1233/274
f 262/1236/280 261/241/241 239/279/279 257/1232/278
f 261/241/241 262/1236/280 480/1238/260 196/195/195
f 266/234/234 229/233/233 176/173/173 218/168/168
f 230/235/235 266/234/234 192/281/281 193/282/282
f 229/233/233 269/246/246 217/175/175 176/173/173
f 243/222/222 231/232/232 230/235/235 244/244/244
f 215/221/221 232/245/245 231/232/232 243/222/222
f 193/282/282 244/244/244 230/235/235
f 285/283/283 284/284/284 283/259/259 282/258/258
f 286/285/285 191/286/286 272/287/287 287/288/288
f 536/289/289 832/290/290 268/291/291 214/269/269
f 288/292/292 242/293/293 224/270/270 214/269/269
f 242/293/293 288/292/292 524/230/230 289/294/294
f 288/292/292 290/295/295 271/231/231 524/230/230
f 290/295/295 288/292/292 214/269/269 268/291/291
f 227/262/262 219/227/227 293/296/296 240/263/263
f 295/226/226 208/267/267 256/276/276 294/225/225
f 294/225/225 256/276/276 236/275/275 222/238/238
f 208/267/267 295/226/226 219/227/227 227/262/262
f 292/236/236 222/238/238 236/275/275 239/279/279
f 238/297/297 205/256/256 197/255/255 241/240/240
f 515/210/210 206/298/298 205/256/256 238/297/297
f 283/259/259 237/214/214 241/240/240 197/255/255
f 237/214/214 283/259/259 284/284/284 194/193/193
f 284/284/284 234/299/299 209/194/194 194/193/193
f 260/209/209 255/300/300 206/298/298 515/210/210
f 255/300/300 260/209/209 267/243/243 244/244/244
f 291/242/242 209/194/194 234/299/299 1080/301/301
f 239/279/279 261/241/241 291/242/242 292/236/236
f 289/294/294 524/230/230 521/206/206 190/302/302
f 216/218/218 293/296/296 219/227/227 212/215/215
f 222/238/238 225/201/201 221/198/198 294/225/225
f 292/236/236 291/242/242 1080/301/301 1081/237/237
f 298/106/106 188/109/109 300/303/303 297/304/304
f 301/305/305 299/306/306 297/304/304 300/303/303
f 304/307/307 302/308/308 299/306/306 301/305/305
f 188/109/109 303/309/309 1081/237/237 300/303/303
f 1080/301/301 301/305/305 300/303/303 1081/237/237
f 301/305/305 1080/301/301 234/299/299 304/307/307
f 309/310/310 306/311/311 307/312/312 308/313/313
f 225/201/201 1081/237/237 303/309/309 199/202/202
f 34/172/172 307/312/312 273/248/248 274/171/171
f 141/122/122 309/310/310 308/313/313 310/119/119
f 310/119/119 308/313/313 111/90/90 26/89/89
f 312/314/314 311/315/315 141/122/122 345/121/121
f 311/315/315 313/316/316 309/310/310 141/122/122
f 314/317/317 298/106/106 297/304/304 315/318/318
f 299/306/306 316/319/319 315/318/318 297/304/304
f 313/316/316 311/315/315 317/320/320 302/308/308
f 316/319/319 299/306/306 302/308/308 317/320/320
f 334/321/321 317/320/320 311/315/315 312/314/314
f 317/320/320 334/321/321 349/322/322 316/319/319
f 50/113/113 52/107/107 47/323/323 48/324/324
f 51/116/116 50/113/113 48/324/324 49/325/325
f 59/326/326 61/327/327 56/328/328 57/329/329
f 60/330/330 59/326/326 57/329/329 58/331/331
f 52/107/107 298/106/106 314/317/317 47/323/323
f 65/332/332 66/333/333 67/334/334 68/335/335
f 103/336/336 51/116/116 49/325/325 105/337/337
f 104/338/338 103/336/336 105/337/337 106/339/339
f 115/340/340 104/338/338 106/339/339 116/341/341
f 61/327/327 115/340/340 116/341/341 56/328/328
f 129/342/342 65/332/332 68/335/335 130/343/343
f 128/344/344 129/342/342 130/343/343 131/345/345
f 66/333/333 60/330/330 58/331/331 67/334/334
f 864/346/346 128/344/344 131/345/345 530/347/347
f 272/287/287 191/286/286 284/284/284 285/283/283
f 206/298/298 247/348/348 248/257/257 205/256/256
f 249/349/349 255/300/300 244/244/244 193/282/282
f 255/300/300 249/349/349 247/348/348 206/298/298
f 251/251/251 245/350/350 254/167/167 174/166/166
f 245/350/350 246/351/351 253/163/163 254/167/167
f 246/351/351 263/352/352 264/160/160 253/163/163
f 263/352/352 250/353/353 265/161/161 264/160/160
f 218/168/168 265/161/161 250/353/353 252/354/354
f 252/354/354 192/281/281 266/234/234 218/168/168
f 305/253/253 286/285/285 287/288/288 279/252/252
f 389/117/117 170/35/35 136/105/105 169/150/150
f 234/299/299 284/284/284 191/286/286 304/307/307
f 323/355/355 322/356/356 321/357/357 324/358/358
f 330/359/359 336/360/360 332/361/361 331/362/362
f 335/363/363 542/364/364 337/365/365 363/366/366
f 341/367/367 340/368/368 327/369/369 331/362/362
f 326/370/370 343/371/371 373/372/372 325/373/373
f 330/359/359 329/374/374 379/375/375 324/358/358
f 354/376/376 541/377/377 346/378/378
f 319/379/379 320/380/380 358/381/381 348/382/382
f 331/362/362 332/361/361 339/383/383 341/367/367
f 341/367/367 339/383/383 391/384/384 357/385/385
f 367/386/386 353/387/387 350/388/388 370/389/389
f 344/390/390 371/391/391 351/392/392 342/393/393
f 339/383/383 338/394/394 352/395/395 391/384/384
f 333/396/396 541/377/377 354/376/376 355/397/397
f 338/394/394 339/383/383 332/361/361 362/398/398
f 329/374/374 327/369/369 340/368/368 328/399/399
f 328/399/399 340/368/368 383/400/400 349/322/322
f 322/356/356 355/397/397 360/401/401 321/357/357
f 336/360/360 361/402/402 362/398/398 332/361/361
f 363/366/366 364/403/403 323/355/355 335/363/363
f 363/366/366 337/365/365 364/403/403
f 322/356/356 323/355/355 364/403/403 365/404/404
f 333/396/396 355/397/397 322/356/356 365/404/404
f 365/404/404 337/365/365 542/364/364 333/396/396
f 365/404/404 364/403/403 337/365/365
f 333/396/396 542/364/364 312/314/314 345/121/121
f 320/380/380 319/379/379 344/390/390 342/393/393
f 348/382/382 358/381/381 353/387/387 367/386/386
f 370/389/389 350/388/388 368/405/405 356/406/406
f 390/42/42 342/393/393 351/392/392 169/150/150
f 371/391/391 372/407/407 347/408/408 351/392/392
f 347/408/408 389/117/117 169/150/150 351/392/392
f 369/409/409 356/406/406 368/405/405 359/410/410
f 371/391/391 344/390/390 343/371/371 372/407/407
f 343/371/371 344/390/390 319/379/379 373/372/372
f 373/372/372 319/379/379 348/382/382 374/411/411
f 375/412/412 367/386/386 370/389/389 388/413/413
f 374/411/411 348/382/382 367/386/386 375/412/412
f 324/358/358 321/357/357 336/360/360 330/359/359
f 335/363/363 323/355/355 324/358/358 379/375/375
f 321/357/357 360/401/401 361/402/402 336/360/360
f 377/414/414 361/402/402 360/401/401 378/415/415
f 355/397/397 354/376/376 378/415/415 360/401/401
f 343/371/371 326/370/370 347/408/408 372/407/407
f 396/416/416 353/387/387 358/381/381 395/417/417
f 381/418/418 320/380/380 342/393/393 390/42/42
f 395/417/417 358/381/381 320/380/380 381/418/418
f 397/419/419 350/388/388 353/387/387 396/416/416
f 398/120/120 368/405/405 350/388/388 397/419/419
f 380/188/188 352/395/395 338/394/394 359/410/410
f 382/420/420 541/377/377 347/408/408 326/370/370
f 326/370/370 325/373/373 346/378/378 382/420/420
f 541/377/377 382/420/420 346/378/378
f 340/368/368 341/367/367 357/385/385 383/400/400
f 384/421/421 376/422/422 356/406/406 369/409/409
f 329/374/374 330/359/359 331/362/362 327/369/369
f 388/413/413 370/389/389 356/406/406 376/422/422
f 325/373/373 373/372/372 374/411/411 385/423/423
f 375/412/412 386/424/424 385/423/423 374/411/411
f 354/376/376 346/378/378 325/373/373 385/423/423
f 386/424/424 378/415/415 354/376/376 385/423/423
f 378/415/415 386/424/424 387/425/425 377/414/414
f 376/422/422 377/414/414 387/425/425 388/413/413
f 386/424/424 375/412/412 388/413/413 387/425/425
f 362/398/398 369/409/409 359/410/410 338/394/394
f 398/120/120 380/188/188 359/410/410 368/405/405
f 369/409/409 362/398/398 361/402/402 384/421/421
f 384/421/421 361/402/402 377/414/414 376/422/422
f 349/322/322 334/321/321 329/374/374 328/399/399
f 186/186/186 187/187/187 131/345/345 130/343/343
f 183/183/183 186/186/186 130/343/343 68/335/335
f 184/184/184 183/183/183 68/335/335 67/334/334
f 67/334/334 58/331/331 182/181/181 184/184/184
f 182/181/181 58/331/331 180/180/180 181/182/182
f 57/329/329 179/178/178 180/180/180 58/331/331
f 178/179/179 179/178/178 57/329/329 56/328/328
f 185/185/185 178/179/179 56/328/328 116/341/341
f 380/188/188 185/185/185 116/341/341 106/339/339
f 352/395/395 380/188/188 106/339/339 105/337/337
f 391/384/384 352/395/395 105/337/337 49/325/325
f 357/385/385 391/384/384 49/325/325 48/324/324
f 383/400/400 357/385/385 48/324/324 47/323/323
f 349/322/322 383/400/400 47/323/323 314/317/317
f 314/317/317 315/318/318 316/319/319 349/322/322
f 533/426/426 534/427/427 202/204/204 200/203/203
f 198/199/199 199/202/202 392/428/428 200/203/203
f 201/200/200 202/204/204 233/217/217 223/216/216
f 393/429/429 392/428/428 199/202/202 394/430/430
f 303/309/309 188/109/109 189/191/191 146/127/127
f 394/430/430 146/127/127 1082/125/125 393/429/429
f 303/309/309 146/127/127 394/430/430 199/202/202
f 16/18/18 25/27/27 18/162/162 17/15/15
f 25/27/27 24/26/26 19/164/164 18/162/162
f 24/26/26 22/23/23 20/165/165 19/164/164
f 111/90/90 34/172/172 142/28/28 112/25/25
f 22/23/23 23/22/22 28/29/29 20/165/165
f 38/37/37 37/36/36 46/48/48 177/174/174
f 34/172/172 111/90/90 308/313/313 307/312/312
f 306/311/311 309/310/310 313/316/316 318/431/431
f 307/312/312 306/311/311 305/253/253 273/248/248
f 286/285/285 305/253/253 306/311/311 318/431/431
f 318/431/431 304/307/307 191/286/286 286/285/285
f 318/431/431 313/316/316 302/308/308 304/307/307
f 398/120/120 395/417/417 390/42/42
f 397/419/419 396/416/416 395/417/417 398/120/120
f 381/418/418 390/42/42 395/417/417
f 468/130/130 469/432/432 532/192/192 147/131/131
f 526/433/433 11/38/38 38/37/37 1/434/434
f 1/434/434 38/37/37 177/174/174 531/176/176
f 949/153/153 167/32/32 11/38/38 526/433/433
f 399/157/157 168/103/103 33/33/33 527/152/152
f 535/190/190 70/56/56 74/59/59 710/435/435
f 217/175/175 269/246/246 400/436/436 829/177/177
f 1079/437/437 207/1231/264 240/263/263 228/438/438
f 536/289/289 214/269/269 474/1228/272 1027/1222/439
f 269/246/246 232/245/245 3/440/440 400/436/436
f 232/245/245 215/221/221 1078/441/441 3/440/440
f 951/442/442 290/295/295 268/291/291 832/290/290
f 240/263/263 293/296/296 296/443/443 228/438/438
f 233/217/217 202/204/204 534/427/427 950/219/219
f 402/444/444 401/445/445 61/327/327 59/326/326
f 403/446/446 402/444/444 59/326/326 60/330/330
f 404/447/447 460/448/448 104/338/338 115/340/340
f 401/445/445 404/447/447 115/340/340 61/327/327
f 405/449/449 140/115/115 51/116/116 103/336/336
f 460/448/448 405/449/449 103/336/336 104/338/338
f 65/332/332 406/450/450 461/451/451 66/333/333
f 408/452/452 407/453/453 129/342/342 128/344/344
f 65/332/332 129/342/342 407/453/453 406/450/450
f 461/451/451 403/446/446 60/330/330 66/333/333
f 537/454/454 408/452/452 128/344/344 864/346/346
f 425/455/455 247/348/348 249/349/349 432/456/456
f 409/457/457 451/458/458 193/282/282 192/281/281
f 432/456/456 249/349/349 193/282/282 410/459/459
f 412/460/460 411/461/461 275/247/247 279/252/252
f 280/250/250 450/462/462 426/463/463 251/251/251
f 450/462/462 280/250/250 277/249/249 413/464/464
f 414/465/465 409/457/457 192/281/281 252/354/354
f 415/466/466 285/283/283 282/258/258 416/467/467
f 418/468/468 420/469/469 419/470/470 417/471/471
f 453/472/472 421/473/473 420/469/469 418/468/468
f 424/474/474 425/455/455 422/475/475 423/476/476
f 423/476/476 421/473/473 453/472/472 424/474/474
f 455/477/477 428/478/478 427/479/479 452/480/480
f 456/481/481 429/482/482 428/478/478 455/477/477
f 457/483/483 426/463/463 430/484/484 431/485/485
f 431/485/485 429/482/482 456/481/481 457/483/483
f 432/456/456 433/486/486 422/475/475 425/455/455
f 409/457/457 434/487/487 433/486/486 432/456/456
f 414/465/465 452/480/480 427/479/479 435/488/488
f 435/488/488 434/487/487 409/457/457 414/465/465
f 436/489/489 423/476/476 422/475/475 433/486/486
f 437/490/490 421/473/473 423/476/476 436/489/489
f 436/489/489 439/491/491 438/492/492 437/490/490
f 433/486/486 434/487/487 439/491/491 436/489/489
f 441/493/493 440/494/494 419/470/470 420/469/469
f 443/495/495 442/496/496 440/494/494 441/493/493
f 441/493/493 437/490/490 438/492/492 443/495/495
f 420/469/469 421/473/473 437/490/490 441/493/493
f 444/497/497 431/485/485 430/484/484 445/498/498
f 446/499/499 429/482/482 431/485/485 444/497/497
f 444/497/497 443/495/495 438/492/492 446/499/499
f 445/498/498 442/496/496 443/495/495 444/497/497
f 447/500/500 435/488/488 427/479/479 428/478/478
f 439/491/491 434/487/487 435/488/488 447/500/500
f 447/500/500 446/499/499 438/492/492 439/491/491
f 428/478/478 429/482/482 446/499/499 447/500/500
f 449/501/501 417/471/471 419/470/470 440/494/494
f 440/494/494 442/496/496 448/502/502 449/501/501
f 450/462/462 445/498/498 430/484/484 426/463/463
f 445/498/498 450/462/462 448/502/502 442/496/496
f 451/458/458 409/457/457 432/456/456 410/459/459
f 418/468/468 415/466/466 416/467/467 453/472/472
f 417/471/471 454/503/503 415/466/466 418/468/468
f 417/471/471 449/501/501 458/504/504 454/503/503
f 411/461/461 412/460/460 458/504/504 449/501/501
f 448/502/502 459/505/505 411/461/461 449/501/501
f 448/502/502 450/462/462 413/464/464 459/505/505
f 251/251/251 426/463/463 457/483/483 245/350/350
f 245/350/350 457/483/483 456/481/481 246/351/351
f 247/348/348 425/455/455 424/474/474 248/257/257
f 454/503/503 272/287/287 285/283/283 415/466/466
f 452/480/480 250/353/353 263/352/352 455/477/477
f 455/477/477 263/352/352 246/351/351 456/481/481
f 452/480/480 414/465/465 252/354/354 250/353/353
f 459/505/505 275/247/247 411/461/461
f 275/247/247 459/505/505 413/464/464 277/249/249
f 248/257/257 424/474/474 453/472/472 281/254/254
f 453/472/472 416/467/467 282/258/258 281/254/254
f 410/459/459 193/282/282 451/458/458
f 458/504/504 287/288/288 272/287/287 454/503/503
f 458/504/504 412/460/460 279/252/252 287/288/288
f 465/506/506 464/507/507 462/508/508 463/509/509
f 1086/1179/510 1085/1212/511 405/449/449 460/448/448
f 1085/1212/511 1087/1211/512 140/115/115 405/449/449
f 1087/1211/512 1088/1210/513 150/133/133 140/115/115
f 401/445/445 402/444/444 1116/1182/514 1117/1181/515
f 1118/1180/516 1086/1179/510 460/448/448 404/447/447
f 1115/1183/517 403/446/446 461/451/451 1114/1184/518
f 1110/1188/519 464/507/507 465/506/506 1109/1189/520
f 467/521/521 1111/1187/522 1112/1186/523 466/524/524
f 1088/1210/513 1089/1209/525 148/129/129 150/133/133
f 1089/1209/525 1090/1208/526 468/130/130 148/129/129
f 1115/1183/517 1116/1182/514 402/444/444 403/446/446
f 464/507/507 467/521/521 466/524/524 462/508/508
f 464/507/507 1110/1188/519 1111/1187/522 467/521/521
f 1021/527/527 465/506/506 463/509/509 1022/528/528
f 469/432/432 468/130/130 1090/1208/526 1091/1207/529
f 407/453/453 408/452/452 463/509/509 462/508/508
f 406/450/450 407/453/453 462/508/508 466/524/524
f 1113/1185/530 406/450/450 466/524/524 1112/1186/523
f 1117/1181/515 1118/1180/516 404/447/447 401/445/445
f 406/450/450 1113/1185/530 1114/1184/518 461/451/451
f 475/531/531 474/272/272 472/271/271 476/532/532
f 477/533/533 473/261/261 480/260/260 484/534/534
f 478/535/535 497/536/536 262/280/280 257/278/278
f 479/537/537 478/535/535 257/278/278 258/274/274
f 482/538/538 481/539/539 470/265/265 207/264/264
f 4/540/540 482/538/538 207/264/264 1079/1213/437
f 483/541/541 204/273/273 203/268/268 485/542/542
f 483/541/541 476/532/532 472/271/271 204/273/273
f 484/534/534 480/260/260 262/280/280 497/536/536
f 485/542/542 203/268/268 473/261/261 477/533/533
f 259/277/277 486/543/543 479/537/537 258/274/274
f 487/544/544 486/543/543 259/277/277 471/266/266
f 481/539/539 487/544/544 471/266/266 470/265/265
f 490/545/545 485/542/542 477/533/533 484/534/534
f 1041/546/546 499/547/547 488/548/548 538/549/549
f 490/545/545 489/550/550 475/531/531 476/532/532
f 494/551/551 493/552/552 486/543/543 495/553/553
f 497/536/536 486/543/543 493/552/552 496/554/554
f 502/555/555 501/556/556 496/554/554 503/557/557
f 504/558/558 491/559/559 509/560/560 505/561/561
f 502/555/555 507/562/562 492/563/563 500/564/564
f 492/563/563 488/548/548 499/547/547 500/564/564
f 510/565/565 509/560/560 491/559/559 511/566/566
f 500/564/564 498/567/567 501/556/556 502/555/555
f 507/562/562 511/566/566 491/559/559 492/563/563
f 512/568/568 506/569/569 508/570/570 503/557/557
f 498/567/567 490/545/545 484/534/534 501/556/556
f 498/567/567 500/564/564 499/547/547 513/571/571
f 498/567/567 513/571/571 489/550/550 490/545/545
f 511/566/566 507/562/562 508/570/570 506/569/569
f 506/569/569 1058/572/572 510/565/565 511/566/566
f 501/556/556 484/534/534 497/536/536 496/554/554
f 491/559/559 504/558/558 488/548/548 492/563/563
f 507/562/562 502/555/555 503/557/557 508/570/570
f 495/553/553 481/539/539 482/538/538 494/551/551
f 503/557/557 496/554/554 493/552/552 512/568/568
f 485/542/542 490/545/545 476/532/532 483/541/541
f 495/553/553 486/543/543 487/544/544 481/539/539
f 486/543/543 497/536/536 478/535/535 479/537/537
f 6/573/573 1067/574/574 512/568/568 493/552/552
f 538/549/549 488/548/548 504/558/558 1068/575/575
f 475/531/531 489/550/550 1069/576/576 539/577/577
f 504/558/558 505/561/561 1070/578/578 1068/575/575
f 1070/578/578 505/561/561 509/560/560 510/565/565
f 493/552/552 494/551/551 7/579/579 6/573/573
f 1022/528/528 463/509/509 408/452/452 537/454/454
f 392/428/428 393/429/429 1071/580/580 514/581/581
f 200/203/203 392/428/428 514/581/581 533/426/426
f 293/296/296 216/218/218 2/220/220 296/443/443
f 393/429/429 1082/125/125 678/124/124 1071/580/580
f 1108/582/582 1109/1189/520 465/506/506 1021/527/527
f 108/67/67 711/155/155 710/435/435 74/59/59
f 187/187/187 733/189/189 530/347/347 131/345/345
f 494/551/551 482/538/538 4/540/540 7/579/579
f 516/583/583 525/584/584 226/229/229 271/231/231
f 474/272/272 475/531/531 539/577/577 1027/439/439
f 513/571/571 499/547/547 5/585/585 540/586/586
f 489/550/550 513/571/571 540/586/586 1069/576/576
f 506/569/569 512/568/568 1067/574/574 1058/572/572
f 516/583/583 271/231/231 290/295/295 951/442/442
f 517/208/208 210/207/207 267/243/243 260/209/209
f 226/229/229 525/584/584 1073/587/587 270/224/224
f 289/294/294 518/211/211 520/588/588 242/293/293
f 242/293/293 520/588/588 235/239/239 224/270/270
f 520/588/588 238/297/297 241/240/240 235/239/239
f 518/211/211 515/210/210 238/297/297 520/588/588
f 523/212/212 518/211/211 289/294/294 190/302/302
f 519/228/228 210/207/207 521/206/206 524/230/230
f 521/206/206 522/205/205 190/302/302
f 190/302/302 522/205/205 523/212/212
f 270/224/224 1073/587/587 1078/441/441 215/221/221
f 541/377/377 333/396/396 345/121/121 366/118/118
f 542/364/364 335/363/363 334/321/321 312/314/314
f 347/408/408 541/377/377 366/118/118 389/117/117
f 379/375/375 329/374/374 334/321/321 335/363/363
f 545/589/589 544/590/590 543/591/591 546/592/592
f 544/590/590 545/589/589 548/593/593 547/594/594
f 551/595/595 552/596/596 546/592/592 543/591/591
f 552/596/596 551/595/595 550/597/597 553/598/598
f 555/599/599 556/600/600 553/598/598 550/597/597
f 556/600/600 555/599/599 554/601/601 557/602/602
f 558/603/603 580/604/604 560/605/605 559/606/606
f 559/606/606 560/605/605 570/607/607 562/608/608
f 554/601/601 564/609/609 563/610/610 565/611/611
f 565/611/611 563/610/610 644/612/612 569/613/613
f 566/614/614 555/599/599 550/597/597 567/615/615
f 564/609/609 554/601/601 555/599/599 566/614/614
f 560/605/605 543/591/591 544/590/590 570/607/607
f 563/610/610 576/616/616 575/617/617 644/612/612
f 545/589/589 572/618/618 571/619/619 548/593/593
f 548/593/593 571/619/619 574/620/620 573/621/621
f 565/611/611 577/622/622 557/602/602 554/601/601
f 577/622/622 565/611/611 569/613/613 673/623/623
f 578/624/624 547/594/594 549/625/625 579/626/626
f 570/607/607 544/590/590 547/594/594 578/624/624
f 580/604/604 551/595/595 543/591/591 560/605/605
f 567/615/615 550/597/597 551/595/595 580/604/604
f 557/602/602 582/627/627 581/628/628 556/600/600
f 556/600/600 581/628/628 583/629/629 553/598/598
f 942/630/630 584/631/631 636/632/632 707/633/633
f 585/634/634 636/632/632 584/631/631 586/635/635
f 578/624/624 588/636/636 562/608/608 570/607/607
f 608/637/637 609/638/638 605/639/639 604/640/640
f 604/640/640 585/634/634 586/635/635 608/637/637
f 608/637/637 595/641/641 597/642/642 609/638/638
f 586/635/635 596/643/643 595/641/641 608/637/637
f 665/644/644 615/645/645 614/646/646 664/647/647
f 664/647/647 614/646/646 616/648/648 650/649/649
f 617/650/650 619/651/651 618/652/652 621/653/653
f 620/654/654 621/653/653 616/648/648 614/646/646
f 615/645/645 622/655/655 620/654/654 614/646/646
f 701/656/656 624/657/657 623/658/658 700/659/659
f 624/657/657 626/660/660 625/661/661 623/658/658
f 572/618/618 545/589/589 546/592/592 627/662/662
f 629/663/663 659/664/664 657/665/665 628/666/666
f 659/664/664 629/663/663 630/667/667 605/639/639
f 584/631/631 631/668/668 596/643/643 586/635/635
f 632/669/669 552/596/596 553/598/598 583/629/629
f 627/662/662 546/592/592 552/596/596 632/669/669
f 582/627/627 557/602/602 577/622/622 633/670/670
f 634/671/671 616/648/648 621/653/653 618/652/652
f 635/672/672 637/673/673 636/632/632 585/634/634
f 707/633/633 636/632/632 637/673/673 706/674/674
f 642/675/675 643/676/676 620/654/654 622/655/655
f 643/676/676 617/650/650 621/653/653 620/654/654
f 644/612/612 645/677/677 568/678/678 569/613/613
f 706/674/674 637/673/673 652/679/679 705/680/680
f 653/681/681 652/679/679 637/673/673 635/672/672
f 652/679/679 653/681/681 655/682/682 654/683/683
f 654/683/683 704/684/684 705/680/680 652/679/679
f 604/640/640 605/639/639 630/667/667 656/685/685
f 656/685/685 635/672/672 585/634/634 604/640/640
f 657/665/665 659/664/664 672/686/686 658/687/687
f 659/664/664 605/639/639 609/638/638 672/686/686
f 699/688/688 668/689/689 667/690/690 666/691/691
f 623/658/658 625/661/661 669/692/692 668/689/689
f 668/689/689 699/688/688 700/659/659 623/658/658
f 673/623/623 677/693/693 633/670/670 577/622/622
f 606/694/694 671/695/695 670/696/696 594/697/697
f 634/671/671 651/698/698 650/649/649 616/648/648
f 672/686/686 647/699/699 646/700/700 658/687/687
f 609/638/638 597/642/642 647/699/699 672/686/686
f 594/697/697 670/696/696 709/701/701 593/702/702
f 593/702/702 709/701/701 735/703/703 592/704/704
f 943/705/705 673/623/623 569/613/613 568/678/678
f 674/706/706 943/705/705 568/678/678 675/707/707
f 584/631/631 942/630/630 941/708/708 631/668/668
f 676/709/709 674/706/706 675/707/707 857/710/710
f 143/123/123 680/711/711 679/712/712 678/124/124
f 680/711/711 681/713/713 1084/714/714 679/712/712
f 1019/715/715 684/716/716 683/717/717 682/718/718
f 1020/719/719 685/720/720 684/716/716 1019/715/715
f 704/684/684 654/683/683 686/721/721 703/722/722
f 687/723/723 702/724/724 703/722/722 686/721/721
f 702/724/724 687/723/723 624/657/657 701/656/656
f 688/725/725 687/723/723 686/721/721 689/726/726
f 626/660/660 624/657/657 687/723/723 688/725/725
f 689/726/726 686/721/721 654/683/683 655/682/682
f 690/727/727 688/725/725 689/726/726 691/728/728
f 692/729/729 626/660/660 688/725/725 690/727/727
f 693/730/730 625/661/661 626/660/660 692/729/729
f 693/730/730 694/731/731 669/692/692 625/661/661
f 691/728/728 629/663/663 628/666/666 690/727/727
f 695/732/732 694/731/731 643/676/676 642/675/675
f 617/650/650 643/676/676 694/731/731 693/730/730
f 692/729/729 619/651/651 617/650/650 693/730/730
f 696/733/733 655/682/682 653/681/681 697/734/734
f 697/734/734 653/681/681 635/672/672 656/685/685
f 691/728/728 689/726/726 655/682/682 696/733/733
f 697/734/734 656/685/685 630/667/667 696/733/733
f 696/733/733 630/667/667 629/663/663 691/728/728
f 690/727/727 628/666/666 619/651/651 692/729/729
f 618/652/652 619/651/651 628/666/666 657/665/665
f 658/687/687 646/700/700 651/698/698 634/671/671
f 658/687/687 634/671/671 618/652/652 657/665/665
f 667/690/690 668/689/689 669/692/692 698/735/735
f 698/735/735 669/692/692 694/731/731 695/732/732
f 573/621/621 549/625/625 547/594/594 548/593/593
f 666/691/691 574/620/620 571/619/619 699/688/688
f 699/688/688 571/619/619 572/618/618 700/659/659
f 700/659/659 572/618/618 627/662/662 701/656/656
f 701/656/656 627/662/662 632/669/669 702/724/724
f 702/724/724 632/669/669 583/629/629 703/722/722
f 703/722/722 583/629/629 581/628/628 704/684/684
f 704/684/684 581/628/628 582/627/627 705/680/680
f 705/680/680 582/627/627 633/670/670 706/674/674
f 706/674/674 633/670/670 677/693/693 707/633/633
f 707/633/633 677/693/693 916/736/736 942/630/630
f 708/737/737 685/720/720 709/701/701 670/696/696
f 527/152/152 949/153/153 573/621/621 574/620/620
f 528/738/154 642/675/675 622/655/655 711/739/155
f 666/691/691 667/690/690 529/740/156 399/741/157
f 712/742/158 695/732/732 642/675/675 528/738/154
f 667/690/690 698/735/735 713/743/159 529/740/156
f 713/743/159 698/735/735 695/732/732 712/742/158
f 559/606/606 715/744/738 714/745/739 558/603/603
f 558/603/603 714/745/739 797/746/740 716/747/741
f 561/748/742 798/749/743 813/750/744 717/751/745
f 716/747/741 797/746/740 798/749/743 561/748/742
f 562/608/608 773/752/746 715/744/738 559/606/606
f 576/616/616 719/753/747 718/754/748 575/617/617
f 575/617/617 718/754/748 721/755/749 720/756/750
f 717/751/745 813/750/744 719/753/747 576/616/616
f 588/636/636 772/757/751 773/752/746 562/608/608
f 587/758/752 722/759/753 772/757/751 588/636/636
f 531/176/176 829/177/177 722/759/753 587/758/752
f 723/760/754 595/641/641 596/643/643 724/761/755
f 597/642/642 595/641/641 723/760/754 725/762/756
f 646/700/700 647/699/699 727/763/757 726/764/758
f 597/642/642 725/762/756 727/763/757 647/699/699
f 651/698/698 729/765/759 728/766/760 650/649/649
f 724/761/755 596/643/643 631/668/668 730/767/761
f 650/649/649 728/766/760 731/768/762 664/647/647
f 664/647/647 731/768/762 732/769/763 665/644/644
f 941/708/708 932/770/764 730/767/761 631/668/668
f 729/765/759 651/698/698 646/700/700 726/764/758
f 665/644/644 732/769/763 733/771/189 535/772/190
f 708/737/737 670/696/696 671/695/695 734/773/765
f 734/773/765 1084/714/714 681/713/713 708/737/737
f 683/717/717 680/711/711 143/123/123 532/192/192
f 684/716/716 681/713/713 680/711/711 683/717/717
f 685/720/720 708/737/737 681/713/713 684/716/716
f 685/720/720 1020/719/719 735/703/703 709/701/701
f 836/774/766 741/775/767 743/776/768 765/777/769
f 746/778/770 748/779/771 750/780/772 747/781/773
f 747/781/773 750/780/772 763/782/774 749/783/775
f 748/779/771 782/784/776 751/785/777 750/780/772
f 1075/786/778 758/787/779 756/788/780 1077/789/781
f 760/790/782 759/791/783 803/792/784 758/787/779
f 760/790/782 758/787/779 1075/786/778 1076/793/785
f 741/775/767 836/774/766 761/794/786 762/795/787
f 766/796/788 781/797/789 771/798/790 770/799/791
f 950/219/219 771/798/790 781/797/789 2/220/220
f 792/800/792 775/801/793 816/802/794 791/803/795
f 777/804/796 842/805/797 746/778/770 747/781/773
f 842/805/797 840/806/798 766/796/788 746/778/770
f 748/779/771 746/778/770 766/796/788 770/799/791
f 779/807/799 816/802/794 775/801/793 778/808/800
f 817/809/801 779/807/799 778/808/800 780/810/802
f 785/811/803 784/812/804 783/813/805 786/814/806
f 790/815/807 841/816/808 749/783/775 849/817/809
f 762/795/787 761/794/786 788/818/810 776/819/811
f 806/820/812 764/821/813 765/777/769 743/776/768
f 814/822/814 812/823/815 791/803/795 816/802/794
f 756/788/780 814/822/814 816/802/794 779/807/799
f 787/824/816 783/813/805 784/812/804 815/825/817
f 822/826/818 852/827/819 721/755/749
f 718/754/748 823/828/820 822/826/818 721/755/749
f 719/753/747 824/829/821 823/828/820 718/754/748
f 813/750/744 793/830/822 824/829/821 719/753/747
f 826/831/823 825/832/824 852/827/819 822/826/818
f 827/833/825 828/834/826 808/835/827 744/836/828
f 830/837/829 827/833/825 744/836/828 745/838/830
f 1025/1215/831 743/776/768 741/775/767 752/1220/832
f 737/841/833 738/1227/834 740/1214/835 753/844/836
f 738/1227/834 737/841/833 754/845/837 742/1225/838
f 1024/1219/839 752/1220/832 741/775/767 762/795/787
f 755/1218/840 768/849/841 767/850/842 769/1217/843
f 755/1218/840 1023/1221/844 776/819/811 768/849/841
f 1023/1221/844 1024/1219/839 762/795/787 776/819/811
f 1026/1224/845 802/1223/846 804/855/847 805/856/848
f 742/1225/838 754/845/837 804/855/847 802/1223/846
f 801/1226/849 1026/1224/845 805/856/848 807/858/850
f 757/859/851 801/1226/849 807/858/850 806/820/812
f 806/820/812 743/776/768 1025/1215/831 757/859/851
f 785/811/803 773/752/746 772/757/751 784/812/804
f 796/860/852 785/811/803 786/814/806 739/861/853
f 784/812/804 772/757/751 722/759/753 815/825/817
f 786/814/806 783/813/805 791/803/795 812/823/815
f 783/813/805 787/824/816 792/800/792 791/803/795
f 812/823/815 739/861/853 786/814/806
f 795/862/854 830/837/829 745/838/830 736/863/855
f 811/864/856 865/865/857 866/866/858 831/867/859
f 536/289/289 767/850/842 833/868/860 832/290/290
f 834/869/861 767/850/842 768/849/841 835/870/862
f 817/809/801 834/869/861 835/870/862 837/871/863
f 780/810/802 838/872/864 834/869/861 817/809/801
f 838/872/864 833/868/860 767/850/842 834/869/861
f 774/873/865 840/806/798 737/841/833 753/844/836
f 842/805/797 777/804/796 804/855/847 754/845/837
f 777/804/796 841/816/808 805/856/848 804/855/847
f 754/845/837 737/841/833 840/806/798 842/805/797
f 790/815/807 807/858/850 805/856/848 841/816/808
f 789/874/866 788/818/810 744/836/828 808/835/827
f 759/791/783 789/874/866 808/835/827 800/875/867
f 745/838/830 744/836/828 788/818/810 761/794/786
f 761/794/786 836/774/766 736/863/855 745/838/830
f 736/863/855 836/774/766 765/777/769 851/876/868
f 803/792/784 759/791/783 800/875/867 799/877/869
f 799/877/869 812/823/815 814/822/814 803/792/784
f 764/821/813 850/878/870 851/876/868 765/777/769
f 807/858/850 790/815/807 764/821/813 806/820/812
f 837/871/863 839/879/871 1077/789/781 817/809/801
f 781/797/789 766/796/788 840/806/798 774/873/865
f 841/816/808 777/804/796 747/781/773 749/783/775
f 790/815/807 849/817/809 850/878/870 764/821/813
f 606/694/694 843/880/872 845/881/873 671/695/695
f 846/882/874 845/881/873 843/880/872 844/883/875
f 847/884/876 846/882/874 844/883/875 848/885/877
f 671/695/695 845/881/873 849/817/809 1083/886/878
f 850/878/870 849/817/809 845/881/873 846/882/874
f 846/882/874 847/884/876 851/876/868 850/878/870
f 854/887/879 856/888/880 853/889/881 855/890/882
f 749/783/775 763/782/774 1083/886/878 849/817/809
f 852/827/819 853/889/881 720/756/750 721/755/749
f 857/710/710 675/707/707 856/888/880 854/887/879
f 675/707/707 568/678/678 645/677/677 856/888/880
f 1072/891/883 676/709/709 857/710/710 858/892/884
f 858/892/884 857/710/710 854/887/879 868/893/885
f 843/880/872 606/694/694 607/894/886 859/895/887
f 844/883/875 843/880/872 859/895/887 860/896/888
f 868/893/885 848/885/877 861/897/889 858/892/884
f 860/896/888 861/897/889 848/885/877 844/883/875
f 862/898/890 1072/891/883 858/892/884 861/897/889
f 861/897/889 860/896/888 863/899/891 862/898/890
f 593/702/702 589/900/892 590/901/893 594/697/697
f 592/704/704 591/902/894 589/900/892 593/702/702
f 602/903/895 598/904/896 599/905/897 603/906/898
f 601/907/899 600/908/900 598/904/896 602/903/895
f 594/697/697 590/901/893 607/894/886 606/694/694
f 611/909/901 612/910/902 613/911/903 610/912/904
f 639/913/905 640/914/906 591/902/894 592/704/704
f 638/915/907 641/916/908 640/914/906 639/913/905
f 648/917/909 649/918/910 641/916/908 638/915/907
f 603/906/898 599/905/897 649/918/910 648/917/909
f 660/919/911 662/920/912 612/910/902 611/909/901
f 661/921/913 663/922/914 662/920/912 660/919/911
f 610/912/904 613/911/903 600/908/900 601/907/899
f 864/923/346 530/924/347 663/922/914 661/921/913
f 811/864/856 795/862/854 736/863/855 865/865/857
f 800/875/867 808/835/827 828/834/826 810/925/915
f 812/823/815 799/877/869 818/926/916 739/861/853
f 799/877/869 800/875/867 810/925/915 818/926/916
f 793/830/822 813/750/744 798/749/743 819/927/917
f 819/927/917 798/749/743 797/746/740 820/928/918
f 820/928/918 797/746/740 714/745/739 821/929/919
f 821/929/919 714/745/739 715/744/738 809/930/920
f 809/930/920 715/744/738 773/752/746 794/931/921
f 785/811/803 796/860/852 794/931/921 773/752/746
f 825/832/824 826/831/823 831/867/859 866/866/858
f 943/705/705 916/736/736 677/693/693 673/623/623
f 865/865/857 736/863/855 851/876/868 847/884/876
f 872/932/922 875/933/923 874/934/924 873/935/925
f 883/936/926 880/937/927 881/938/928 879/939/929
f 915/940/930 876/941/931 913/942/932 884/943/933
f 889/944/934 880/937/927 887/945/935 882/946/936
f 927/947/937 936/948/938 890/949/939 919/950/940
f 883/936/926 875/933/923 892/951/941 888/952/942
f 870/953/943 871/954/944 893/955/945 869/956/946
f 880/937/927 889/944/934 886/957/947 881/938/928
f 889/944/934 944/958/948 906/959/949 886/957/947
f 897/960/950 885/961/951 902/962/952 898/963/953
f 918/964/954 896/965/955 895/966/956 899/967/957
f 886/957/947 906/959/949 905/968/958 900/969/959
f 891/970/960 903/971/961 926/972/962 935/973/963
f 900/969/959 904/974/964 881/938/928 886/957/947
f 882/946/936 887/945/935 888/952/942 878/975/965
f 878/975/965 863/899/891 894/976/966 882/946/936
f 873/935/925 874/934/924 908/977/967 903/971/961
f 879/939/929 881/938/928 904/974/964 911/978/968
f 876/941/931 915/940/930 872/932/922 912/979/969
f 912/979/969 913/942/932 876/941/931
f 873/935/925 914/980/970 912/979/969 872/932/922
f 891/970/960 914/980/970 873/935/925 903/971/961
f 914/980/970 891/970/960 884/943/933 913/942/932
f 914/980/970 913/942/932 912/979/969
f 891/970/960 676/709/709 1072/891/883 884/943/933
f 869/956/946 896/965/955 918/964/954 870/953/943
f 871/954/944 897/960/950 898/963/953 893/955/945
f 885/961/951 917/981/971 901/982/972 902/962/952
f 942/630/630 916/736/736 895/966/956 896/965/955
f 899/967/957 895/966/956 877/983/973 907/984/974
f 877/983/973 895/966/956 916/736/736 943/705/705
f 910/985/975 909/986/976 901/982/972 917/981/971
f 899/967/957 907/984/974 919/950/940 918/964/954
f 919/950/940 890/949/939 870/953/943 918/964/954
f 890/949/939 920/987/977 871/954/944 870/953/943
f 922/988/978 921/989/979 885/961/951 897/960/950
f 920/987/977 922/988/978 897/960/950 871/954/944
f 875/933/923 883/936/926 879/939/929 874/934/924
f 915/940/930 892/951/941 875/933/923 872/932/922
f 874/934/924 879/939/929 911/978/968 908/977/967
f 924/990/980 925/991/981 908/977/967 911/978/968
f 903/971/961 908/977/967 925/991/981 926/972/962
f 919/950/940 907/984/974 877/983/973 927/947/937
f 929/992/982 930/993/983 893/955/945 898/963/953
f 928/994/984 942/630/630 896/965/955 869/956/946
f 930/993/983 928/994/984 869/956/946 893/955/945
f 931/995/985 929/992/982 898/963/953 902/962/952
f 941/708/708 931/995/985 902/962/952 901/982/972
f 932/770/764 909/986/976 900/969/959 905/968/958
f 927/947/937 877/983/973 933/996/986
f 934/997/987 933/996/986 877/983/973 935/973/963
f 933/996/986 934/997/987 927/947/937
f 927/947/937 934/997/987 935/973/963 936/948/938
f 882/946/936 894/976/966 944/958/948 889/944/934
f 917/981/971 923/998/988 940/999/989 910/985/975
f 888/952/942 887/945/935 880/937/927 883/936/926
f 921/989/979 923/998/988 917/981/971 885/961/951
f 936/948/938 937/1000/990 920/987/977 890/949/939
f 922/988/978 920/987/977 937/1000/990 938/1001/991
f 926/972/962 937/1000/990 936/948/938 935/973/963
f 938/1001/991 937/1000/990 926/972/962 925/991/981
f 925/991/981 924/990/980 939/1002/992 938/1001/991
f 923/998/988 921/989/979 939/1002/992 924/990/980
f 938/1001/991 939/1002/992 921/989/979 922/988/978
f 904/974/964 900/969/959 909/986/976 910/985/975
f 941/708/708 901/982/972 909/986/976 932/770/764
f 910/985/975 940/999/989 911/978/968 904/974/964
f 940/999/989 923/998/988 924/990/980 911/978/968
f 863/899/891 878/975/965 888/952/942 862/898/890
f 731/768/762 662/920/912 663/922/914 732/769/763
f 728/766/760 612/910/902 662/920/912 731/768/762
f 729/765/759 613/911/903 612/910/902 728/766/760
f 613/911/903 729/765/759 726/764/758 600/908/900
f 726/764/758 727/763/757 725/762/756 600/908/900
f 598/904/896 600/908/900 725/762/756 723/760/754
f 724/761/755 599/905/897 598/904/896 723/760/754
f 730/767/761 649/918/910 599/905/897 724/761/755
f 649/918/910 730/767/761 932/770/764 641/916/908
f 905/968/958 640/914/906 641/916/908 932/770/764
f 906/959/949 591/902/894 640/914/906 905/968/958
f 944/958/948 589/900/892 591/902/894 906/959/949
f 894/976/966 590/901/893 589/900/892 944/958/948
f 863/899/891 607/894/886 590/901/893 894/976/966
f 607/894/886 863/899/891 860/896/888 859/895/887
f 533/426/426 751/785/777 782/784/776 534/427/427
f 750/780/772 751/785/777 945/1003/993 763/782/774
f 748/779/771 770/799/791 771/798/790 782/784/776
f 763/782/774 945/1003/993 947/1004/994 946/1005/995
f 1083/886/878 1084/714/714 734/773/765 671/695/695
f 946/1005/995 947/1004/994 679/712/712 1084/714/714
f 946/1005/995 1084/714/714 1083/886/878 763/782/774
f 580/604/604 558/603/603 716/747/741 567/615/615
f 567/615/615 716/747/741 561/748/742 566/614/614
f 566/614/614 561/748/742 717/751/745 564/609/609
f 645/677/677 644/612/612 575/617/617 720/756/750
f 564/609/609 717/751/745 576/616/616 563/610/610
f 579/626/626 587/758/752 588/636/636 578/624/624
f 720/756/750 853/889/881 856/888/880 645/677/677
f 855/890/882 867/1006/996 868/893/885 854/887/879
f 853/889/881 852/827/819 825/832/824 855/890/882
f 866/866/858 867/1006/996 855/890/882 825/832/824
f 867/1006/996 866/866/858 865/865/857 847/884/876
f 867/1006/996 847/884/876 848/885/877 868/893/885
f 941/708/708 948/1007/997 931/995/985
f 948/1007/997 941/708/708 942/630/630 930/993/983
f 931/995/985 948/1007/997 930/993/983 929/992/982
f 928/994/984 930/993/983 942/630/630
f 682/718/718 683/717/717 532/192/192 469/432/432
f 526/433/433 1/434/434 579/626/626 549/625/625
f 1/434/434 531/176/176 587/758/752 579/626/626
f 949/153/153 526/433/433 549/625/625 573/621/621
f 399/741/157 527/152/152 574/620/620 666/691/691
f 535/772/190 710/1008/435 615/645/645 665/644/644
f 400/436/436 815/825/817 722/759/753 829/177/177
f 1079/437/437 228/438/438 753/844/836 740/1214/835
f 536/289/289 1027/1222/439 769/1217/843 767/850/842
f 3/440/440 787/824/816 815/825/817 400/436/436
f 1078/441/441 792/800/792 787/824/816 3/440/440
f 951/442/442 832/290/290 833/868/860 838/872/864
f 296/443/443 774/873/865 753/844/836 228/438/438
f 534/427/427 782/784/776 771/798/790 950/219/219
f 1009/1009/998 602/903/895 603/906/898 1008/1010/999
f 1012/1011/1000 601/907/899 602/903/895 1009/1009/998
f 1010/1012/1001 648/917/909 638/915/907 952/1013/1002
f 1008/1010/999 603/906/898 648/917/909 1010/1012/1001
f 1007/1014/1003 639/913/905 592/704/704 735/703/703
f 952/1013/1002 638/915/907 639/913/905 1007/1014/1003
f 611/909/901 610/912/904 953/1015/1004 1011/1016/1005
f 954/1017/1006 661/921/913 660/919/911 955/1018/1007
f 611/909/901 1011/1016/1005 955/1018/1007 660/919/911
f 953/1015/1004 610/912/904 601/907/899 1012/1011/1000
f 537/1019/454 864/923/346 661/921/913 954/1017/1006
f 956/1020/1008 957/1021/1009 818/926/916 810/925/915
f 981/1022/1010 796/860/852 739/861/853 958/1023/1011
f 957/1021/1009 1000/1024/1012 739/861/853 818/926/916
f 959/1025/1013 826/831/823 822/826/818 960/1026/1014
f 824/829/821 793/830/822 962/1027/1015 961/1028/1016
f 961/1028/1016 1006/1029/1017 823/828/820 824/829/821
f 796/860/852 981/1022/1010 984/1030/1018 794/931/921
f 830/837/829 795/862/854 963/1031/1019 1002/1032/1020
f 964/1033/1021 965/1034/1022 968/1035/1023 967/1036/1024
f 966/1037/1025 964/1033/1021 967/1036/1024 969/1038/1026
f 1001/1039/1027 971/1040/1028 970/1041/1029 956/1020/1008
f 971/1040/1028 1001/1039/1027 966/1037/1025 969/1038/1026
f 974/1042/1030 975/1043/1031 977/1044/1032 976/1045/1033
f 973/1046/1034 974/1042/1030 976/1045/1033 978/1047/1035
f 972/1048/1036 980/1049/1037 979/1050/1038 962/1027/1015
f 980/1049/1037 972/1048/1036 973/1046/1034 978/1047/1035
f 957/1021/1009 956/1020/1008 970/1041/1029 982/1051/1039
f 981/1022/1010 957/1021/1009 982/1051/1039 983/1052/1040
f 985/1053/1041 977/1044/1032 975/1043/1031 984/1030/1018
f 985/1053/1041 984/1030/1018 981/1022/1010 983/1052/1040
f 986/1054/1042 982/1051/1039 970/1041/1029 971/1040/1028
f 987/1055/1043 986/1054/1042 971/1040/1028 969/1038/1026
f 986/1054/1042 987/1055/1043 989/1056/1044 988/1057/1045
f 982/1051/1039 986/1054/1042 988/1057/1045 983/1052/1040
f 990/1058/1046 967/1036/1024 968/1035/1023 991/1059/1047
f 992/1060/1048 990/1058/1046 991/1059/1047 993/1061/1049
f 990/1058/1046 992/1060/1048 989/1056/1044 987/1055/1043
f 967/1036/1024 990/1058/1046 987/1055/1043 969/1038/1026
f 994/1062/1050 995/1063/1051 979/1050/1038 980/1049/1037
f 996/1064/1052 994/1062/1050 980/1049/1037 978/1047/1035
f 994/1062/1050 996/1064/1052 989/1056/1044 992/1060/1048
f 995/1063/1051 994/1062/1050 992/1060/1048 993/1061/1049
f 997/1065/1053 976/1045/1033 977/1044/1032 985/1053/1041
f 988/1057/1045 997/1065/1053 985/1053/1041 983/1052/1040
f 997/1065/1053 988/1057/1045 989/1056/1044 996/1064/1052
f 976/1045/1033 997/1065/1053 996/1064/1052 978/1047/1035
f 998/1066/1054 991/1059/1047 968/1035/1023 965/1034/1022
f 991/1059/1047 998/1066/1054 999/1067/1055 993/1061/1049
f 961/1028/1016 962/1027/1015 979/1050/1038 995/1063/1051
f 995/1063/1051 993/1061/1049 999/1067/1055 961/1028/1016
f 957/1021/1009 981/1022/1010 958/1023/1011 1000/1024/1012
f 964/1033/1021 966/1037/1025 1002/1032/1020 963/1031/1019
f 965/1034/1022 964/1033/1021 963/1031/1019 1003/1068/1056
f 965/1034/1022 1003/1068/1056 1004/1069/1057 998/1066/1054
f 1004/1069/1057 959/1025/1013 960/1026/1014 998/1066/1054
f 999/1067/1055 998/1066/1054 960/1026/1014 1005/1070/1058
f 999/1067/1055 1005/1070/1058 1006/1029/1017 961/1028/1016
f 793/830/822 819/927/917 972/1048/1036 962/1027/1015
f 819/927/917 820/928/918 973/1046/1034 972/1048/1036
f 810/925/915 828/834/826 1001/1039/1027 956/1020/1008
f 795/862/854 811/864/856 1003/1068/1056 963/1031/1019
f 821/929/919 809/930/920 975/1043/1031 974/1042/1030
f 820/928/918 821/929/919 974/1042/1030 973/1046/1034
f 975/1043/1031 809/930/920 794/931/921 984/1030/1018
f 822/826/818 1005/1070/1058 960/1026/1014
f 822/826/818 823/828/820 1006/1029/1017 1005/1070/1058
f 828/834/826 827/833/825 966/1037/1025 1001/1039/1027
f 966/1037/1025 827/833/825 830/837/829 1002/1032/1020
f 739/861/853 1000/1024/1012 958/1023/1011
f 811/864/856 831/867/859 1004/1069/1057 1003/1068/1056
f 1004/1069/1057 831/867/859 826/831/823 959/1025/1013
f 1013/1071/1059 1016/1072/1060 1015/1073/1061 1014/1074/1062
f 1097/1201/1063 952/1013/1002 1007/1014/1003 1096/1202/1064
f 1096/1202/1064 1007/1014/1003 735/703/703 1095/1203/1065
f 1095/1203/1065 735/703/703 1020/719/719 1094/1204/1066
f 1008/1010/999 1099/1199/1067 1100/1198/1068 1009/1009/998
f 1098/1200/1069 1010/1012/1001 952/1013/1002 1097/1201/1063
f 1101/1197/1070 1102/1196/1071 953/1015/1004 1012/1011/1000
f 1106/1192/1072 1107/1191/1073 1013/1071/1059 1014/1074/1062
f 1017/1086/1074 1018/1087/1075 1104/1194/1076 1105/1193/1077
f 1094/1204/1066 1020/719/719 1019/715/715 1093/1205/1078
f 1093/1205/1078 1019/715/715 682/718/718 1092/1206/1079
f 1009/1009/998 1100/1198/1068 1101/1197/1070 1012/1011/1000
f 1014/1074/1062 1015/1073/1061 1018/1087/1075 1017/1086/1074
f 1014/1074/1062 1017/1086/1074 1105/1193/1077 1106/1192/1072
f 1021/1092/527 1022/1093/528 1016/1072/1060 1013/1071/1059
f 469/432/432 1091/1207/529 1092/1206/1079 682/718/718
f 955/1018/1007 1015/1073/1061 1016/1072/1060 954/1017/1006
f 1011/1016/1005 1018/1087/1075 1015/1073/1061 955/1018/1007
f 1103/1195/1080 1104/1194/1076 1018/1087/1075 1011/1016/1005
f 1099/1199/1067 1008/1010/999 1010/1012/1001 1098/1200/1069
f 1011/1016/1005 953/1015/1004 1102/1196/1071 1103/1195/1080
f 1028/1095/1081 1029/1096/1082 755/848/840 769/851/843
f 1030/1097/1083 1040/1098/1084 1025/839/831 752/840/832
f 1031/1099/1085 801/857/849 757/1216/851 1037/1100/1086
f 1032/1101/1087 1026/853/845 801/857/849 1031/1099/1085
f 1033/1102/1088 740/843/835 738/842/834 1034/1103/1089
f 4/540/540 1079/1213/437 740/843/835 1033/1102/1088
f 1035/1104/1090 1036/1105/1091 1024/847/839 1023/852/844
f 1035/1104/1090 1023/852/844 755/848/840 1029/1096/1082
f 1040/1098/1084 1037/1100/1086 757/1216/851 1025/839/831
f 1036/1105/1091 1030/1097/1083 752/840/832 1024/847/839
f 1032/1101/1087 1048/1106/1092 802/854/846 1026/853/845
f 1038/1107/1093 742/846/838 802/854/846 1048/1106/1092
f 1034/1103/1089 738/842/834 742/846/838 1038/1107/1093
f 1039/1108/1094 1040/1098/1084 1030/1097/1083 1036/1105/1091
f 1041/546/546 538/549/549 1042/1109/1095 1052/1110/1096
f 1039/1108/1094 1029/1096/1082 1028/1095/1081 1043/1111/1097
f 1046/1112/1098 1049/1113/1099 1048/1106/1092 1047/1114/1100
f 1037/1100/1086 1050/1115/1101 1047/1114/1100 1048/1106/1092
f 1053/1116/1102 1065/1117/1103 1050/1115/1101 1054/1118/1104
f 1057/1119/1105 1045/1120/1106 1056/1121/1107 1055/1122/1108
f 1044/1123/1109 1061/1124/1110 1053/1116/1102 1060/1125/1111
f 1044/1123/1109 1060/1125/1111 1052/1110/1096 1042/1109/1095
f 1045/1120/1106 1057/1119/1105 510/565/565 1063/1126/1112
f 1060/1125/1111 1053/1116/1102 1054/1118/1104 1051/1127/1113
f 1045/1120/1106 1063/1126/1112 1061/1124/1110 1044/1123/1109
f 1064/1128/1114 1065/1117/1103 1062/1129/1115 1059/1130/1116
f 1051/1127/1113 1054/1118/1104 1040/1098/1084 1039/1108/1094
f 1052/1110/1096 1060/1125/1111 1051/1127/1113 1066/1131/1117
f 1051/1127/1113 1039/1108/1094 1043/1111/1097 1066/1131/1117
f 1063/1126/1112 1059/1130/1116 1062/1129/1115 1061/1124/1110
f 510/565/565 1058/572/572 1059/1130/1116 1063/1126/1112
f 1054/1118/1104 1050/1115/1101 1037/1100/1086 1040/1098/1084
f 1045/1120/1106 1044/1123/1109 1042/1109/1095 1056/1121/1107
f 1061/1124/1110 1062/1129/1115 1065/1117/1103 1053/1116/1102
f 1033/1102/1088 1034/1103/1089 1049/1113/1099 1046/1112/1098
f 1047/1114/1100 1050/1115/1101 1065/1117/1103 1064/1128/1114
f 1036/1105/1091 1035/1104/1090 1029/1096/1082 1039/1108/1094
f 1049/1113/1099 1034/1103/1089 1038/1107/1093 1048/1106/1092
f 1048/1106/1092 1032/1101/1087 1031/1099/1085 1037/1100/1086
f 6/573/573 1047/1114/1100 1064/1128/1114 1067/574/574
f 538/549/549 1068/575/575 1056/1121/1107 1042/1109/1095
f 1069/576/576 1043/1111/1097 1028/1095/1081 539/577/577
f 1070/578/578 1055/1122/1108 1056/1121/1107 1068/575/575
f 1070/578/578 510/565/565 1057/1119/1105 1055/1122/1108
f 7/579/579 1046/1112/1098 1047/1114/1100 6/573/573
f 1022/1093/528 537/1019/454 954/1017/1006 1016/1072/1060
f 1071/580/580 947/1004/994 945/1003/993 514/581/581
f 751/785/777 533/426/426 514/581/581 945/1003/993
f 774/873/865 296/443/443 2/220/220 781/797/789
f 947/1004/994 1071/580/580 678/124/124 679/712/712
f 1108/1190/582 1021/1092/527 1013/1071/1059 1107/1191/1073
f 710/1008/435 711/739/155 622/655/655 615/645/645
f 530/924/347 733/771/189 732/769/763 663/922/914
f 1046/1112/1098 7/579/579 4/540/540 1033/1102/1088
f 516/583/583 780/810/802 778/808/800 525/584/584
f 769/851/843 1027/439/439 539/577/577 1028/1095/1081
f 1066/1131/1117 540/586/586 5/585/585 1052/1110/1096
f 1043/1111/1097 1069/576/576 540/586/586 1066/1131/1117
f 1059/1130/1116 1058/572/572 1067/574/574 1064/1128/1114
f 516/583/583 951/442/442 838/872/864 780/810/802
f 758/787/779 803/792/784 814/822/814 756/788/780
f 1073/587/587 525/584/584 778/808/800 775/801/793
f 837/871/863 835/870/862 1074/1133/1118 760/790/782
f 835/870/862 768/849/841 776/819/811 1074/1133/1118
f 1074/1133/1118 776/819/811 788/818/810 789/874/866
f 760/790/782 1074/1133/1118 789/874/866 759/791/783
f 1076/793/785 839/879/871 837/871/863 760/790/782
f 1077/789/781 756/788/780 779/807/799 817/809/801
f 1077/789/781 839/879/871 1075/786/778
f 1076/793/785 1075/786/778 839/879/871
f 775/801/793 792/800/792 1078/441/441 1073/587/587
f 935/973/963 674/706/706 676/709/709 891/970/960
f 862/898/890 915/940/930 884/943/933 1072/891/883
f 674/706/706 935/973/963 877/983/973 943/705/705
f 862/898/890 888/952/942 892/951/941 915/940/930
f 499/547/547 1041/546/546 1052/1110/1096 5/585/585
s 76
f 1120/1134/1119 1123/1135/1120 1126/1136/1121 1119/1137/1122
f 1122/1138/1123 1123/1135/1120 1120/1134/1119 1131/1139/1124
f 1134/1140/1125 1135/1141/1126 1126/1136/1121 1123/1135/1120
f 1122/1138/1123 1121/1142/1127 1134/1140/1125 1123/1135/1120
f 1125/1143/1128 1124/1144/1129 1119/1137/1122 1126/1136/1121
f 1125/1143/1128 1126/1136/1121 1135/1141/1126 1140/1145/1130
f 1130/1146/1131 1127/1147/1132 1120/1134/1119 1119/1137/1122
f 1120/1134/1119 1127/1147/1132 1128/1148/1133 1131/1139/1124
f 1128/1148/1133 1129/1149/1134 1122/1138/1123 1131/1139/1124
f 1132/1150/1135 1135/1141/1126 1134/1140/1125 1133/1151/1136
f 1134/1140/1125 1121/1142/1127 1136/1152/1137 1133/1151/1136
f 1136/1152/1137 1121/1142/1127 1122/1138/1123 1129/1149/1134
f 1119/1137/1122 1124/1144/1129 1137/1153/1138 1130/1146/1131
f 1137/1153/1138 1124/1144/1129 1125/1143/1128 1138/1154/1139
f 1135/1141/1126 1132/1150/1135 1139/1155/1140 1140/1145/1130
f 1139/1155/1140 1138/1154/1139 1125/1143/1128 1140/1145/1130
s 77
f 1142/1156/1141 1145/1157/1142 1146/1158/1143 1141/1159/1144
f 1144/1160/1145 1145/1157/1142 1142/1156/1141 1152/1161/1146
f 1155/1162/1147 1156/1163/1148 1146/1158/1143 1145/1157/1142
f 1144/1160/1145 1143/1164/1149 1155/1162/1147 1145/1157/1142
f 1148/1165/1150 1147/1166/1151 1141/1159/1144 1146/1158/1143
f 1148/1165/1150 1146/1158/1143 1156/1163/1148 1162/1167/1152
f 1151/1168/1153 1149/1169/1154 1142/1156/1141 1141/1159/1144
f 1142/1156/1141 1149/1169/1154 1150/1170/1155 1152/1161/1146
f 1150/1170/1155 1158/1171/1156 1144/1160/1145 1152/1161/1146
f 1153/1172/1157 1156/1163/1148 1155/1162/1147 1154/1173/1158
f 1155/1162/1147 1143/1164/1149 1157/1174/1159 1154/1173/1158
f 1157/1174/1159 1143/1164/1149 1144/1160/1145 1158/1171/1156
f 1141/1159/1144 1147/1166/1151 1159/1175/1160 1151/1168/1153
f 1159/1175/1160 1147/1166/1151 1148/1165/1150 1161/1176/1161
f 1156/1163/1148 1153/1172/1157 1160/1177/1162 1162/1167/1152
f 1160/1177/1162 1161/1176/1161 1148/1165/1150 1162/1167/1152
s 1
f 1101/1082/1070 1163/1178/1163 1102/1083/1071
f 1086/510/510 1118/516/516 1163/1178/1163
f 1163/1178/1163 1118/516/516 1117/515/515
f 1163/1178/1163 1117/515/515 1116/514/514
f 1163/1178/1163 1116/514/514 1115/517/517
f 1163/1178/1163 1115/517/517 1114/518/518
f 1163/1178/1163 1114/518/518 1113/530/530
f 1163/1178/1163 1113/530/530 1112/523/523
f 1163/1178/1163 1112/523/523 1111/522/522
f 1163/1178/1163 1111/522/522 1110/519/519
f 1163/1178/1163 1110/519/519 1109/520/520
f 1163/1178/1163 1109/520/520 1108/1132/582
f 1163/1178/1163 1108/1132/582 1107/1085/1073
f 1163/1178/1163 1107/1085/1073 1106/1084/1072
f 1163/1178/1163 1106/1084/1072 1105/1089/1077
f 1163/1178/1163 1105/1089/1077 1104/1088/1076
f 1163/1178/1163 1104/1088/1076 1103/1094/1080
f 1163/1178/1163 1103/1094/1080 1102/1083/1071
f 1100/1080/1068 1163/1178/1163 1101/1082/1070
f 1099/1079/1067 1163/1178/1163 1100/1080/1068
f 1098/1081/1069 1163/1178/1163 1099/1079/1067
f 1097/1075/1063 1163/1178/1163 1098/1081/1069
f 1096/1076/1064 1163/1178/1163 1097/1075/1063
f 1095/1077/1065 1163/1178/1163 1096/1076/1064
f 1094/1078/1066 1163/1178/1163 1095/1077/1065
f 1093/1090/1078 1163/1178/1163 1094/1078/1066
f 1092/1091/1079 1163/1178/1163 1093/1090/1078
f 1091/529/529 1163/1178/1163 1092/1091/1079
f 1090/526/526 1163/1178/1163 1091/529/529
f 1089/525/525 1163/1178/1163 1090/526/526
f 1088/513/513 1163/1178/1163 1089/525/525
f 1087/512/512 1163/1178/1163 1088/513/513
f 1085/511/511 1163/1178/1163 1087/512/512
f 1086/510/510 1163/1178/1163 1085/511/511
g default
v -24.546963 133.187271 -8.604737
v -24.533518 132.995132 -7.199327
v -25.182573 130.820496 -7.333848
v -25.143026 131.041092 -8.699464
v -31.755463 106.666458 -5.706880
v -31.466721 109.121605 -6.279908
v -31.001841 109.301773 -5.051820
v -31.246141 106.834381 -4.600724
v -31.153135 111.348877 -6.667817
v -31.654917 108.833084 -7.624581
v -31.308332 111.022400 -8.135530
v -30.412649 105.128029 -10.110803
v -29.617002 107.527351 -10.876443
v -30.761059 107.962959 -10.090463
v -31.410662 105.547806 -9.293122
v -30.375107 106.844978 -3.790215
v -30.076029 109.259583 -4.116555
v -28.900217 108.998642 -3.741898
v -29.267841 106.641479 -3.523324
v -26.912788 106.979813 -10.981782
v -27.955622 104.564560 -10.294175
v -26.835039 104.437302 -9.853013
v -25.731127 106.851471 -10.427552
v -25.497568 107.921364 -4.852891
v -26.224277 105.564911 -4.759164
v -27.121561 105.965981 -4.101342
v -26.537340 108.313240 -4.220216
v -27.698320 108.677437 -3.884248
v -27.216681 111.030693 -4.063439
v -25.996229 110.664185 -4.374200
v -24.128197 106.910896 -8.289941
v -25.296713 104.519188 -7.994851
v -25.176252 104.776474 -6.765496
v -24.158251 107.149666 -6.923684
v -24.681236 107.512093 -5.753091
v -25.541323 105.149231 -5.643121
v -32.317043 104.018669 -6.116906
v -32.013340 106.397316 -6.918169
v -32.030819 104.276955 -5.029336
v -28.166029 106.329109 -3.697976
v -31.063086 110.609497 -9.571389
v -30.142220 110.132507 -10.657372
v -29.438335 112.465904 -11.129899
v -30.491743 112.972900 -10.120599
v -30.891529 113.474838 -8.690095
v -30.817684 113.888046 -7.191293
v -31.527969 108.446144 -8.964089
v -32.008354 106.019905 -8.164895
v -24.857025 110.265190 -4.936929
v -23.913427 109.870064 -5.816339
v -30.664816 111.512589 -5.371316
v -29.733189 111.492142 -4.329209
v -24.308287 112.617592 -5.102204
v -25.495564 113.002129 -4.648629
v -28.478336 111.321991 -3.993379
v -28.008255 113.722748 -4.393610
v -29.302624 113.985161 -4.786447
v -28.905996 109.708633 -11.438119
v -26.007263 109.295372 -11.411080
v -24.762609 109.266556 -10.750833
v -24.839424 131.223770 -10.188828
v -24.168259 133.300812 -10.090852
v -24.474539 130.394348 -4.864350
v -24.914036 130.594986 -6.062379
v -24.318071 132.790695 -5.896150
v -23.823980 132.561401 -4.722611
v -21.987659 131.953812 -3.057343
v -22.723904 129.875854 -3.259080
v -23.742678 130.188812 -3.902024
v -23.008570 132.289627 -3.786408
v -32.513287 100.318985 -3.586457
v -32.790348 99.994812 -4.571527
v -26.925760 103.295609 -4.590959
v -28.124704 99.400002 -4.256516
v -28.585228 99.756538 -3.487336
v -27.666826 103.683044 -3.879228
v -21.045134 130.501923 -13.450639
v -19.124720 129.827682 -13.367890
v -18.297451 131.906311 -13.376679
v -20.271908 132.565292 -13.366090
v -19.403162 131.093933 -2.945283
v -20.128176 128.990540 -3.104035
v -21.455780 129.439545 -2.984574
v -20.717047 131.532639 -2.780839
v -23.226442 109.387863 -8.433457
v -23.299479 109.547867 -7.022012
v -23.114246 111.583336 -9.944360
v -23.807838 109.292084 -9.736314
v -22.518997 111.685181 -8.549584
v -22.574858 111.918427 -7.078195
v -26.408123 102.864258 -5.477708
v -26.205242 102.479576 -6.529283
v -23.255152 112.242287 -5.874581
v -26.417690 102.238388 -7.606088
v -31.490587 104.451782 -4.061959
v -31.954552 103.204094 -8.366319
v -32.362938 103.650101 -7.263963
v -24.739077 106.811844 -9.533532
v -31.138966 102.804031 -9.160012
v -28.940075 102.257347 -9.531762
v -27.871241 102.116989 -9.209565
v -30.628660 104.472351 -3.420869
v -30.066448 102.497223 -9.509744
v -29.180092 104.806175 -10.400430
v -28.587919 104.039047 -3.416344
v -29.602751 104.320160 -3.228250
v -26.731386 113.371765 -4.445466
v -30.274178 114.043678 -5.846612
v -22.768711 130.997635 -12.847001
v -22.057930 133.058212 -12.755815
v -23.403265 133.294830 -11.573426
v -24.080259 131.237946 -11.650697
v -27.465248 109.431793 -11.630395
v -26.720179 111.695656 -11.969407
v -28.133266 112.037140 -11.786103
v -25.322544 111.485863 -11.721604
v -24.097519 111.447845 -11.022157
v -31.445215 98.581192 -8.127915
v -30.515642 98.324585 -8.286302
v -15.316946 130.637131 -10.726609
v -16.450197 131.187180 -12.467805
v -17.288195 129.104309 -12.473939
v -16.220089 128.493973 -10.818849
v -28.263790 107.215294 -11.145364
v -18.944429 128.653549 -3.766404
v -18.180475 130.747757 -3.607347
v -17.262247 130.567993 -4.719575
v -18.044456 128.452118 -4.843553
v -28.850462 98.258423 -7.547952
v -26.998068 102.113976 -8.534425
v -29.588818 98.208588 -8.071168
v -15.649346 130.318527 -7.369981
v -15.197184 130.357208 -8.886628
v -16.122553 128.220413 -9.089143
v -16.580505 128.192810 -7.548570
v -29.231037 100.125061 -2.851029
v -28.259455 98.431892 -6.818978
v -27.932608 98.695526 -5.972016
v -31.034357 100.571259 -2.454163
v -31.913618 100.525101 -2.826752
v -27.891609 99.037796 -5.097871
v -30.089514 100.412704 -2.507188
v -32.863365 99.623497 -5.624528
v -32.189163 98.913841 -7.538423
v -32.694500 99.256927 -6.660928
v -25.890635 104.403099 -9.095429
v -16.518099 130.467239 -6.064149
v -17.373684 128.340454 -6.183045
v -24.161055 135.147186 -7.064210
v -24.054079 135.284851 -8.560334
v -23.588898 137.352615 -8.540360
v -23.692339 137.228607 -6.962724
v -23.257559 139.537415 -8.512147
v -22.569416 139.475723 -10.117936
v -22.403290 141.710556 -10.226670
v -23.222553 141.829391 -8.564012
v -18.466419 144.644363 -12.269578
v -17.838984 145.884796 -12.353578
v -19.200779 147.025269 -11.973344
v -20.117735 145.497253 -11.779634
v -20.694456 148.008667 -10.960771
v -21.737106 146.143158 -10.779878
v -21.932938 148.466095 -9.092622
v -22.820747 146.407822 -8.916886
v -23.310490 146.482666 -6.717256
v -22.468506 148.567673 -6.786073
v -23.103302 146.193405 -4.496888
v -22.265238 148.333862 -4.428025
v -22.294844 145.633087 -2.535935
v -21.485163 147.759125 -2.352799
v -20.369471 146.886627 -0.857133
v -21.065668 145.036224 -1.093629
v -17.959900 135.368393 -2.903489
v -19.233374 135.705643 -2.667603
v -18.873358 138.044006 -2.048768
v -17.599863 137.595825 -2.658189
v -13.748610 136.508575 -8.217439
v -13.883167 134.522003 -8.570664
v -14.303287 134.518127 -6.977159
v -14.187581 136.527649 -6.688432
v -15.727628 136.967407 -4.297853
v -14.882747 136.721176 -5.396745
v -15.117796 134.722733 -5.688920
v -15.994496 134.926178 -4.511552
v -20.400652 138.238434 -1.993730
v -21.797977 138.530670 -2.565202
v -21.658777 140.745804 -1.924256
v -20.116337 140.403183 -1.088746
v -19.165520 146.093689 0.083175
v -19.710037 144.397614 -0.221665
v -23.532839 137.022385 -5.491197
v -22.936670 136.710770 -4.179124
v -23.283194 134.653748 -4.516694
v -23.868500 134.936356 -5.702546
v -20.157650 149.660278 -2.326020
v -20.919874 150.298508 -4.503648
v -18.855892 151.872910 -4.822831
v -18.021599 151.205170 -2.464570
v -18.307356 140.436417 -0.795777
v -16.166117 139.012589 -2.855439
v -17.037983 139.413712 -1.806764
v -16.563915 140.557663 -1.053208
v -15.887387 140.050919 -2.172318
v -15.182969 139.696381 -3.299500
v -16.791437 139.802460 -1.537377
v -16.218428 139.514130 -2.737695
v -15.753334 139.212082 -3.971307
v -14.576248 139.493561 -4.539460
v -13.774303 139.033783 -7.525895
v -14.083699 139.161957 -5.930909
v -15.589260 138.872543 -5.487069
v -15.570553 138.552399 -7.194451
v -21.888891 136.355103 -3.239518
v -20.584837 136.021957 -2.755815
v -21.284998 134.000397 -2.862306
v -22.396833 134.338989 -3.561585
v -22.973558 137.359512 -10.090959
v -23.532887 135.334747 -10.073411
v -16.687662 135.944214 -13.053056
v -16.202337 137.924164 -12.762330
v -18.034639 138.452255 -12.944383
v -18.590744 136.483231 -13.209123
v -17.446718 150.013138 -11.590837
v -18.546545 151.397903 -9.726762
v -20.471146 150.235870 -9.374940
v -19.211927 149.227005 -11.188920
v -16.574345 137.265594 -3.380967
v -16.842644 135.146561 -3.475236
v -19.125404 151.927505 -7.280320
v -21.073771 150.540070 -6.970445
v -15.880745 139.868439 -12.355485
v -17.582123 140.448380 -12.680818
v -15.772150 141.607025 -12.096803
v -15.668367 142.909210 -12.386857
v -16.904268 143.812485 -12.400697
v -17.220976 142.325119 -12.470674
v -15.702719 143.805008 -12.636964
v -15.228558 144.220169 -12.974153
v -15.943159 145.346802 -12.875047
v -16.582773 144.837051 -12.564454
v -14.694305 137.365784 -11.726579
v -14.552824 139.288239 -11.350068
v -17.430164 133.951309 -13.284669
v -19.416550 134.559204 -13.349931
v -21.432085 139.299377 -11.492768
v -21.085190 141.420074 -11.551423
v -23.584970 141.751007 -6.770219
v -23.535141 139.434952 -6.860230
v -17.982712 147.823883 -12.211976
v -16.581184 148.268555 -12.532548
v -14.012136 138.225433 -6.325028
v -14.686897 138.511780 -5.051972
v -22.791933 138.873734 -3.741624
v -19.971336 133.619202 -2.625733
v -18.663563 133.232437 -2.846452
v -16.897839 146.454803 -12.623597
v -15.836969 146.794464 -12.947587
v -21.238367 135.026886 -12.674470
v -20.422609 136.932144 -12.560044
v -21.920214 137.234070 -11.489137
v -22.653187 135.283661 -11.518052
v -15.755247 139.477585 -10.370477
v -14.497236 140.617523 -11.217042
v -14.060984 139.423599 -9.386903
v -16.091469 138.852280 -8.907296
v -19.852695 138.922012 -12.472276
v -14.589302 132.753983 -10.632249
v -15.663015 133.297714 -12.381623
v -17.502121 132.864319 -3.500550
v -16.599701 132.704788 -4.593827
v -14.924876 132.435226 -7.202561
v -14.470171 132.456940 -8.770082
v -11.025616 151.208405 -11.421220
v -11.259891 152.381287 -10.153184
v -13.034468 152.259506 -10.108155
v -12.564236 151.073135 -11.463655
v -17.511539 140.834290 0.837134
v -17.382959 140.402313 -0.449334
v -17.303801 141.574539 0.182784
v -13.815329 138.436203 -9.741548
v -15.475285 140.166901 -11.821832
v -14.935783 140.715027 -12.707788
v -15.182613 142.561676 -12.699967
v -15.344030 141.868637 -12.022019
v -13.789366 136.739624 -10.000474
v -13.995768 134.831268 -10.400224
v -14.990252 135.362747 -12.140763
v -17.667341 149.798004 -0.765718
v -17.136574 148.716202 0.216659
v -18.289064 147.635147 0.226211
v -19.244375 148.631332 -0.750169
v -15.801439 132.585526 -5.896302
v -23.353296 139.242630 -5.240846
v -23.370308 141.521317 -4.970887
v -22.697184 141.189194 -3.301545
v -18.776405 142.438141 -0.027741
v -17.986277 142.593628 0.411376
v -19.385765 140.954086 -12.382478
v -15.736856 145.871979 2.657683
v -16.761637 144.395996 2.383910
v -17.399490 145.063110 1.501098
v -16.618385 146.423203 1.725097
v -13.591031 138.138123 -7.860612
v -17.414219 146.956055 0.986587
v -16.544304 148.012451 0.891479
v -15.762798 147.622375 1.526427
v -15.400795 138.750519 -3.927445
v -17.753935 143.626633 0.956557
v -17.394579 143.043488 1.544799
v -13.912296 143.279510 -13.560609
v -14.603359 142.887390 -13.150102
v -14.000465 141.129730 -13.241181
v -13.143209 141.790314 -13.656053
v -18.575813 143.943909 0.438201
v -18.135527 145.507568 0.795684
v -17.224499 141.841949 2.255065
v -18.978870 142.973160 -12.287141
v -19.989119 142.554993 -0.595750
v -15.844500 148.604721 0.747710
v -15.046117 148.482239 1.059493
v -15.944803 149.232285 0.229858
v -16.066717 150.183029 -0.626863
v -16.537220 152.234711 -3.501039
v -15.771652 151.920670 -2.550431
v -16.105085 151.274246 -1.707047
v -13.470383 146.692902 -13.490739
v -12.241238 146.368896 -13.651887
v -12.115711 147.625778 -13.390992
v -13.566998 147.940857 -13.252275
v -12.154476 149.977783 -12.312806
v -10.784653 149.934952 -12.251191
v -16.951309 152.664719 -5.391618
v -12.139774 148.892792 -12.925416
v -10.725712 148.680374 -13.041154
v -14.691872 146.834793 -13.289292
v -14.287455 145.724854 -13.477647
v -13.397106 145.657013 -13.685380
v -13.894535 144.816833 -13.626695
v -13.386232 144.939667 -13.759538
v -17.179668 152.634857 -7.621308
v -16.467173 151.881927 -10.017106
v -14.719413 149.277023 0.397918
v -12.745500 151.736465 -2.632157
v -12.803020 150.850464 -1.303254
v -14.572273 151.163513 -1.472489
v -14.536991 151.975220 -2.627168
v -14.831137 152.215210 -10.047349
v -13.954523 150.855743 -11.541841
v -14.729417 147.291183 2.285354
v -15.061563 148.265686 -12.916963
v -13.293176 147.017059 3.176024
v -14.570019 145.181061 4.307136
v -14.954510 152.610382 -3.953324
v -15.224224 153.015533 -5.805284
v -15.251577 150.155823 -11.954591
v -15.436161 153.018677 -7.900102
v -13.181799 149.927322 -12.291001
v -13.541924 149.179230 -12.693894
v -12.458719 145.234512 -13.864228
v -13.247840 153.219208 -6.143708
v -12.937051 152.636780 -4.176011
v -10.941154 145.851120 -13.793397
v -10.713676 147.238403 -13.440370
v -15.147703 145.608383 -13.174958
v -14.574923 144.574417 -13.346711
v -13.210642 143.796509 -13.866288
v -12.326458 142.584229 -13.945123
v -11.746441 143.437714 -14.108628
v -12.746128 144.391525 -13.894441
v -11.274726 144.542450 -14.039308
v -13.339743 153.111176 -8.246690
v -12.334928 147.967331 2.122664
v -13.834790 148.295837 1.552962
v -16.331726 143.242432 3.407111
v -21.475805 142.977676 -1.463624
v -22.634338 143.426636 -2.890168
v -23.390358 143.991409 -4.704026
v -23.578218 144.178528 -6.720216
v -23.132420 144.148941 -8.719575
v -22.223293 143.999222 -10.483079
v -20.694815 143.559494 -11.630525
v -14.569756 150.173737 -0.452561
v -10.946463 150.501404 -0.875566
v -11.162910 149.637070 0.156127
v -12.951121 149.907623 -0.241151
v -29.567648 118.026840 -9.922212
v -28.950253 117.236351 -10.958306
v -28.410084 118.556656 -11.250566
v -28.982784 119.233971 -10.573693
v -27.464897 124.017838 -8.915849
v -26.836271 124.888878 -9.992715
v -26.253580 126.733086 -9.259683
v -26.448124 126.266182 -7.962609
v -22.417286 114.085190 -10.219491
v -21.719570 116.866272 -10.780793
v -22.877077 116.012726 -11.843186
v -23.453758 113.791153 -11.358438
v -26.186394 125.223862 -11.009126
v -25.795588 127.019844 -10.560647
v -26.994452 121.723534 -11.824609
v -26.461277 123.760086 -11.508996
v -27.089956 123.608162 -10.809838
v -27.702658 122.934654 -10.327020
v -23.804838 114.977295 -5.316430
v -25.010851 115.311142 -5.023301
v -26.981577 123.967064 -7.056268
v -27.752611 121.795181 -6.960572
v -28.501009 121.748650 -8.849557
v -28.914268 119.211708 -6.924958
v -29.513189 119.277130 -8.730561
v -25.714422 126.034927 -5.495515
v -26.202957 126.094643 -6.584298
v -25.523695 128.355637 -6.281159
v -25.103535 128.233154 -5.126908
v -24.343210 128.013321 -4.210206
v -25.049772 125.865120 -4.558282
v -26.183910 121.272774 -12.353250
v -25.236355 120.860672 -12.705026
v -24.596582 123.295647 -12.741952
v -25.615055 123.613747 -12.233209
v -23.840342 126.786217 -12.691964
v -24.995493 127.027809 -11.753198
v -25.362070 125.193687 -11.994241
v -24.266714 124.890999 -12.723062
v -27.923859 116.636360 -11.746408
v -26.703024 116.196617 -12.325555
v -26.342499 117.555283 -12.452172
v -27.465010 117.977493 -11.922059
v -23.057550 124.433121 -13.137597
v -21.773214 123.771774 -13.149064
v -20.894531 125.688225 -13.218728
v -22.462839 126.359528 -13.227921
v -25.785357 119.324028 -12.546685
v -26.793129 119.691040 -12.143228
v -26.228863 115.655289 -4.977220
v -25.697908 128.860916 -8.864717
v -25.372055 129.106735 -10.296205
v -24.608088 129.138840 -11.663484
v -23.318794 128.898163 -12.695313
v -23.327454 127.639870 -3.525414
v -18.584742 124.033409 -10.943292
v -18.547310 123.899719 -9.174256
v -17.291353 126.079025 -9.126390
v -17.326290 126.306114 -10.867974
v -19.349239 124.821869 -12.475953
v -18.247169 126.978050 -12.462380
v -19.996834 127.772522 -13.266633
v -21.771143 128.453583 -13.270768
v -17.712868 126.099556 -7.600457
v -18.871426 124.001747 -7.662942
v -25.800255 128.576019 -7.527101
v -20.713156 122.948860 -12.358941
v -22.510811 122.355011 -13.033135
v -21.669437 121.673500 -12.678750
v -20.874092 119.295769 -10.725030
v -21.639839 119.388390 -11.815789
v -22.175846 118.143394 -11.949456
v -23.528114 122.869904 -13.041047
v -24.235851 120.557022 -12.909181
v -23.249428 120.334038 -12.925866
v -21.735903 114.204292 -8.685441
v -20.905054 116.836548 -8.958619
v -28.376925 121.570343 -10.100389
v -27.352638 120.886116 -11.733621
v -22.655113 114.671776 -5.920419
v -21.802170 114.400162 -7.101899
v -19.933674 121.708603 -9.196641
v -20.081491 121.590935 -11.173043
v -20.406370 119.409096 -9.081903
v -24.463949 117.488800 -5.377175
v -25.619751 117.794212 -5.530091
v -22.211023 120.810440 -5.336915
v -21.423239 120.833290 -5.992898
v -21.606539 119.213875 -6.187249
v -22.785681 119.220779 -5.656220
v -19.877756 121.860329 -7.644509
v -20.596951 119.693634 -7.385285
v -20.971830 116.984665 -7.177636
v -22.072144 117.066269 -5.999261
v -24.749559 119.028969 -12.888177
v -25.166265 117.297394 -12.901093
v -23.952858 117.207352 -12.924378
v -23.702301 118.798828 -12.971787
v -28.676216 114.726036 -11.471429
v -29.772408 115.266663 -10.596955
v -25.437609 115.883263 -12.720498
v -24.134226 115.758034 -12.521554
v -27.690472 120.107864 -11.580338
v -28.887732 120.153145 -10.069238
v -30.341404 115.869926 -9.310182
v -26.033262 113.930267 -12.286798
v -27.387878 114.291061 -12.056764
v -20.803089 126.785347 -3.418374
v -22.057955 127.184410 -3.228127
v -18.959370 126.340492 -4.998284
v -19.787886 126.519974 -4.045182
v -21.681282 124.711899 -3.820710
v -22.865515 125.081100 -3.634767
v -21.513395 122.586533 -4.823716
v -22.482244 122.817757 -4.278588
v -20.721508 124.490837 -4.388787
v -24.039854 125.509972 -3.910729
v -19.918905 124.334900 -5.216218
v -18.344450 126.243156 -6.240289
v -19.315742 124.211929 -6.369966
v -20.816381 120.966850 -6.618554
v -24.679728 113.744301 -12.051728
v -29.723307 116.617821 -6.361566
v -30.300119 116.473083 -7.851029
v -23.463299 119.517464 -12.928338
v -21.365860 120.687599 -12.109109
v -24.501589 119.717613 -12.884515
v -25.522644 119.998978 -12.629037
v -26.492403 120.425087 -12.271585
v -27.455528 116.045166 -4.948922
v -22.921873 117.441261 -12.426965
v -23.261084 117.232628 -5.491731
v -23.605473 123.180260 -4.129327
v -23.198196 120.937988 -4.836236
v -23.893204 119.382332 -5.417764
v -24.993658 119.671547 -5.369470
v -24.321964 121.244629 -4.701585
v -26.068497 120.077881 -5.539231
v -25.328791 121.582001 -4.973710
v -27.945047 118.710571 -5.825662
v -28.710796 116.427292 -5.289819
v -26.760658 118.189491 -5.565057
v -27.060543 120.744278 -5.946626
v -24.692415 123.535789 -4.419686
v -25.598927 123.838715 -5.020173
v -26.303444 124.064674 -5.816445
v -26.176731 122.159668 -5.481538
v -20.252371 122.351761 -6.518876
v -20.743168 122.452538 -5.582879
v -26.726065 122.655777 -6.058457
v -29.388197 98.529663 -2.667909
v -29.453342 97.289452 -2.585733
v -30.064125 97.658722 -1.924356
v -30.148134 98.858978 -2.200471
v -31.087717 99.064621 -2.073335
v -31.039848 97.914185 -1.694451
v -32.042332 97.966232 -1.872064
v -32.006187 99.070747 -2.331826
v -32.767349 97.777512 -2.578721
v -32.651459 98.868431 -3.026429
v -33.151043 97.457680 -3.602692
v -32.961914 98.567253 -4.006875
v -33.270267 97.096077 -4.691155
v -33.039986 98.203949 -5.106912
v -29.438812 96.904518 -7.124192
v -30.134758 96.879272 -7.634377
v -28.634966 97.229134 -5.711144
v -28.939922 97.028587 -6.464364
v -28.898109 98.147110 -3.372766
v -28.475637 97.469666 -4.923318
v -28.907526 96.409027 -4.840028
v -28.874144 96.656624 -4.086755
v -28.577343 97.799080 -4.131425
v -29.084805 96.207138 -5.557107
v -29.355793 96.048203 -6.242876
v -29.063774 96.958397 -3.336869
v -29.821741 95.923752 -6.834977
v -30.466982 95.860092 -7.278527
v -30.992672 96.974869 -7.815888
v -31.892315 97.209579 -7.659866
v -32.536674 97.546776 -7.065011
v -32.915157 97.843781 -6.170304
v -32.813938 96.473068 -6.736375
v -32.225311 96.017776 -7.279649
v -31.269592 95.891449 -7.495820
v -33.174652 96.606293 -5.854211
v -13.266953 149.093048 0.677810
v -10.683095 152.630417 -4.050202
v -10.746555 151.418564 -2.238114
v -11.632927 148.852600 1.114623
v -11.364222 153.660675 -6.408143
v -11.515502 153.497849 -8.522843
v 1.817047 119.838707 -7.471261
v 3.485210 116.310417 -7.004861
v 1.711663 116.309975 -6.622361
v 3.784859 119.706581 -7.890542
v 12.290260 114.020561 6.011275
v 1.669669 114.857758 -6.452119
v 3.399361 114.857834 -6.697740
v 5.173444 114.889961 -6.579515
v 6.862899 114.955894 -6.265069
v 8.603456 115.030411 -5.784699
v 11.451065 115.218231 -3.908395
v 12.571386 115.273087 -2.649796
v 13.686724 115.327499 0.658241
v 13.630470 115.364166 2.468833
v 13.131789 115.402779 4.203292
v 12.269595 115.455902 5.747161
v 11.220204 115.558342 7.085486
v 12.114629 120.569893 7.162513
v 10.929013 120.823135 8.403472
v 2.909521 116.945435 11.383269
v 4.372718 116.781876 11.112472
v 2.996248 118.772278 11.421508
v 4.483282 118.599892 11.078940
v 4.930963 122.078697 11.402213
v 8.873954 117.711098 9.113769
v 10.213516 117.449150 8.140540
v 12.577264 119.742355 -4.785501
v 13.635279 119.699570 -3.346200
v 12.705867 116.751938 -2.818399
v 11.616792 116.718674 -4.128655
v 9.615665 119.649437 -6.977525
v 11.485151 117.202591 7.062659
v 13.711724 116.891335 2.264152
v 13.693815 116.821068 0.465537
v 3.254744 122.308128 11.648383
v 1.582696 122.441933 11.637168
v 6.525628 121.781876 10.910247
v 7.809801 119.588051 -7.681603
v 8.802734 116.500450 -6.064485
v 7.072145 116.439163 -6.585931
v 5.323849 116.366684 -6.950112
v 5.813813 119.597534 -8.011338
v 14.308372 119.821663 0.102752
v 14.187695 119.997520 1.970512
v 5.832760 116.555801 10.649657
v 5.975033 118.340271 10.616988
v 9.555251 121.152039 9.437026
v 13.146810 120.376373 5.614036
v 5.715784 114.020569 10.707931
v 12.448647 117.044708 5.614272
v 13.220575 116.952980 4.018600
v 13.814464 120.172371 3.848288
v 7.241407 116.285614 9.840568
v 11.920592 121.333328 -6.556405
v 1.435053 117.040741 11.447448
v 1.471439 118.873154 11.481460
v 14.655150 121.332436 -1.877755
v 10.047659 115.754799 8.167403
v 8.687578 116.014664 9.059592
v 14.121689 119.715553 -1.606255
v 13.311381 116.783806 -1.178246
v 8.084448 121.466843 10.289611
v 7.454563 118.013855 9.924491
v 11.223285 119.744781 -5.920457
v 10.346410 116.605026 -5.191331
v 10.161721 115.121162 -4.942765
v 13.317689 115.297089 -1.060235
v 13.430581 114.020561 -0.910783
v 6.145282 121.431274 -8.717050
v 4.038303 121.675751 -8.507813
v 13.478999 122.100395 5.526641
v 12.500182 122.348854 7.062004
v 16.497257 137.933563 -8.568986
v 16.699650 137.641647 -7.014131
v 16.737457 137.831650 -5.220872
v 16.912254 138.158142 -3.622727
v 17.015318 138.592056 -2.321794
v 17.067554 139.019440 -1.190873
v 17.429111 139.422867 -0.322633
v 1.704306 140.371597 9.574096
v 1.811411 142.062653 8.841445
v 1.549352 146.126221 5.927535
v 3.683973 138.633224 -13.671281
v 3.668839 134.541962 11.333831
v 4.857860 135.113373 11.520003
v 4.338012 137.424286 11.078422
v 3.243955 137.531891 10.839263
v 5.137688 139.640854 10.316222
v 3.863966 140.689636 9.785522
v 6.165921 141.926224 9.282821
v 8.499027 142.555679 8.661056
v 8.690200 141.604630 9.140090
v 12.376902 143.740601 6.494353
v 14.718008 142.789505 5.500274
v 16.871471 136.163635 -7.186418
v 16.994410 136.262970 -4.985017
v 13.407692 135.475693 -12.010438
v 14.639210 138.296188 -12.465745
v 15.755881 137.784714 -11.414109
v 14.747629 135.080994 -10.851777
v 14.935781 140.715027 -12.707780
v 16.251959 137.356415 -9.406709
v 15.755237 139.477570 -10.370469
v 16.091476 138.852295 -8.907289
v 14.725937 140.909241 6.394942
v 16.136677 138.414963 5.004180
v 16.193888 141.148239 4.275756
v 12.334928 147.967331 2.122664
v 10.482367 147.860245 3.119842
v 15.960447 134.702209 -9.099351
v 17.291035 138.845566 1.089416
v 16.705006 136.551971 1.833007
v 12.590112 142.167038 7.344008
v 3.796201 142.603195 8.883941
v 14.569998 145.180969 4.307143
v 12.498161 141.075470 8.105071
v 14.416104 139.840668 7.292632
v 16.059771 132.040573 1.549666
v 15.639723 129.582260 1.755401
v 16.002544 129.329376 -0.303849
v 16.272808 131.817963 -0.392671
v 8.936247 141.021515 -14.033998
v 6.971140 125.749443 -10.521783
v 9.197697 125.395966 -10.111512
v 8.188752 121.323936 -8.368585
v 4.603714 126.102730 -10.187097
v 2.273926 126.344505 -9.739388
v 10.471268 141.558212 8.726501
v 10.366514 142.598709 8.167296
v 8.075964 143.749710 8.031432
v 10.035638 143.933517 7.381133
v 9.835257 127.615692 -10.822885
v 12.020333 127.286102 -9.775941
v 11.327995 125.050217 -9.273416
v 15.412865 137.647537 6.601043
v 15.715880 134.912903 5.335494
v 5.953899 143.231918 8.569152
v 4.814679 146.882858 5.632094
v 3.190057 146.467941 5.897948
v 8.241138 132.221924 11.084846
v 7.915386 131.508270 10.942054
v 9.922172 131.104858 10.014297
v 5.813687 132.660950 11.547568
v 12.421251 127.765488 7.759635
v 12.031688 126.093094 8.062942
v 13.156533 125.936157 6.612105
v 13.598266 127.786125 6.277503
v 11.740228 131.974411 9.172362
v 11.700167 131.282837 8.827720
v 13.176143 132.004715 7.782226
v 10.979081 127.748917 9.006827
v 10.640868 126.250534 9.312133
v 8.529507 147.629715 4.158416
v 6.629463 147.315018 5.056991
v 7.500592 128.232941 10.861579
v 5.589132 128.718246 11.415420
v 5.460518 127.222923 11.572883
v 7.262959 126.815910 10.951301
v 3.650608 130.757278 11.443236
v 1.832476 131.244110 11.302550
v 1.757668 129.585526 11.518409
v 3.624098 129.209595 11.639358
v 16.791451 139.802490 -1.537370
v 16.218426 139.514130 -2.737687
v 15.753339 139.212097 -3.971299
v 7.402417 128.324783 -11.052049
v 15.570548 138.552383 -7.194444
v 15.589239 138.872498 -5.487062
v 15.553341 127.357079 1.748076
v 15.148555 129.558365 3.528281
v 15.031192 127.476494 3.514884
v 17.062340 135.619156 0.578383
v 16.816513 134.941010 -0.941560
v 11.405143 137.171585 10.053634
v 10.895998 137.430023 10.249541
v 6.648014 140.925735 9.721511
v 15.098182 135.324783 6.766723
v 10.349079 137.417755 10.481124
v 9.840099 137.261475 10.707763
v 9.349279 136.344009 11.035949
v 10.079848 131.757431 10.213859
v 14.440882 133.078934 6.560744
v 15.276719 125.327820 1.778403
v 14.626996 121.637703 1.854362
v 15.545651 125.079102 -0.298379
v 11.262802 134.751343 10.300529
v 6.776280 123.523987 11.003295
v 13.118527 132.760666 8.334945
v 14.174865 133.815506 7.486709
v 1.581169 137.547699 10.444167
v 12.872028 129.395142 7.357902
v 14.251424 130.088303 5.634643
v 10.781167 134.713257 10.552878
v 9.519464 136.848679 10.908790
v 10.149776 121.307205 -7.627931
v 14.441154 124.753105 -6.150842
v 14.911380 126.817657 -6.356706
v 15.652875 126.831055 -4.386689
v 15.261989 124.790985 -4.244508
v 15.467486 128.909042 -6.378816
v 16.081602 128.979614 -4.332994
v 14.228081 121.290276 -3.644975
v 16.028137 131.270538 -6.487245
v 16.452147 131.330994 -4.394380
v 13.995452 125.720207 5.127250
v 14.721266 125.548485 3.553145
v 14.168031 121.864281 3.749755
v 11.277636 122.600403 8.329986
v 10.835027 136.060730 10.492934
v 11.693734 134.886353 10.047912
v 11.982594 135.228561 9.881751
v 9.364267 127.907471 10.037902
v 9.013188 126.507668 10.205451
v 5.676847 131.447876 11.269179
v 7.677138 130.574905 10.688437
v 1.622473 135.154465 10.806289
v 1.721172 127.876762 11.708594
v 3.566235 127.598389 11.830474
v 12.149991 135.673584 9.779471
v 11.824001 136.772110 9.892089
v 10.946466 150.501419 -0.875566
v 1.777780 138.191452 -13.277452
v 3.338724 124.087982 11.581710
v 5.668416 130.094391 11.260627
v 3.611266 132.392746 11.256118
v 11.746440 143.437698 -14.108628
v 12.042923 136.231857 9.824882
v 4.987462 131.102142 -11.770997
v 9.789580 135.280334 10.972106
v 14.379331 131.793274 5.822463
v 13.062027 130.865387 7.327422
v 9.711539 130.214539 9.806403
v 6.318714 133.331787 11.599967
v 2.368634 128.531799 -10.415147
v 5.550724 139.243179 -13.791963
v 15.765113 127.172432 -0.265801
v 10.267598 134.919678 10.791015
v 9.497394 135.797302 11.045241
v 16.928610 136.553284 -3.191743
v 17.078217 137.126144 -1.691880
v 16.808815 134.224777 -6.892625
v 17.068359 134.165009 -4.695848
v 14.331569 127.490631 4.960876
v 9.934253 122.874321 9.491645
v 16.492502 131.525238 -2.354051
v 16.906416 134.437820 -2.664079
v 16.189028 129.148438 -2.394410
v 15.863130 126.962242 -2.344826
v 1.625330 124.248711 11.550620
v 14.378909 129.022858 -8.396348
v 15.113050 131.633438 -8.494889
v 4.842303 128.467865 -10.927644
v 15.591313 124.891678 -2.329698
v 1.680330 133.002335 11.037406
v 17.112741 137.853134 -0.345384
v 15.441667 132.246170 3.378020
v 15.475283 140.166901 -11.821824
v 10.691171 130.101898 -11.457215
v 12.740353 129.411346 -10.149476
v 8.103026 131.398239 -12.182237
v 11.898595 136.495285 -12.786180
v 11.376385 129.110275 8.726134
v 9.608535 129.152039 9.881751
v 7.632056 129.499664 10.766891
v 17.511538 140.834290 0.837142
v 14.652612 129.082703 4.827933
v 10.683096 152.630417 -4.050202
v 16.331732 143.242447 3.407119
v 13.714602 126.953033 -8.210420
v 13.112782 124.846626 -7.897454
v 17.382956 140.402298 -0.449327
v 10.746555 151.418564 -2.238114
v 2.381171 130.949188 -11.347108
v 16.505629 137.359970 3.291274
v 17.172960 139.976120 2.804107
v 11.543097 130.248169 8.639510
v 15.530261 133.814957 4.244552
v 1.980062 135.943680 -12.974442
v 4.085184 136.359344 -13.269883
v 11.364217 153.660645 -6.408143
v 6.085988 137.075363 -13.389817
v 9.589015 139.486084 -13.717011
v 11.060826 140.899002 -13.966645
v 3.914705 151.902206 -10.922486
v 1.190571 150.995773 -10.814820
v 2.548125 151.357971 -10.883012
v 13.771934 132.121368 -10.281175
v 5.597671 152.604813 -10.936296
v 5.851245 151.055939 -11.735261
v 6.026913 149.373077 -12.486695
v 6.171261 147.547379 -13.242234
v 6.255481 145.844757 -13.785768
v 6.561060 143.924500 -13.984803
v 6.893141 141.964020 -14.068757
v 7.313981 140.022522 -13.899980
v 7.940265 138.125076 -13.523255
v 10.275110 134.052673 -12.484208
v 12.161419 132.723511 -11.734178
v 1.367630 146.210724 -12.657655
v 11.162910 149.637070 0.156127
v 2.814428 146.587097 -13.045915
v 11.259890 152.381287 -10.153184
v 1.490812 142.336731 -13.250230
v 10.713677 147.238403 -13.440370
v 9.650129 152.921738 -10.444230
v 3.109291 142.760223 -13.757707
v 10.725715 148.680374 -13.041154
v 7.668810 153.332901 -10.433976
v 1.227535 149.679230 -11.406312
v 4.870822 143.299774 -13.949174
v 8.124764 144.584412 -13.999055
v 1.436823 144.462891 -13.056565
v 9.640397 145.246964 -13.879395
v 11.515498 153.497818 -8.522843
v 2.965999 144.831421 -13.487046
v 10.941155 145.851120 -13.793397
v 9.334012 148.387054 -13.102998
v 4.617707 145.338715 -13.761521
v 2.644935 150.085114 -11.636949
v 7.826501 147.928894 -13.152268
v 4.207514 150.500610 -11.735703
v 1.588192 140.238846 -13.373963
v 3.307307 140.737122 -13.909501
v 7.690557 151.354584 -11.712663
v 14.000466 141.129715 -13.241181
v 9.399430 151.365921 -11.551347
v 4.463935 147.100220 -13.248170
v 5.155526 141.305191 -13.978425
v 8.491437 142.774246 -14.137742
v 9.983804 143.706543 -14.192079
v 11.274728 144.542450 -14.039308
v 11.025615 151.208405 -11.421220
v 7.862919 146.309402 -13.585435
v 10.445046 142.163376 -14.211518
v 13.198126 138.944519 -13.101533
v 12.326458 142.584213 -13.945115
v 9.367832 146.810211 -13.544969
v 10.784654 149.934952 -12.251191
v 9.300108 149.951950 -12.439332
v 7.707502 149.768250 -12.467546
v 4.357687 148.927673 -12.588181
v 2.711720 148.429245 -12.364793
v 1.254357 148.069214 -12.047227
v 11.632928 148.852615 1.114623
v 9.859391 148.658279 1.951308
v 8.042651 148.564606 3.002578
v 6.275513 148.243271 3.965453
v 4.598675 147.856598 4.579085
v 3.041532 147.555771 4.825225
v 1.506587 147.215683 4.840652
v 13.293180 147.017075 3.176024
v 11.244584 146.839157 4.332824
v 9.085990 146.614609 5.371734
v 7.018318 146.182541 6.137313
v 5.111254 145.695206 6.646560
v 3.418643 145.243729 6.935958
v 1.672871 144.856995 6.999419
v 17.224520 141.842026 2.255080
v 13.143211 141.790329 -13.656053
v 12.060632 139.757828 -13.534165
v 10.622397 137.911118 -13.288682
v 8.859009 136.165009 -13.053254
v 6.851069 134.672791 -12.868836
v 4.555076 133.814926 -12.643327
v 2.210351 133.489700 -12.322434
v 13.320453 121.280205 -5.276269
v 5.082924 123.839012 11.428550
v 1.959199 121.919449 -8.106812
v 8.416839 123.205025 10.383811
v 14.790959 121.454491 -0.055787
v 6.746837 114.020554 -6.111871
v 8.524181 114.020554 -5.712449
v 11.572899 114.020561 -3.816186
v 12.685638 114.020561 -2.525758
v 13.709996 114.020561 2.718986
v 13.789915 114.020561 0.863860
v 13.196803 114.020561 4.473731
v 1.626724 114.020554 -6.482278
v 5.051283 114.020554 -6.387010
v 3.327280 114.020554 -6.628610
v 11.161622 114.020561 7.278167
v 2.836080 114.020576 11.570289
v 4.270587 114.020576 11.224875
v 7.097530 114.020569 9.902213
v 1.378072 114.020576 11.650283
v 9.899132 114.020569 8.276183
v 8.502338 114.020569 9.126159
v 10.202323 114.020554 -4.934724
v 9.392504 149.489502 0.888915
v 7.707443 149.368988 1.912093
v 6.051744 149.133438 2.854873
v 4.442199 148.810425 3.519881
v 2.922539 148.500443 3.779677
v 1.465261 148.158142 3.796187
v 1.786630 143.536331 7.979064
v 3.665320 144.049835 7.946639
v 5.563440 144.514282 7.659942
v 7.529497 144.968231 7.138106
v 9.610820 145.346466 6.447204
v 12.059901 145.466858 5.408904
v -0.000000 114.020554 -6.200395
v 0.000000 114.870110 -6.180627
v 0.000000 119.944527 -7.031030
v -0.000000 114.020576 11.518943
v 0.000000 118.913055 11.356505
v 0.000000 116.348061 -6.270951
v 0.000000 122.473747 11.425529
v 0.000001 135.386627 10.488982
v 0.000001 126.489799 -9.341760
v 0.000001 133.243759 10.767776
v 0.000001 127.913750 11.350806
v 0.000001 129.651535 11.173026
v 0.000001 140.055588 -12.566758
v 0.000001 145.709396 5.587874
v 0.000001 144.529022 6.774703
v 0.000001 146.022888 -12.147798
v 0.000001 135.895645 -12.288285
v -3.784858 119.706581 -7.890542
v -3.485210 116.310417 -7.004861
v -1.711659 116.309975 -6.622361
v -1.817047 119.838707 -7.471261
v -1.626724 114.020554 -6.482278
v -1.669669 114.857758 -6.452119
v -5.051283 114.020554 -6.387010
v -3.327281 114.020554 -6.628610
v -3.399360 114.857834 -6.697740
v -5.173443 114.889961 -6.579515
v -6.746837 114.020554 -6.111871
v -6.862899 114.955894 -6.265069
v -8.524180 114.020554 -5.712449
v -8.603457 115.030411 -5.784699
v -11.572899 114.020561 -3.816186
v -11.451066 115.218231 -3.908395
v -12.571386 115.273087 -2.649796
v -12.685640 114.020561 -2.525758
v -13.789915 114.020569 0.863860
v -13.686723 115.327499 0.658240
v -13.630470 115.364166 2.468833
v -13.709997 114.020561 2.718986
v -13.131789 115.402779 4.203292
v -13.196803 114.020561 4.473731
v -12.269595 115.455902 5.747161
v -12.290261 114.020561 6.011275
v -11.220204 115.558342 7.085486
v -11.161623 114.020561 7.278167
v -10.929013 120.823135 8.403472
v -12.114628 120.569893 7.162513
v -6.776280 123.523987 11.003295
v -6.525629 121.781876 10.910247
v -8.084456 121.466843 10.289611
v -2.836080 114.020576 11.570289
v -4.270587 114.020576 11.224875
v -4.372717 116.781876 11.112472
v -2.909521 116.945435 11.383269
v -4.483282 118.599892 11.078940
v -2.996248 118.772278 11.421508
v -3.254744 122.308128 11.648383
v -8.873954 117.711098 9.113769
v -10.213515 117.449150 8.140540
v -9.555251 121.152039 9.437026
v -12.577235 119.742355 -4.785501
v -13.635258 119.699570 -3.346200
v -12.705866 116.751938 -2.818398
v -11.616791 116.718674 -4.128655
v -7.809803 119.588051 -7.681603
v -8.188741 121.323936 -8.368585
v -10.149777 121.307205 -7.627931
v -11.485151 117.202591 7.062659
v -14.187694 119.997520 1.970512
v -13.711725 116.891335 2.264152
v -13.693815 116.821068 0.465537
v -14.308372 119.821663 0.102752
v -4.930963 122.078697 11.402213
v -3.338723 124.087982 11.581710
v -1.582695 122.441933 11.637168
v -9.615653 119.649437 -6.977525
v -8.802732 116.500450 -6.064485
v -7.072145 116.439163 -6.585931
v -5.323849 116.366684 -6.950112
v -5.813812 119.597534 -8.011338
v -14.626967 121.637703 1.854362
v -13.146809 120.376373 5.614036
v -5.832760 116.555801 10.649657
v -5.975034 118.340271 10.616988
v -5.715785 114.020569 10.707931
v -12.448646 117.044708 5.614272
v -13.220575 116.952980 4.018600
v -7.241407 116.285614 9.840568
v -7.097530 114.020569 9.902213
v -14.168014 121.864281 3.749755
v -13.814463 120.172371 3.848289
v -11.223269 119.744781 -5.920457
v -11.277635 122.600403 8.329986
v -9.934252 122.874321 9.491645
v -1.435053 117.040741 11.447448
v 0.000000 117.089615 11.347945
v -1.378073 114.020576 11.650283
v -1.471438 118.873154 11.481460
v -1.625330 124.248711 11.550620
v -14.121688 119.715553 -1.606256
v -14.228083 121.290276 -3.644975
v -9.899132 114.020569 8.276183
v -10.047659 115.754799 8.167403
v -8.687578 116.014664 9.059592
v -8.502339 114.020569 9.126159
v -13.311381 116.783806 -1.178247
v -7.454564 118.013855 9.924491
v -10.346409 116.605026 -5.191331
v -10.161721 115.121162 -4.942765
v -10.202324 114.020554 -4.934724
v -13.317688 115.297089 -1.060235
v -13.430581 114.020561 -0.910783
v 0.000001 122.090698 -7.691957
v -16.251955 137.356415 -9.406724
v -16.497265 137.933563 -8.569001
v -16.699661 137.641678 -7.014131
v -16.871473 136.163651 -7.186418
v -16.737459 137.831696 -5.220887
v -16.994411 136.262970 -4.985017
v -16.912251 138.158127 -3.622727
v -16.928600 136.553207 -3.191743
v -17.078211 137.126190 -1.691895
v -17.015308 138.592056 -2.321794
v -17.112740 137.853134 -0.345384
v -17.067551 139.019485 -1.190873
v -17.291037 138.845596 1.089416
v -17.429113 139.422897 -0.322648
v -3.243972 137.531845 10.839309
v -3.668834 134.542038 11.333861
v -3.864006 140.689713 9.785537
v -6.648084 140.925766 9.721557
v -6.165972 141.926254 9.282851
v -8.499082 142.555695 8.661071
v -12.059911 145.466721 5.408889
v -12.376929 143.740692 6.494353
v -14.718059 142.789673 5.500258
v -14.639208 138.296188 -12.465745
v -15.755877 137.784714 -11.414124
v -14.747631 135.080994 -10.851777
v -13.407682 135.475693 -12.010438
v -13.198126 138.944550 -13.101533
v -14.725964 140.909317 6.394912
v -16.136684 138.415161 5.004149
v -16.193869 141.148071 4.275741
v -12.590155 142.166824 7.343993
v -3.796227 142.603226 8.883956
v -1.811424 142.062576 8.841460
v -1.704321 140.371460 9.574126
v -14.416154 139.840607 7.292602
v -15.412867 137.647186 6.601012
v -16.002522 129.329376 -0.303849
v -16.272808 131.817963 -0.392671
v -16.059769 132.040573 1.549666
v -15.639719 129.582260 1.755401
v -7.668815 153.332855 -10.433976
v -9.650136 152.921738 -10.444230
v -9.399425 151.365921 -11.551347
v -7.690554 151.354568 -11.712663
v -6.145281 121.431274 -8.717050
v -6.971139 125.749443 -10.521783
v -9.197696 125.395966 -10.111512
v -4.603715 126.102730 -10.187097
v -2.273925 126.344505 -9.739388
v -2.368635 128.531799 -10.415147
v -4.842303 128.467865 -10.927644
v -10.366591 142.598938 8.167296
v -8.076014 143.749603 8.031432
v -10.035668 143.933441 7.381133
v -9.835256 127.615692 -10.822885
v -12.020347 127.286102 -9.775941
v -11.327997 125.050217 -9.273416
v -15.098146 135.324738 6.766692
v -15.715848 134.913055 5.335479
v -7.018331 146.182373 6.137313
v -6.629467 147.314835 5.056991
v -4.814691 146.882935 5.632094
v -5.111265 145.695251 6.646575
v -3.190067 146.467987 5.897948
v -3.418654 145.243774 6.935958
v -7.915355 131.508179 10.942054
v -9.922117 131.104919 10.014304
v -10.079788 131.757278 10.213859
v -5.813664 132.660995 11.547584
v -6.318694 133.331757 11.599998
v -12.421250 127.765488 7.759627
v -12.031693 126.093094 8.062942
v -13.156533 125.936157 6.612105
v -13.598264 127.786125 6.277503
v -11.700110 131.282959 8.827720
v -13.176095 132.004700 7.782210
v -13.118463 132.760559 8.334922
v -10.979067 127.748947 9.006820
v -10.640868 126.250534 9.312133
v -9.086003 146.614609 5.371734
v -8.529510 147.629715 4.158416
v -7.500580 128.233093 10.861579
v -5.589128 128.717941 11.415427
v -5.460508 127.222923 11.572883
v -7.262959 126.815910 10.951301
v -3.650596 130.757339 11.443252
v -1.832468 131.244202 11.302566
v -1.757666 129.585526 11.518409
v -3.624095 129.209564 11.639358
v -10.471362 141.558212 8.726501
v -7.402418 128.324783 -11.052049
v -15.553342 127.357079 1.748076
v -15.148553 129.558365 3.528281
v -15.031194 127.476494 3.514884
v -16.816515 134.941010 -0.941560
v -17.062330 135.619156 0.578368
v -4.038305 121.675751 -8.507813
v -5.953945 143.231842 8.569167
v -8.690277 141.604767 9.140121
v -11.405181 137.171600 10.053618
v -5.137740 139.640945 10.316283
v -10.349123 137.417740 10.481124
v -11.740170 131.974457 9.172362
v -14.440845 133.078964 6.560729
v -14.174827 133.815445 7.486686
v -4.338041 137.424377 11.078460
v -14.790961 121.454491 -0.055787
v -15.545654 125.079102 -0.298379
v -15.276720 125.327820 1.778403
v -10.781133 134.713211 10.552871
v -8.416830 123.205025 10.383811
v -1.581177 137.547806 10.444198
v -12.872005 129.395233 7.357894
v -14.251405 130.088455 5.634643
v -14.441155 124.753105 -6.150842
v -14.911380 126.817657 -6.356706
v -15.652875 126.831055 -4.386689
v -15.261992 124.790985 -4.244508
v -15.467486 128.909042 -6.378816
v -16.081572 128.979614 -4.332994
v -13.320456 121.280205 -5.276269
v -16.028147 131.270538 -6.487245
v -16.452141 131.330994 -4.394380
v -12.500173 122.348854 7.062003
v -13.478982 122.100395 5.526641
v -13.995454 125.720207 5.127250
v -14.721265 125.548485 3.553145
v -9.349300 136.344116 11.035972
v -10.835032 136.060699 10.492934
v -11.262762 134.751389 10.300529
v -11.693705 134.886444 10.047889
v -11.982579 135.228531 9.881728
v -9.519509 136.848785 10.908813
v -10.267573 134.919586 10.791030
v -9.013188 126.507668 10.205451
v -9.364267 127.907486 10.037902
v -9.840150 137.261444 10.707778
v -5.676835 131.447952 11.269202
v -7.677114 130.574844 10.688437
v 0.000001 137.566956 10.036513
v -1.622468 135.154373 10.806304
v -1.721171 127.876762 11.708594
v -3.566235 127.598389 11.830474
v -12.149966 135.673645 9.779449
v -12.042918 136.231812 9.824866
v -11.824027 136.772217 9.892074
v -12.498219 141.075500 8.105056
v -3.683969 138.633224 -13.671281
v -1.777778 138.191452 -13.277452
v -1.588189 140.238846 -13.373963
v -3.307303 140.737122 -13.909501
v -5.082924 123.839012 11.428550
v -5.668399 130.094620 11.260627
v -3.611253 132.392853 11.256133
v -1.227534 149.679230 -11.406312
v 0.000001 149.499100 -11.155763
v 0.000000 150.786240 -10.764070
v -1.190570 150.995773 -10.814820
v -2.548130 151.357834 -10.883027
v -3.914705 151.902206 -10.922486
v -4.207502 150.500336 -11.735688
v -2.644935 150.085114 -11.636949
v -13.061998 130.865524 7.327422
v -14.379293 131.793320 5.822455
v -9.711507 130.214447 9.806411
v -8.241106 132.221985 11.084868
v -4.857858 135.113480 11.520041
v -5.550714 139.243179 -13.791963
v -5.155515 141.305191 -13.978425
v -15.765115 127.172432 -0.265801
v -9.789583 135.280350 10.972121
v -16.808817 134.224777 -6.892625
v -17.068354 134.165009 -4.695848
v -14.331573 127.490631 4.960876
v -7.313980 140.022522 -13.899980
v -6.893138 141.964020 -14.068757
v -16.492510 131.525238 -2.354051
v -16.906408 134.437820 -2.664079
v -16.188999 129.148438 -2.394410
v -15.863130 126.962242 -2.344827
v 0.000001 124.293396 11.393645
v -14.378909 129.022858 -8.396348
v -15.113052 131.633438 -8.494889
v -10.691172 130.101898 -11.457215
v -12.740353 129.411346 -10.149476
v -9.497400 135.797333 11.045264
v -1.959198 121.919449 -8.106812
v -10.896047 137.430069 10.249541
v -15.591313 124.891678 -2.329698
v -5.851248 151.056030 -11.735261
v -5.597677 152.604980 -10.936311
v -1.680323 133.002350 11.037414
v -14.655152 121.332436 -1.877755
v 0.000001 128.602173 -10.033372
v -13.771938 132.121368 -10.281175
v -12.161417 132.723511 -11.734178
v -10.275109 134.052673 -12.484208
v -11.898589 136.495285 -12.786180
v -11.376371 129.110184 8.726127
v -9.608525 129.151917 9.881751
v -7.632041 129.499512 10.766883
v -14.652613 129.082703 4.827933
v -13.714602 126.953033 -8.210420
v -13.112782 124.846626 -7.897454
v -11.920593 121.333328 -6.556405
v -6.275508 148.243271 3.965453
v -8.042651 148.564606 3.002578
v -15.441648 132.246170 3.378020
v -8.103024 131.398239 -12.182237
v -15.960436 134.702209 -9.099351
v -6.051742 149.133438 2.854873
v -4.442195 148.810425 3.519881
v -11.244587 146.839081 4.332824
v -10.482368 147.860245 3.119842
v -2.381166 130.949188 -11.347108
v -4.987452 131.102142 -11.770997
v -16.505630 137.359970 3.291259
v -17.172977 139.976089 2.804091
v -16.704971 136.551910 1.832992
v -11.543071 130.248062 8.639510
v 0.000001 131.351700 10.980361
v -15.530237 133.814728 4.244552
v -12.060633 139.757828 -13.534165
v -7.707438 149.368988 1.912093
v -4.085181 136.359344 -13.269883
v -1.980060 135.943680 -12.974442
v -6.085980 137.075363 -13.389817
v -7.940264 138.125076 -13.523255
v -8.936245 141.021515 -14.033998
v -10.445047 142.163376 -14.211518
v -11.060830 140.899017 -13.966630
v -9.589014 139.486084 -13.717011
v -1.465259 148.158142 3.796187
v -1.506585 147.215683 4.840652
v -3.041530 147.555771 4.825225
v -2.922537 148.500443 3.779677
v -4.598680 147.856705 4.579085
v -9.859388 148.658279 1.951308
v -9.392504 149.489502 0.888915
v -1.254354 148.069214 -12.047227
v 0.000001 147.876114 -11.700257
v -2.711720 148.429245 -12.364793
v -4.357685 148.927673 -12.588181
v -6.026913 149.373077 -12.486695
v 0.000001 130.961746 -10.906922
v 0.000001 133.488052 -11.733521
v -2.210350 133.489700 -12.322434
v -4.555073 133.814926 -12.643327
v -6.851061 134.672791 -12.868836
v -8.859005 136.165009 -13.053254
v -1.549350 146.126282 5.927535
v -1.672875 144.856918 6.999434
v 0.000001 140.149658 9.254958
v 0.000001 138.081512 -12.506410
v -9.300112 149.951950 -12.439332
v -7.707501 149.768250 -12.467546
v -7.826502 147.928894 -13.152268
v -6.171257 147.547379 -13.242234
v -7.862915 146.309402 -13.585435
v -6.255478 145.844757 -13.785768
v -8.124758 144.584412 -13.999055
v -6.561059 143.924500 -13.984803
v -8.491436 142.774246 -14.137742
v -1.436822 144.462891 -13.056565
v -2.965997 144.831421 -13.487046
v -3.109288 142.760223 -13.757707
v -1.490811 142.336731 -13.250230
v -10.622397 137.911118 -13.288682
v -2.814426 146.587097 -13.045915
v -1.367629 146.210724 -12.657655
v -4.463935 147.100220 -13.248170
v -4.617706 145.338715 -13.761521
v -4.870817 143.299774 -13.949174
v -9.983804 143.706543 -14.192079
v -9.367833 146.810211 -13.544969
v -9.334013 148.387054 -13.102998
v -9.640398 145.246964 -13.879395
v 0.000001 142.161301 -12.555314
v 0.000001 144.301880 -12.388566
v -9.610827 145.346069 6.447188
v -7.529524 144.968170 7.138122
v -5.563456 144.514297 7.659942
v -3.665340 144.050064 7.946654
v -1.786637 143.536224 7.979064
v 0.000001 141.749146 8.588256
v 0.000001 146.895004 4.614852
v 0.000001 147.875824 3.597136
v 0.000001 143.179657 7.791472
v 31.755463 106.666458 -5.706880
v 31.466721 109.121605 -6.279908
v 31.001841 109.301773 -5.051820
v 31.246141 106.834381 -4.600724
v 31.654917 108.833084 -7.624581
v 31.308332 111.022400 -8.135530
v 31.153135 111.348877 -6.667817
v 30.761059 107.962959 -10.090463
v 31.410662 105.547806 -9.293122
v 30.412649 105.128029 -10.110803
v 29.617002 107.527351 -10.876443
v 30.375107 106.844978 -3.790216
v 30.076029 109.259583 -4.116555
v 28.900217 108.998642 -3.741898
v 29.267841 106.641479 -3.523324
v 26.835039 104.437302 -9.853013
v 25.731127 106.851471 -10.427552
v 26.912788 106.979813 -10.981782
v 27.955622 104.564560 -10.294175
v 27.121561 105.965981 -4.101342
v 26.537340 108.313240 -4.220216
v 25.497568 107.921364 -4.852891
v 26.224277 105.564911 -4.759164
v 27.698320 108.677437 -3.884248
v 27.216681 111.030693 -4.063439
v 25.996229 110.664185 -4.374200
v 25.176252 104.776474 -6.765496
v 24.158251 107.149666 -6.923684
v 24.128197 106.910896 -8.289942
v 25.296713 104.519188 -7.994851
v 24.681236 107.512093 -5.753091
v 25.541323 105.149231 -5.643121
v 32.317043 104.018669 -6.116906
v 32.013340 106.397316 -6.918168
v 32.030819 104.276955 -5.029336
v 28.166029 106.329109 -3.697976
v 30.142220 110.132507 -10.657372
v 31.063086 110.609497 -9.571389
v 31.527969 108.446144 -8.964089
v 32.008354 106.019905 -8.164895
v 24.857025 110.265190 -4.936929
v 23.913427 109.870064 -5.816339
v 30.664816 111.512589 -5.371316
v 29.733189 111.492142 -4.329210
v 25.495564 113.002129 -4.648629
v 24.308287 112.617592 -5.102204
v 28.478336 111.321991 -3.993378
v 28.905996 109.708633 -11.438119
v 24.762609 109.266556 -10.750834
v 26.007263 109.295372 -11.411080
v 21.987659 131.953812 -3.057343
v 23.008570 132.289627 -3.786408
v 24.168259 133.300812 -10.090852
v 24.080259 131.237946 -11.650697
v 27.666826 103.683044 -3.879228
v 26.925760 103.295609 -4.590959
v 28.124704 99.400002 -4.256516
v 20.271908 132.565292 -13.366090
v 21.045134 130.501923 -13.450639
v 20.128176 128.990540 -3.104035
v 23.299479 109.547867 -7.022011
v 23.226442 109.387863 -8.433457
v 22.518997 111.685181 -8.549584
v 23.114246 111.583336 -9.944360
v 23.807838 109.292084 -9.736314
v 26.205242 102.479576 -6.529283
v 26.408123 102.864258 -5.477708
v 26.417690 102.238388 -7.606088
v 31.490587 104.451782 -4.061959
v 31.954552 103.204094 -8.366319
v 32.362938 103.650101 -7.263963
v 24.739077 106.811844 -9.533532
v 31.138966 102.804031 -9.160013
v 27.871241 102.116989 -9.209564
v 28.940075 102.257347 -9.531762
v 30.628660 104.472351 -3.420869
v 30.066448 102.497223 -9.509744
v 29.180092 104.806175 -10.400430
v 28.587919 104.039047 -3.416345
v 29.602751 104.320160 -3.228250
v 26.731386 113.371765 -4.445466
v 30.274178 114.043678 -5.846612
v 27.465248 109.431793 -11.630395
v 16.220089 128.493973 -10.818849
v 15.316946 130.637131 -10.726609
v 18.044456 128.452118 -4.843553
v 18.944429 128.653549 -3.766404
v 28.263790 107.215294 -11.145363
v 29.588818 98.208588 -8.071168
v 28.850462 98.258423 -7.547952
v 26.998068 102.113976 -8.534425
v 15.197184 130.357208 -8.886628
v 15.649346 130.318527 -7.369981
v 27.891609 99.037796 -5.097871
v 25.890635 104.403099 -9.095429
v 16.518099 130.467239 -6.064149
v 17.373684 128.340454 -6.183045
v 24.546963 133.187271 -8.604737
v 22.057930 133.058212 -12.755815
v 23.403265 133.294830 -11.573426
v 24.318071 132.790695 -5.896150
v 19.403162 131.093933 -2.945283
v 20.717047 131.532639 -2.780839
v 13.386233 144.939667 -13.759538
v 13.894535 144.816833 -13.626695
v 15.228559 144.220169 -12.974153
v 15.772150 141.607025 -12.096803
v 17.220976 142.325119 -12.470674
v 18.978870 142.973160 -12.287141
v 20.694815 143.559494 -11.630525
v 22.223293 143.999222 -10.483079
v 23.132420 144.148941 -8.719575
v 23.578218 144.178528 -6.720216
v 23.390358 143.991409 -4.704026
v 22.634338 143.426636 -2.890168
v 21.475805 142.977676 -1.463624
v 19.989119 142.554993 -0.595750
v 17.303801 141.574539 0.182784
v 15.702719 143.805008 -12.636964
v 17.446718 150.013138 -11.590837
v 24.054079 135.284851 -8.560334
v 23.588898 137.352615 -8.540360
v 23.692339 137.228607 -6.962724
v 24.161055 135.147186 -7.064210
v 19.125404 151.927505 -7.280320
v 23.222553 141.829391 -8.564012
v 23.257559 139.537415 -8.512147
v 22.569416 139.475723 -10.117936
v 22.403290 141.710556 -10.226670
v 18.307356 140.436417 -0.795777
v 19.385765 140.954086 -12.382478
v 18.466419 144.644363 -12.269578
v 19.200779 147.025269 -11.973344
v 21.085190 141.420074 -11.551423
v 20.694456 148.008667 -10.960771
v 21.932938 148.466095 -9.092622
v 22.468506 148.567673 -6.786073
v 23.584970 141.751007 -6.770219
v 22.265238 148.333862 -4.428025
v 23.370308 141.521317 -4.970887
v 21.485163 147.759125 -2.352799
v 22.697184 141.189194 -3.301545
v 20.369471 146.886627 -0.857133
v 21.658777 140.745804 -1.924256
v 18.855892 151.872910 -4.822831
v 18.021599 151.205170 -2.464570
v 18.873358 138.044006 -2.048768
v 17.599863 137.595825 -2.658189
v 17.959900 135.368393 -2.903489
v 19.233374 135.705643 -2.667603
v 13.748610 136.508575 -8.217439
v 13.883167 134.522003 -8.570664
v 14.303287 134.518127 -6.977159
v 14.187581 136.527649 -6.688432
v 15.117796 134.722733 -5.688920
v 15.994496 134.926178 -4.511552
v 15.727628 136.967407 -4.297853
v 14.882747 136.721176 -5.396745
v 20.400652 138.238434 -1.993730
v 21.797977 138.530670 -2.565202
v 20.116337 140.403183 -1.088746
v 19.165520 146.093689 0.083175
v 23.532839 137.022385 -5.491197
v 22.936670 136.710770 -4.179124
v 23.283194 134.653748 -4.516694
v 23.868500 134.936356 -5.702546
v 20.157650 149.660278 -2.326020
v 20.919874 150.298508 -4.503648
v 17.037983 139.413712 -1.806764
v 16.563915 140.557663 -1.053208
v 15.887387 140.050919 -2.172318
v 16.166117 139.012589 -2.855439
v 15.182969 139.696381 -3.299500
v 14.576248 139.493561 -4.539460
v 13.774303 139.033783 -7.525895
v 14.083699 139.161957 -5.930909
v 17.136574 148.716202 0.216659
v 21.888891 136.355103 -3.239518
v 20.584837 136.021957 -2.755815
v 21.284998 134.000397 -2.862306
v 22.396833 134.338989 -3.561585
v 22.973558 137.359512 -10.090959
v 23.532887 135.334747 -10.073411
v 16.687662 135.944214 -13.053056
v 16.202337 137.924164 -12.762330
v 18.034639 138.452255 -12.944383
v 18.590744 136.483231 -13.209123
v 20.471146 150.235870 -9.374940
v 19.211927 149.227005 -11.188920
v 16.842644 135.146561 -3.475236
v 16.574345 137.265594 -3.380967
v 21.073771 150.540070 -6.970445
v 15.880745 139.868439 -12.355485
v 17.582123 140.448380 -12.680818
v 15.344031 141.868637 -12.022019
v 16.904268 143.812485 -12.400697
v 15.182613 142.561676 -12.699967
v 16.582773 144.837051 -12.564454
v 14.694305 137.365784 -11.726579
v 14.552825 139.288239 -11.350068
v 17.430164 133.951309 -13.284669
v 19.416550 134.559204 -13.349931
v 21.432085 139.299377 -11.492768
v 23.535141 139.434952 -6.860230
v 17.982712 147.823883 -12.211976
v 16.897839 146.454803 -12.623597
v 16.581184 148.268555 -12.532548
v 14.686897 138.511780 -5.051972
v 14.012136 138.225433 -6.325028
v 22.791933 138.873734 -3.741624
v 19.971336 133.619202 -2.625733
v 18.663563 133.232437 -2.846452
v 17.838984 145.884796 -12.353578
v 21.238367 135.026886 -12.674470
v 20.422609 136.932144 -12.560044
v 21.920214 137.234070 -11.489137
v 22.653187 135.283661 -11.518052
v 14.497237 140.617523 -11.217042
v 14.060984 139.423599 -9.386903
v 19.852695 138.922012 -12.472276
v 15.663015 133.297714 -12.381623
v 14.589302 132.753983 -10.632249
v 17.502121 132.864319 -3.500550
v 16.599701 132.704788 -4.593827
v 14.470171 132.456940 -8.770082
v 14.924876 132.435226 -7.202561
v 13.815330 138.436203 -9.741548
v 13.789366 136.739624 -10.000474
v 13.995768 134.831268 -10.400224
v 14.990252 135.362747 -12.140763
v 19.244375 148.631332 -0.750169
v 15.801439 132.585526 -5.896302
v 23.353296 139.242630 -5.240846
v 13.591031 138.138123 -7.860612
v 18.289064 147.635147 0.226211
v 15.400795 138.750519 -3.927445
v 15.943160 145.346802 -12.875047
v 15.736856 145.871979 2.657683
v 16.544304 148.012451 0.891479
v 17.753935 143.626633 0.956557
v 15.844500 148.604721 0.747710
v 15.944804 149.232285 0.229857
v 15.771653 151.920670 -2.550431
v 16.537220 152.234711 -3.501039
v 12.115711 147.625778 -13.390992
v 13.397107 145.657013 -13.685380
v 17.179668 152.634857 -7.621308
v 16.618385 146.423203 1.725097
v 14.603360 142.887390 -13.150102
v 14.536992 151.975220 -2.627168
v 14.954511 152.610382 -3.953324
v 16.467173 151.881927 -10.017106
v 15.224225 153.015533 -5.805284
v 13.470383 146.692902 -13.490739
v 15.251578 150.155823 -11.954591
v 15.436162 153.018677 -7.900102
v 13.954524 150.855743 -11.541841
v 13.566998 147.940857 -13.252275
v 15.061564 148.265686 -12.916963
v 12.139775 148.892792 -12.925416
v 13.181799 149.927322 -12.291001
v 12.746128 144.391525 -13.894441
v 14.691872 146.834793 -13.289292
v 12.951121 149.907623 -0.241151
v 14.569756 150.173737 -0.452561
v 14.729417 147.291183 2.285354
v 12.241238 146.368896 -13.651887
v 12.564236 151.073135 -11.463655
v 14.287455 145.724854 -13.477647
v 13.210642 143.796509 -13.866288
v 15.046117 148.482239 1.059493
v 12.458719 145.234512 -13.864228
v 13.541924 149.179230 -12.693894
v 18.546545 151.397903 -9.726762
v 12.154476 149.977783 -12.312806
v 14.831138 152.215210 -10.047349
v 15.668368 142.909210 -12.386857
v 14.572273 151.163513 -1.472489
v 18.776405 142.438141 -0.027741
v 17.414219 146.956055 0.986587
v 18.135527 145.507568 0.795684
v 16.951309 152.664719 -5.391618
v 14.719413 149.277023 0.397918
v 20.117735 145.497253 -11.779634
v 21.737106 146.143158 -10.779878
v 22.820747 146.407822 -8.916886
v 23.310490 146.482666 -6.717256
v 23.103302 146.193405 -4.496888
v 22.294844 145.633087 -2.535935
v 21.065668 145.036224 -1.093629
v 19.710037 144.397614 -0.221665
v 18.575813 143.943909 0.438201
v 15.836969 146.794464 -12.947587
v 15.147704 145.608383 -13.174958
v 14.574923 144.574417 -13.346711
v 13.912297 143.279510 -13.560609
v 24.533518 132.995132 -7.199327
v 23.823980 132.561401 -4.722611
v 18.297451 131.906311 -13.376679
v 16.450197 131.187180 -12.467805
v 17.262247 130.567993 -4.719575
v 18.180475 130.747757 -3.607347
v 25.143026 131.041092 -8.699464
v 25.182573 130.820496 -7.333848
v 28.410084 118.556656 -11.250566
v 28.982784 119.233971 -10.573693
v 29.567648 118.026840 -9.922212
v 28.950253 117.236351 -10.958306
v 29.438335 112.465904 -11.129899
v 30.491743 112.972900 -10.120599
v 30.891529 113.474838 -8.690095
v 30.817684 113.888046 -7.191293
v 26.448124 126.266182 -7.962609
v 27.464897 124.017838 -8.915850
v 26.836271 124.888878 -9.992715
v 26.253580 126.733086 -9.259683
v 22.482244 122.817757 -4.278588
v 26.760658 118.189491 -5.565057
v 26.186394 125.223862 -11.009126
v 25.795588 127.019844 -10.560647
v 26.994452 121.723534 -11.824609
v 27.702658 122.934654 -10.327020
v 23.804838 114.977295 -5.316430
v 25.010851 115.311142 -5.023301
v 27.752611 121.795181 -6.960572
v 23.605473 123.180260 -4.129327
v 25.103535 128.233154 -5.126908
v 25.714422 126.034927 -5.495515
v 26.202957 126.094643 -6.584298
v 25.523695 128.355637 -6.281159
v 24.343210 128.013321 -4.210206
v 25.049772 125.865120 -4.558282
v 24.474539 130.394348 -4.864350
v 23.742678 130.188812 -3.902024
v 26.461277 123.760086 -11.508996
v 27.089956 123.608162 -10.809838
v 29.302624 113.985161 -4.786447
v 28.008255 113.722748 -4.393609
v 25.236355 120.860672 -12.705026
v 26.183910 121.272774 -12.353250
v 24.266714 124.890999 -12.723062
v 23.840342 126.786217 -12.691964
v 24.995493 127.027809 -11.753198
v 25.362070 125.193687 -11.994241
v 26.703024 116.196617 -12.325555
v 26.342499 117.555283 -12.452172
v 27.465010 117.977493 -11.922059
v 27.923859 116.636360 -11.746408
v 20.894531 125.688225 -13.218728
v 22.462839 126.359528 -13.227921
v 23.057550 124.433121 -13.137597
v 21.773214 123.771774 -13.149064
v 26.793129 119.691040 -12.143228
v 25.785357 119.324028 -12.546685
v 24.463949 117.488800 -5.377175
v 25.697908 128.860916 -8.864717
v 25.372055 129.106735 -10.296205
v 24.839424 131.223770 -10.188828
v 23.318794 128.898163 -12.695313
v 22.768711 130.997635 -12.847001
v 24.608088 129.138840 -11.663484
v 24.914036 130.594986 -6.062379
v 22.723904 129.875854 -3.259080
v 23.327454 127.639870 -3.525414
v 18.584742 124.033409 -10.943292
v 18.547310 123.899719 -9.174256
v 17.291353 126.079025 -9.126390
v 17.326290 126.306114 -10.867974
v 18.247169 126.978050 -12.462380
v 19.996834 127.772522 -13.266633
v 19.349239 124.821869 -12.475953
v 21.771143 128.453583 -13.270768
v 18.871426 124.001747 -7.662942
v 17.712868 126.099556 -7.600457
v 25.800255 128.576019 -7.527101
v 21.669437 121.673500 -12.678750
v 20.713156 122.948860 -12.358941
v 21.639839 119.388390 -11.815789
v 21.719570 116.866272 -10.780792
v 20.874092 119.295769 -10.725030
v 19.933674 121.708603 -9.196641
v 24.235851 120.557022 -12.909181
v 23.249428 120.334038 -12.925866
v 22.510811 122.355011 -13.033135
v 19.124720 129.827682 -13.367890
v 21.455780 129.439545 -2.984574
v 22.574858 111.918427 -7.078195
v 23.255152 112.242287 -5.874581
v 20.081491 121.590935 -11.173043
v 28.887732 120.153145 -10.069238
v 27.690472 120.107864 -11.580338
v 22.655113 114.671776 -5.920419
v 21.802170 114.400162 -7.101899
v 25.619751 117.794212 -5.530091
v 26.228863 115.655289 -4.977220
v 20.971830 116.984665 -7.177636
v 22.072144 117.066269 -5.999261
v 28.914268 119.211708 -6.924958
v 23.261084 117.232628 -5.491731
v 24.596582 123.295647 -12.741952
v 25.615055 123.613747 -12.233209
v 24.749559 119.028969 -12.888177
v 23.952858 117.207352 -12.924378
v 23.702301 118.798828 -12.971787
v 29.772408 115.266663 -10.596955
v 28.676216 114.726036 -11.471429
v 25.437609 115.883263 -12.720498
v 25.166265 117.297394 -12.901093
v 22.175846 118.143394 -11.949456
v 22.921873 117.441261 -12.426964
v 28.133266 112.037140 -11.786103
v 26.720179 111.695656 -11.969407
v 24.134226 115.758034 -12.521554
v 24.097519 111.447845 -11.022157
v 25.322544 111.485863 -11.721604
v 22.417286 114.085190 -10.219491
v 21.735903 114.204292 -8.685441
v 30.341404 115.869926 -9.310182
v 27.387878 114.291061 -12.056764
v 26.033262 113.930267 -12.286798
v 17.288195 129.104309 -12.473939
v 16.122553 128.220413 -9.089143
v 20.803089 126.785347 -3.418374
v 22.057955 127.184410 -3.228127
v 18.959370 126.340492 -4.998284
v 19.787886 126.519974 -4.045182
v 16.580505 128.192810 -7.548570
v 21.681282 124.711899 -3.820710
v 22.865515 125.081100 -3.634766
v 19.877756 121.860329 -7.644509
v 24.039854 125.509972 -3.910729
v 20.721508 124.490837 -4.388787
v 19.315742 124.211929 -6.369966
v 24.692415 123.535789 -4.419686
v 22.785681 119.220779 -5.656220
v 20.596951 119.693634 -7.385285
v 23.453758 113.791153 -11.358438
v 24.679728 113.744301 -12.051728
v 22.877077 116.012726 -11.843186
v 20.252371 122.351761 -6.518876
v 21.365860 120.687599 -12.109109
v 27.455528 116.045166 -4.948922
v 23.528114 122.869904 -13.041047
v 23.893204 119.382332 -5.417764
v 24.993658 119.671547 -5.369470
v 26.068497 120.077881 -5.539232
v 30.300119 116.473083 -7.851029
v 29.723307 116.617821 -6.361566
v 28.710796 116.427292 -5.289819
v 18.344450 126.243156 -6.240289
v 27.060543 120.744278 -5.946626
v 19.918905 124.334900 -5.216218
v 28.501009 121.748650 -8.849557
v 28.376925 121.570343 -10.100389
v 27.352638 120.886116 -11.733621
v 26.492403 120.425087 -12.271585
v 25.522644 119.998978 -12.629037
v 24.501589 119.717613 -12.884515
v 23.463299 119.517464 -12.928338
v 29.513189 119.277130 -8.730561
v 20.406370 119.409096 -9.081903
v 26.981577 123.967064 -7.056268
v 27.945047 118.710571 -5.825662
v 21.606539 119.213875 -6.187249
v 20.743168 122.452538 -5.582879
v 21.513395 122.586533 -4.823716
v 20.816381 120.966850 -6.618554
v 21.423239 120.833290 -5.992898
v 22.211023 120.810440 -5.336915
v 23.198196 120.937988 -4.836236
v 25.598927 123.838715 -5.020173
v 24.321964 121.244629 -4.701585
v 25.328791 121.582001 -4.973710
v 26.176731 122.159668 -5.481538
v 26.726065 122.655777 -6.058457
v 20.905054 116.836548 -8.958619
v 26.303444 124.064674 -5.816445
v 31.140347 78.450073 -3.670053
v 31.178446 77.765434 -0.838563
v 31.137272 77.745270 -1.076447
v 31.163166 77.833191 -0.654916
v 31.545559 78.317177 -0.942292
v 31.503012 78.288719 -1.172235
v 31.596794 78.452927 -1.240449
v 31.587143 78.450180 -0.695618
v 31.531713 78.327477 -0.770607
v 31.418362 78.111549 -0.905267
v 31.374908 78.089447 -1.139490
v 31.410746 78.172768 -0.716455
v 30.879805 77.575699 -0.553193
v 31.065155 77.777740 -1.265794
v 31.432232 78.262512 -1.319573
v 31.306507 78.109871 -1.318902
v 31.244080 78.186424 -1.523095
v 30.928207 77.835083 -1.471261
v 30.763611 77.484619 -1.250878
v 31.247446 79.265816 0.809043
v 31.387653 79.458183 0.989481
v 31.357019 79.441872 0.786246
v 31.441462 79.582680 0.743118
v 31.363203 79.472099 1.137176
v 31.409428 79.580383 1.210288
v 31.278166 79.283531 1.023170
v 31.267155 79.339012 1.195327
v 30.764160 78.836418 1.377212
v 31.172379 79.293121 0.644866
v 31.286324 79.424721 0.650367
v 31.102276 79.357956 0.479506
v 30.654398 78.764786 0.709899
v 30.897503 77.888779 -3.076341
v 30.876787 77.950172 -2.866112
v 31.199232 78.379784 -3.020532
v 31.221268 78.378456 -3.193231
v 31.319298 78.549614 -3.203003
v 31.247595 78.496170 -2.939728
v 31.094294 78.243378 -2.947420
v 31.112387 78.195938 -3.149995
v 30.569586 77.635582 -2.736001
v 30.472809 77.526428 -3.246316
v 30.858044 77.866310 -3.325944
v 30.775805 77.894440 -3.526711
v 31.182398 78.364731 -3.419206
v 31.271015 78.531616 -3.471940
v 31.115942 78.344086 -3.565369
v 31.071674 78.179245 -3.393868
v 31.002195 78.195328 -3.572649
v 30.941387 78.277496 -3.757584
v 30.644108 77.952263 -3.711571
v 31.547405 79.970924 -5.159456
v 31.538347 80.010292 -4.990495
v 31.812449 80.385735 -5.120118
v 31.828461 80.395744 -5.255822
v 31.904844 80.531265 -5.269242
v 31.718550 80.252724 -5.061723
v 31.734188 80.236771 -5.220368
v 31.151953 79.606499 -5.299386
v 31.505894 79.960266 -5.358689
v 31.435715 79.980125 -5.510118
v 31.791506 80.392677 -5.428082
v 31.731300 80.378853 -5.539758
v 31.693644 80.235344 -5.409432
v 31.631224 80.248787 -5.549776
v 31.557425 80.295052 -5.691003
v 31.299231 80.002075 -5.652582
v 31.143457 79.697952 -5.483552
v 30.844213 86.550781 6.561447
v 30.596745 86.497925 6.456130
v 30.613495 87.000336 6.070861
v 30.839746 87.050888 6.097129
v 30.796680 87.195366 5.949645
v 30.842255 86.873291 6.277167
v 30.586502 86.829147 6.202445
v 30.645533 86.061699 6.717200
v 31.257355 86.113205 6.830847
v 31.165773 86.601837 6.592506
v 31.449406 86.609955 6.517868
v 31.150959 87.097755 6.124923
v 31.159672 87.243584 5.997366
v 31.391840 87.082489 6.118819
v 31.165497 86.921570 6.308150
v 31.433443 86.909569 6.255897
v 31.649441 86.922775 6.170577
v 31.698051 86.573273 6.420028
v 31.665745 86.342407 6.637801
v 31.529156 86.221962 6.750342
v 30.456573 77.586739 -3.488488
v 30.687305 78.882210 0.569374
v 30.774328 77.626137 -1.415384
v 30.488241 77.700005 -3.623841
v 31.153912 79.779213 -5.581315
v 32.723335 93.343193 -6.774591
v 33.495949 93.491829 -5.754411
v 33.686111 93.597687 -5.092210
v 33.857399 93.548233 -3.998017
v 33.774319 93.814163 -3.562699
v 32.513287 100.318985 -3.586457
v 32.790348 99.994812 -4.571527
v 33.711079 93.891258 -1.952782
v 31.039848 97.914185 -1.694451
v 31.907143 96.422661 -1.009019
v 32.042332 97.966232 -1.872064
v 28.585228 99.756538 -3.487336
v 34.658222 90.738564 -3.055215
v 34.477303 91.468010 -3.206955
v 34.480221 91.620628 -2.516275
v 34.655502 90.853172 -2.332627
v 34.165222 91.072617 -5.208254
v 34.359978 91.237724 -4.595430
v 34.538197 90.556725 -4.438805
v 34.326126 90.424164 -5.070421
v 33.947773 90.920403 -5.869660
v 34.095345 90.270844 -5.742723
v 33.171238 90.626015 -6.971467
v 33.625702 90.766670 -6.476892
v 33.751324 90.060570 -6.400605
v 33.329098 89.875343 -6.966608
v 32.506287 90.483879 -7.393685
v 32.690716 89.705032 -7.391007
v 30.916759 90.239960 -7.510804
v 31.669935 90.338043 -7.606882
v 31.859390 89.570534 -7.607766
v 31.127029 89.498718 -7.533082
v 30.909437 88.708000 -7.025384
v 31.367300 88.734741 -7.554017
v 31.509708 87.086609 -7.014215
v 30.530972 88.774231 -5.719362
v 30.590048 88.705948 -6.393670
v 31.119484 86.975784 -6.434938
v 31.054485 86.837608 -5.646417
v 31.100182 87.049728 -4.919098
v 31.316864 87.204521 -4.262033
v 30.845518 88.940338 -4.436486
v 30.631311 88.865456 -5.068888
v 32.813938 96.473068 -6.736375
v 32.673542 94.591171 -6.912728
v 29.891567 90.202103 -5.723505
v 29.951664 90.312347 -5.108575
v 29.684299 91.025787 -5.148713
v 29.610235 90.943871 -5.766916
v 30.148134 98.858978 -2.200470
v 29.388197 98.529663 -2.667909
v 29.453342 97.289452 -2.585733
v 32.006187 99.070747 -2.331827
v 31.087717 99.064621 -2.073335
v 32.767349 97.777512 -2.578721
v 32.651459 98.868431 -3.026429
v 33.151043 97.457680 -3.602693
v 32.961914 98.567253 -4.006875
v 33.270267 97.096077 -4.691155
v 33.039986 98.203949 -5.106912
v 31.102308 89.029396 -3.797982
v 31.558397 87.210159 -3.527855
v 31.579718 87.317368 -2.843293
v 31.351913 89.113052 -3.079553
v 32.915157 97.843781 -6.170304
v 30.039276 90.661552 -0.861193
v 30.703308 90.088173 -0.729722
v 30.872967 89.715378 0.197280
v 33.208538 89.190147 0.929350
v 33.807064 88.359756 0.645728
v 33.795559 89.574860 0.641570
v 30.515642 98.324585 -8.286303
v 31.445215 98.581192 -8.127914
v 29.029493 94.542564 -4.928918
v 28.907526 96.409027 -4.840028
v 29.084805 96.207138 -5.557107
v 29.489580 94.364983 -6.300934
v 30.134758 96.879272 -7.634378
v 29.438812 96.904518 -7.124193
v 28.634966 97.229134 -5.711144
v 27.932608 98.695526 -5.972016
v 28.259455 98.431892 -6.818978
v 28.939922 97.028587 -6.464364
v 29.231037 100.125061 -2.851029
v 31.913618 100.525101 -2.826753
v 31.034357 100.571259 -2.454164
v 30.089514 100.412704 -2.507188
v 32.189163 98.913841 -7.538423
v 28.898109 98.147110 -3.372766
v 32.558399 84.346954 -1.702591
v 32.565845 85.226570 -1.847749
v 32.406960 85.097176 -2.384385
v 32.401104 84.223793 -2.313546
v 34.179047 85.203766 -1.385583
v 33.984116 84.271233 -1.230470
v 34.648441 84.147034 -1.525582
v 34.761395 85.053452 -1.730165
v 33.151936 84.367973 -1.262010
v 33.008305 85.327545 -1.416734
v 34.427208 81.941246 -2.192842
v 34.502430 81.985298 -1.765611
v 33.813305 82.475517 -0.849206
v 33.197636 82.753357 -0.974396
v 33.021851 82.446030 -0.887498
v 33.649464 82.036835 -0.835565
v 32.673542 79.694923 -1.687241
v 32.052719 78.905563 -0.992280
v 31.510096 79.166832 -0.260163
v 34.015339 82.862259 -0.959275
v 34.389557 82.119286 -1.350657
v 32.608559 79.966515 -0.672860
v 32.268608 80.309677 -0.471452
v 31.404451 78.859329 -0.250543
v 31.898462 79.007576 -0.566941
v 34.621117 82.705597 -2.317003
v 34.680885 82.763298 -1.854844
v 33.232147 83.059471 -1.033288
v 33.914116 83.513695 -1.085740
v 34.459476 82.808876 -1.370423
v 34.502098 83.403046 -1.408616
v 33.888378 81.307037 -2.084336
v 34.018955 81.361023 -1.606699
v 33.601673 80.825951 -1.470156
v 32.604866 81.874275 -0.796442
v 33.101261 81.478729 -0.755403
v 32.779312 79.749519 -1.111787
v 31.802561 80.523491 -0.558176
v 31.979607 78.877502 -1.435419
v 31.914549 78.768822 -0.978929
v 31.038982 79.453461 -0.339013
v 30.920967 79.197586 -0.297899
v 33.471329 81.067680 -0.995308
v 33.924885 81.573349 -1.116693
v 32.720245 83.104256 -1.461274
v 32.749584 82.875092 -1.415224
v 30.533384 79.384346 -0.681779
v 31.424431 80.665901 -0.939034
v 33.135033 83.603485 -1.085771
v 32.607357 83.603340 -1.540116
v 32.594982 82.675934 -1.339029
v 30.670353 79.626358 -0.716057
v 30.592047 79.565407 -1.296304
v 33.470139 80.802490 -1.977417
v 32.165272 82.029709 -1.187638
v 32.472740 82.614441 -2.004128
v 32.018147 81.948555 -1.837647
v 34.736988 83.313927 -1.935960
v 34.665573 83.222198 -2.419114
v 34.777218 83.940155 -2.578248
v 34.861507 84.029068 -2.051919
v 32.631256 82.796860 -2.077867
v 31.305059 80.611885 -1.527756
v 30.444023 79.325768 -1.284722
v 32.470009 83.479179 -2.241029
v 32.613575 82.993172 -2.160959
v 31.849669 78.737221 -1.380609
v 30.546274 78.676048 -0.232065
v 30.832760 78.351761 -0.130899
v 31.785685 78.833115 -0.570565
v 30.233763 78.821800 -0.627381
v 30.142803 78.776268 -1.175653
v 30.384380 78.262833 -0.256006
v 30.711018 78.075760 -0.184892
v 30.153397 78.346535 -0.611794
v 30.073212 78.316345 -1.059692
v 30.397898 77.974442 -0.351228
v 30.543850 77.805138 -0.331666
v 30.255836 77.943382 -0.615678
v 30.180044 77.908302 -0.987726
v 30.402891 77.651108 -0.617967
v 30.329779 77.602852 -0.987688
v 31.645840 78.487366 -0.956727
v 31.402821 78.287453 -0.536843
v 31.086584 77.926712 -0.448899
v 30.959927 77.691963 -0.443025
v 30.820122 77.454079 -0.747781
v 30.785522 77.428398 -1.003464
v 33.924820 84.798332 -3.272515
v 33.700436 83.953926 -3.105226
v 32.856922 84.066002 -2.913262
v 32.830139 84.904388 -3.015817
v 32.737186 82.331703 -2.528382
v 32.917133 82.575371 -2.605912
v 30.814665 79.324425 -1.787545
v 31.486250 80.390602 -1.969552
v 31.891171 80.087746 -2.176515
v 34.166744 81.989372 -2.552323
v 33.446022 82.263771 -2.826859
v 34.284039 82.635155 -2.710488
v 32.340813 79.823143 -2.074007
v 31.592468 78.735138 -1.705675
v 31.239828 79.024406 -1.929520
v 32.968616 82.806877 -2.698862
v 33.705715 82.606705 -2.884392
v 33.646889 83.226082 -2.960755
v 34.284695 83.167252 -2.816575
v 32.752655 81.327721 -2.477105
v 33.607006 81.444084 -2.462808
v 33.237846 81.853424 -2.703286
v 33.173256 80.976715 -2.344063
v 30.694645 79.056648 -1.762299
v 31.694593 78.918869 -1.785111
v 32.890709 83.309685 -2.816049
v 32.273140 81.680038 -2.345498
v 34.386066 83.898613 -2.984468
v 34.557632 84.812424 -3.107790
v 30.306969 78.531113 -1.593591
v 31.122633 78.722588 -1.867051
v 30.596563 78.183182 -1.720354
v 30.198917 78.177727 -1.414795
v 30.493296 77.940681 -1.574594
v 30.230837 77.900932 -1.278497
v 30.365360 77.696869 -1.342232
v 31.456738 78.367104 -1.441895
v 32.439697 84.963692 0.496879
v 32.430725 85.615005 0.432189
v 32.305828 85.485542 -0.230950
v 32.308567 84.838837 -0.217195
v 34.609394 84.868416 0.065238
v 34.547752 84.763100 -0.450257
v 34.646629 85.400223 -0.520310
v 34.704182 85.499695 -0.038796
v 32.982372 85.685364 0.810363
v 33.826752 85.938614 0.846519
v 33.700535 87.234802 0.753882
v 34.242504 83.087952 -0.239144
v 34.355930 83.141922 0.214812
v 33.680668 83.530006 1.117384
v 33.087288 83.648521 1.002838
v 32.895390 83.382690 1.113318
v 33.526108 83.033318 1.118758
v 31.944214 80.145576 0.966376
v 31.399351 80.480751 1.594306
v 33.768036 83.918732 1.029585
v 34.224911 83.258957 0.629424
v 32.809940 81.666069 1.100746
v 31.760902 80.276123 1.363020
v 34.420277 83.802948 -0.371484
v 34.498398 83.895172 0.182586
v 33.118782 83.976173 0.925139
v 33.711567 84.476440 0.988112
v 34.273819 83.957825 0.678702
v 34.307316 84.432518 0.669143
v 33.412975 81.971123 0.501502
v 33.307270 81.929710 -0.020029
v 33.718620 82.404968 -0.119181
v 33.870094 82.439705 0.361861
v 32.430168 82.853188 1.190039
v 32.942303 82.533066 1.248541
v 32.458611 82.004539 1.335867
v 32.900471 81.401207 0.115692
v 32.038296 82.309929 1.243063
v 31.787035 79.950256 0.983412
v 31.900263 80.083946 0.519248
v 30.970871 80.766495 1.540894
v 30.743366 80.354103 1.599059
v 34.489017 85.663452 0.473853
v 34.394157 85.004890 0.583388
v 33.309105 82.181122 0.983817
v 33.775295 82.648415 0.827078
v 32.654964 83.978271 0.534560
v 32.666683 83.752457 0.583083
v 30.346218 80.519798 1.253082
v 30.608110 80.946632 1.193168
v 32.470211 84.361961 0.536162
v 33.015755 84.462143 0.891227
v 32.480507 83.551819 0.707106
v 31.684265 82.526573 0.891913
v 30.493782 80.900345 0.634345
v 32.979469 81.450089 0.650985
v 32.042225 83.041046 0.800552
v 31.887304 82.991074 0.191321
v 32.353436 83.478264 0.040969
v 34.514320 84.216148 -0.414827
v 34.561333 84.325981 0.156043
v 33.762199 85.134941 0.946181
v 33.012962 85.063278 0.855720
v 31.536118 82.515030 0.290732
v 30.206867 80.425011 0.697906
v 31.740353 79.894875 0.586555
v 31.211538 80.065361 1.621940
v 31.625956 80.022133 1.355208
v 30.320171 79.517349 1.560462
v 30.575459 79.352890 1.647025
v 30.099123 79.568619 1.271177
v 29.999224 79.515747 0.897993
v 30.271053 79.257523 1.490348
v 30.421301 79.088425 1.521201
v 30.151440 79.220161 1.262610
v 30.072702 79.173820 0.959854
v 30.306747 78.968071 1.258215
v 30.233915 78.916588 0.955749
v 31.478142 79.607147 0.987021
v 31.249872 79.459900 1.366630
v 30.848125 78.996338 1.488280
v 30.710934 78.737411 1.169662
v 30.667055 78.712700 0.927939
v 32.560867 83.654930 -0.047166
v 32.380188 84.233635 -0.190789
v 32.566635 83.853134 -0.127694
v 33.572872 84.628296 -1.123590
v 32.702232 84.698105 -0.925203
v 32.729290 85.388832 -1.004464
v 33.921040 85.304459 -1.219583
v 32.584084 83.265877 -0.481004
v 32.810432 83.445740 -0.567955
v 30.760530 80.616966 0.177252
v 33.967678 83.106071 -0.574227
v 33.296375 83.265297 -0.803025
v 34.051598 83.710236 -0.745499
v 32.172680 81.869370 -0.374864
v 31.471510 79.870514 0.262611
v 31.180403 80.297081 0.005698
v 32.851273 83.685898 -0.673807
v 33.451942 83.579086 -0.896096
v 33.463852 84.088982 -1.015168
v 34.136929 84.108727 -0.852830
v 32.100006 82.715042 -0.303873
v 32.561768 82.359482 -0.501390
v 33.451111 82.552277 -0.499292
v 33.157818 82.947990 -0.675928
v 32.587540 81.546265 -0.266564
v 31.617678 80.109482 0.147200
v 32.992702 82.052055 -0.389147
v 32.751881 84.091827 -0.811905
v 31.766424 82.234116 -0.181008
v 34.206856 84.667465 -0.897156
v 34.351696 85.333458 -0.938622
v 30.496332 80.155327 0.251152
v 30.960058 79.855225 0.128089
v 30.098417 79.361435 0.572294
v 30.328724 79.163521 0.429618
v 30.092291 79.142776 0.713516
v 30.237831 78.965302 0.658584
v 31.304895 79.507378 0.559424
v 32.716492 84.981361 -3.384110
v 32.732582 84.216896 -3.121712
v 33.583000 84.085548 -3.230538
v 33.934727 84.832207 -3.426606
v 33.316238 82.415688 -2.983483
v 32.738274 82.642792 -3.038743
v 32.596600 82.358734 -2.996987
v 33.141541 81.960876 -2.981033
v 31.335142 79.477036 -2.520913
v 33.501869 82.818375 -3.084168
v 33.839504 82.155106 -3.445733
v 32.579746 80.598122 -3.019189
v 31.106668 78.980743 -2.485283
v 31.683121 79.264130 -2.791559
v 32.820358 82.999832 -3.073693
v 33.523106 83.449371 -3.123337
v 33.934689 82.814346 -3.471596
v 34.007542 83.349892 -3.526070
v 32.099472 81.736496 -2.916039
v 32.636921 81.447067 -2.879998
v 32.225582 80.913300 -2.808862
v 31.764168 81.233498 -2.847856
v 30.864523 79.774948 -2.566545
v 30.605869 79.294456 -2.514222
v 33.938522 82.071526 -3.864892
v 32.753979 80.421928 -3.481499
v 34.160076 83.991791 -3.615366
v 34.369816 84.736206 -3.768517
v 34.080750 82.756035 -3.960221
v 32.994343 81.124611 -3.123718
v 33.112934 80.958115 -3.624666
v 33.462795 81.400917 -3.712327
v 33.392120 81.568634 -3.255089
v 31.813061 79.166214 -3.215791
v 32.295895 83.091599 -3.413125
v 32.286362 82.771851 -3.389757
v 30.225298 79.494873 -2.881592
v 32.822529 83.538025 -3.053269
v 32.254860 83.596863 -3.445558
v 32.157497 82.548080 -3.345720
v 31.372587 81.412941 -3.172357
v 30.478884 79.948700 -2.953279
v 31.690857 81.929916 -3.252115
v 34.158287 83.279060 -4.049165
v 32.144550 84.172897 -3.547059
v 34.321209 83.929619 -4.137665
v 33.883865 86.194130 -5.822968
v 33.746746 86.170311 -5.527490
v 32.069771 85.017502 -3.800316
v 30.285601 78.732986 -2.399683
v 30.575817 78.476212 -2.333802
v 31.504313 78.968819 -2.797380
v 31.634933 78.935738 -3.193826
v 29.973778 78.987747 -2.799317
v 30.087154 78.377518 -2.467508
v 30.389719 78.164856 -2.366754
v 29.841803 78.493645 -2.810174
v 30.025850 78.108818 -2.571938
v 30.204077 77.908195 -2.536012
v 29.892918 78.094147 -2.834473
v 30.071720 77.780602 -2.847208
v 31.079182 78.345375 -2.744508
v 30.791309 78.030067 -2.621399
v 30.635149 77.788033 -2.616220
v 30.519258 77.538406 -2.985214
v 31.954248 84.943520 -4.314790
v 31.954536 84.095329 -4.157174
v 34.102589 83.938683 -4.635643
v 34.273479 84.672668 -4.740472
v 34.506985 84.676003 -4.268746
v 32.341988 84.038849 -4.763169
v 32.365425 84.890923 -4.931756
v 33.214565 84.914871 -5.107896
v 33.073112 83.999298 -4.999978
v 33.317368 81.430740 -4.165474
v 33.776234 82.077705 -4.301713
v 32.227802 82.231735 -4.437715
v 32.430744 82.564240 -4.504502
v 32.630810 80.431694 -3.967088
v 30.627544 79.645439 -3.938936
v 31.882837 80.822357 -4.349512
v 33.492977 82.141403 -4.605363
v 32.853168 82.384926 -4.751283
v 33.557175 82.743729 -4.737710
v 31.304358 78.907066 -3.889207
v 31.035780 79.350983 -4.111238
v 32.485458 82.898407 -4.587968
v 33.039577 82.730049 -4.848009
v 33.003132 83.334526 -4.941331
v 33.548241 83.318016 -4.822884
v 32.966381 80.984108 -4.095834
v 32.263828 81.421379 -4.469330
v 31.814356 81.653526 -4.300477
v 33.057819 81.591148 -4.492585
v 32.710571 81.953125 -4.638330
v 32.314407 80.579918 -4.288225
v 31.738657 79.133232 -3.651703
v 30.409424 79.204491 -3.886437
v 31.444187 79.192993 -3.971398
v 33.820004 84.732666 -5.027093
v 33.638859 83.993156 -4.944696
v 32.673695 81.148209 -4.402596
v 32.181774 83.014114 -4.070008
v 32.173252 82.714699 -4.022424
v 30.163395 79.443230 -3.451577
v 30.397701 79.879211 -3.510972
v 31.260578 81.355087 -3.744447
v 32.084949 83.510399 -4.114350
v 32.416214 83.372910 -4.681184
v 32.021294 82.513809 -3.962030
v 31.473373 81.100220 -4.193147
v 33.913452 82.742073 -4.432801
v 31.567528 81.874191 -3.840592
v 33.960197 83.275284 -4.523431
v 31.564135 78.914154 -3.583391
v 30.086901 78.671814 -3.732476
v 30.839424 78.883850 -4.027176
v 29.905504 78.880241 -3.353791
v 30.329069 78.414520 -3.911889
v 29.946123 78.311821 -3.623322
v 30.148924 78.033821 -3.731531
v 29.802511 78.459587 -3.257821
v 29.919138 78.050713 -3.483949
v 30.076292 77.854790 -3.550096
v 29.855110 78.066772 -3.205537
v 30.028139 77.760078 -3.226213
v 32.464287 83.254654 -4.985413
v 32.972664 83.163910 -5.013985
v 31.829773 81.158516 -4.680497
v 32.535366 81.676811 -5.032289
v 32.257912 81.915070 -4.811570
v 31.698353 80.315941 -4.907822
v 32.189125 81.095230 -4.962045
v 32.501221 83.552437 -5.062676
v 33.118282 83.483345 -5.097375
v 33.525589 83.540184 -5.467828
v 32.199051 82.810699 -4.902375
v 32.642441 82.481461 -4.919740
v 31.857424 82.095512 -4.849191
v 31.348097 81.285431 -4.670075
v 31.249777 81.069511 -4.633095
v 32.671818 81.522514 -5.437761
v 33.317757 85.074654 -5.226738
v 33.649380 85.112938 -5.597001
v 33.646317 83.518433 -5.901520
v 33.507557 82.948692 -5.824533
v 33.426075 83.023224 -5.468697
v 32.942173 82.243912 -5.197419
v 32.312386 81.026756 -5.328462
v 32.047981 83.320793 -5.347924
v 30.830250 81.203438 -4.906060
v 31.472658 82.221519 -5.140657
v 32.084171 83.557083 -5.467806
v 30.949966 81.415672 -4.938356
v 33.022114 82.100273 -5.636475
v 31.808651 82.966888 -5.241174
v 33.078228 84.595573 -5.105203
v 33.593403 84.656982 -5.561806
v 32.288414 84.869110 -5.160256
v 31.877562 84.737236 -5.691819
v 33.765160 84.652863 -6.013940
v 34.885399 89.923508 -2.151483
v 34.874855 89.953873 -1.459107
v 35.257957 88.063652 -1.288011
v 32.205967 85.219589 -5.363496
v 31.837511 85.146873 -5.858476
v 30.961905 80.629723 -4.568085
v 31.486807 80.075821 -4.812394
v 31.852722 80.476974 -5.061014
v 30.618244 80.722214 -4.814278
v 30.862934 80.251945 -4.535188
v 31.321632 79.851044 -4.785218
v 30.576715 80.233604 -4.767129
v 30.831778 79.986725 -4.622804
v 31.254553 79.709602 -4.852991
v 30.682932 79.890335 -4.845757
v 31.211203 79.628838 -5.060616
v 31.880938 85.069191 -6.414209
v 31.849787 84.643860 -6.308282
v 33.575924 84.589661 -6.427316
v 33.643414 85.036530 -6.500878
v 33.832500 85.099678 -6.067711
v 32.681870 84.471313 -6.803452
v 32.185066 84.521095 -6.700974
v 32.211262 84.959755 -6.785737
v 32.696075 84.915016 -6.848404
v 33.403549 82.937691 -6.191285
v 32.200985 83.159416 -6.381013
v 32.569572 81.470795 -5.872568
v 31.022682 81.170258 -5.880593
v 31.440300 82.017982 -6.041573
v 31.831291 81.787476 -6.243508
v 33.187145 82.972656 -6.439615
v 32.642941 83.099327 -6.543046
v 32.244820 81.555695 -6.207528
v 31.471621 81.017105 -6.073853
v 32.777462 83.406853 -6.609673
v 33.207520 83.456512 -6.567628
v 32.254395 82.458069 -6.414323
v 32.620876 82.204185 -6.388246
v 31.860659 80.518456 -5.470369
v 32.218193 80.988892 -5.696007
v 30.935371 80.957275 -5.834374
v 31.939131 80.981049 -5.989731
v 33.207108 84.966858 -6.765885
v 33.296329 85.979904 -6.877046
v 31.978922 83.503471 -6.024003
v 30.707537 81.154495 -5.412896
v 30.813250 81.365700 -5.444366
v 31.294220 82.196823 -5.621973
v 32.263115 83.452545 -6.441857
v 31.926880 83.295464 -5.943269
v 31.870888 82.775078 -6.281594
v 31.634781 82.953133 -5.767304
v 33.517246 83.462242 -6.308801
v 32.898369 82.090950 -6.074158
v 33.176102 84.513664 -6.719339
v 30.678062 80.488098 -5.709635
v 30.508442 80.684074 -5.308649
v 30.643385 80.065186 -5.637704
v 30.469524 80.169197 -5.271707
v 30.669428 79.851257 -5.560494
v 30.610418 79.824356 -5.261919
v 33.976799 85.492195 -1.339150
v 32.996311 85.608635 -1.252771
v 32.899956 85.147118 -3.277200
v 33.839779 85.061638 -3.365640
v 33.095909 85.320686 -5.157525
v 32.360779 85.458488 -5.273621
v 34.644482 90.654739 -3.781884
v 34.490971 91.370544 -3.925881
v 34.156158 92.459656 -1.312020
v 34.240776 92.342545 -2.018120
v 34.010448 92.989075 -1.532167
v 33.086163 93.452660 -0.241693
v 33.896172 92.499146 -0.585031
v 34.186115 91.764854 -0.410760
v 34.333004 91.785454 -1.153207
v 31.680462 87.356522 -2.155641
v 34.548553 90.931412 -0.979325
v 34.410149 90.891846 -0.322046
v 34.935795 90.007439 -0.810273
v 35.395794 87.822166 -3.555573
v 34.871407 89.801224 -3.628343
v 34.991447 89.875702 -2.900781
v 34.303234 92.116135 -3.327493
v 34.322536 92.247276 -2.689766
v 34.908752 86.487999 -1.712800
v 34.657162 86.370331 -1.557786
v 28.577343 97.799080 -4.131425
v 28.475637 97.469666 -4.923317
v 34.147823 86.188896 -5.222787
v 34.519417 86.213280 -4.980325
v 35.136761 87.815117 -4.027528
v 34.741329 89.727333 -4.309014
v 34.009933 86.674149 -6.311906
v 33.991337 86.748993 -5.973756
v 33.948292 86.155533 -6.223641
v 33.691795 93.970154 -2.801789
v 34.771908 86.721428 -1.156816
v 34.935596 86.773872 -0.750711
v 34.486317 86.062439 -3.593881
v 35.194817 86.517609 -2.115502
v 35.394138 87.229286 -2.246018
v 34.990356 87.184273 -1.741281
v 28.931915 94.740303 -4.168183
v 34.959408 87.470726 -5.120500
v 34.757298 86.838249 -5.076928
v 34.401394 86.862419 -5.374163
v 34.643806 86.647415 -1.480058
v 34.769035 86.999237 0.072653
v 32.225311 96.017776 -7.279648
v 34.023499 91.703438 -5.267976
v 34.194752 91.868423 -4.649377
v 35.055828 87.329559 -1.248956
v 34.664570 86.344421 -3.502999
v 35.009922 86.419518 -3.307778
v 35.244659 87.321747 -0.836183
v 32.017723 94.519798 -7.160569
v 33.191666 93.421112 -6.337541
v 32.099361 93.281662 -7.125642
v 30.466982 95.860092 -7.278527
v 30.025402 94.357292 -6.774811
v 29.821741 95.923752 -6.834977
v 32.787128 85.952728 -7.058686
v 35.212337 87.396698 -0.460130
v 34.935829 86.854477 -0.329415
v 31.269592 95.891449 -7.495821
v 32.848198 92.657486 -6.815164
v 32.949619 91.991287 -6.882393
v 32.307003 91.909378 -7.252428
v 32.206436 92.592178 -7.180665
v 33.047504 91.327377 -6.933609
v 33.516525 91.443001 -6.495080
v 34.040730 87.432526 -6.099855
v 33.408493 87.236740 -7.136621
v 32.988613 88.927025 -7.357407
v 33.559803 89.134972 -6.878045
v 33.854023 87.160347 -6.776368
v 33.799377 86.598557 -6.716187
v 33.341843 86.593155 -7.004251
v 35.017639 87.587776 -0.115639
v 34.699890 87.751953 0.225104
v 34.501579 87.167564 0.420187
v 28.838709 95.024109 -3.345324
v 33.955482 93.243828 -3.456468
v 33.935619 93.356178 -2.836969
v 32.299927 86.479652 -0.860672
v 32.390556 86.424431 -1.245111
v 32.227398 86.344376 -2.093919
v 32.177467 86.318466 -3.083489
v 31.847591 86.268669 -4.170465
v 31.917587 86.017479 -5.166703
v 32.126583 89.939247 1.983275
v 31.273911 89.315910 1.531737
v 32.151680 89.419670 1.346846
v 32.727375 89.955704 1.304068
v 33.018406 89.629288 1.064223
v 32.360317 89.260551 1.162772
v 33.782028 92.932899 -5.195664
v 33.806152 93.688370 -4.398370
v 33.921638 93.070091 -4.558267
v 32.577976 88.940491 0.995856
v 32.812099 88.129242 0.808562
v 32.358795 86.414558 -1.615609
v 32.132435 86.299500 -3.417184
v 31.995356 86.287224 -3.751550
v 32.657955 95.669182 -6.976151
v 31.936775 85.919060 -5.526017
v 31.881639 85.889145 -5.860917
v 33.309277 92.731857 -6.385400
v 33.612247 92.805885 -5.826142
v 33.706421 92.177017 -5.900781
v 33.410683 92.081924 -6.462441
v 31.832512 86.113716 -4.686776
v 32.165485 86.293999 -2.616921
v 31.223526 92.064575 2.741446
v 34.637497 86.226028 -3.818452
v 34.108376 92.594635 -4.027703
v 34.109287 92.700500 -3.396928
v 34.298592 91.998100 -4.004602
v 33.187565 87.767799 0.776664
v 32.837906 87.832314 0.762619
v 32.572010 87.607460 0.616095
v 32.986050 87.251732 0.672828
v 31.829964 85.989326 -6.259965
v 31.959087 86.021278 -6.686540
v 32.229012 87.370728 0.187019
v 32.385963 86.921417 0.294913
v 30.268002 95.234245 -0.755425
v 31.470760 95.251907 -0.534875
v 32.292469 85.987602 -7.023453
v 33.288376 88.221954 0.787345
v 32.079617 87.114151 -0.407891
v 32.228157 86.677567 -0.301934
v 33.762306 86.067146 -6.636537
v 35.404915 87.944817 -0.891243
v 35.384521 87.986099 -0.577195
v 34.056641 92.474892 -4.631929
v 33.889004 92.303833 -5.251840
v 29.829924 90.924591 -6.404198
v 29.424883 91.690559 -5.838105
v 29.659721 91.683022 -6.465333
v 31.570957 88.887955 -0.665376
v 31.517380 88.945404 -1.421831
v 34.157505 87.282967 0.626402
v 34.241459 87.822632 0.514106
v 33.734741 87.792076 0.724532
v 32.406250 88.002205 0.540016
v 32.099453 87.797218 0.033462
v 32.234863 86.521568 -7.188050
v 31.787355 86.441338 -6.857904
v 32.045639 87.189041 -7.370668
v 32.800774 86.566917 -7.207078
v 34.123112 92.819473 -2.790337
v 32.731030 87.234863 -7.430711
v 34.570740 89.621506 -4.938294
v 35.234177 87.705406 -4.525636
v 34.193562 87.546738 -5.679443
v 33.901001 89.337097 -6.258058
v 31.437902 92.531960 -7.405671
v 31.360069 93.218864 -7.333978
v 34.032757 87.240868 -6.426881
v 32.271042 93.915848 0.217315
v 32.068439 93.314766 0.919570
v 35.573219 87.180298 -2.689927
v 35.588367 87.938736 -2.403718
v 34.744637 90.020454 -0.252182
v 32.112972 88.800941 -7.597512
v 32.979645 95.896584 -6.639482
v 33.087082 92.611832 0.420859
v 30.039337 91.581902 -2.936693
v 30.112204 91.875603 -3.497652
v 30.486088 91.211037 -3.471169
v 30.550322 90.875656 -2.885934
v 33.116924 90.884705 1.085830
v 35.386421 86.473534 -2.560335
v 32.038799 88.835144 0.671432
v 31.721697 88.891136 0.096878
v 30.806295 91.020691 -7.487549
v 31.582060 91.106125 -7.562188
v 33.964237 93.112160 -4.016152
v 29.355793 96.048203 -6.242876
v 30.146782 91.736679 -7.051232
v 30.746738 91.804222 -7.451645
v 30.267973 90.970291 -7.021241
v 31.556108 86.402771 -6.379190
v 30.992672 96.974869 -7.815889
v 33.905228 93.382065 -2.168511
v 34.078232 92.916344 -2.146455
v 31.892315 97.209579 -7.659867
v 32.536674 97.546776 -7.065011
v 33.673313 93.604782 -1.344575
v 31.536617 86.329933 -5.882843
v 31.666340 86.208672 -5.575372
v 31.535854 86.408249 -5.305154
v 31.307838 94.443459 -7.276963
v 29.108894 93.104012 0.001875
v 29.797455 93.641548 0.650214
v 29.910788 94.245773 0.118980
v 29.112486 93.727570 -0.557778
v 31.505392 89.329651 0.964225
v 31.464119 89.324432 0.105514
v 31.821877 89.133316 0.794822
v 35.013802 84.923782 -2.239754
v 29.675388 95.961098 -1.671846
v 31.537882 86.579704 -4.801201
v 32.512970 94.884262 -0.977685
v 33.269653 94.436577 -1.522546
v 28.943844 94.023582 -2.270035
v 29.337141 93.398209 -3.270006
v 29.225492 93.120659 -2.820374
v 31.620247 86.694725 -4.255715
v 31.768866 86.649994 -3.750085
v 31.918970 86.545815 -3.467598
v 31.859903 86.680740 -3.221032
v 30.192503 90.337875 -0.151132
v 31.523369 91.846039 -7.492188
v 31.863762 86.746910 -2.727120
v 32.394436 91.218445 -7.323113
v 33.520168 90.185883 0.788611
v 28.801121 92.436790 -0.514016
v 30.499352 88.583153 5.171104
v 29.987221 88.389359 4.880583
v 29.856073 88.003227 4.391929
v 30.246904 87.622276 3.956382
v 29.686232 93.015129 1.210158
v 29.832079 87.391624 4.854774
v 30.074183 87.868698 5.247375
v 30.312212 92.242569 2.659713
v 29.799583 90.295059 3.285469
v 30.044003 89.358330 2.379638
v 29.640381 89.768814 2.852172
v 30.366686 90.698082 3.610045
v 30.226059 86.992096 4.343170
v 30.480377 89.752029 -4.464388
v 30.241558 89.635941 -5.074273
v 28.998056 91.914360 0.091910
v 29.262407 91.350296 -0.207864
v 30.728952 89.884109 -3.834809
v 30.881594 90.078056 -3.126855
v 31.465633 89.041359 -2.251542
v 31.158176 89.890594 -2.244301
v 31.250179 89.701706 -1.448494
v 31.316036 89.490891 -0.717035
v 30.962622 87.468750 3.804725
v 34.313831 89.918732 0.207243
v 34.016720 90.661003 0.283721
v 30.682100 89.005013 2.271849
v 34.598522 90.919975 -1.651993
v 30.962315 86.878098 4.120383
v 30.571093 88.129753 5.430167
v 30.119129 86.098755 5.834540
v 30.413849 85.826530 5.442183
v 31.015125 85.685280 5.174880
v 30.627758 85.578468 5.890136
v 30.395643 85.680031 6.200934
v 31.080006 85.507591 5.754027
v 30.813229 85.534569 6.181510
v 30.694530 85.602501 6.418075
v 31.133495 85.514732 6.188933
v 34.277874 89.483696 -5.554421
v 31.081656 85.581284 6.512282
v 30.483711 87.053337 5.940146
v 30.346869 86.778297 6.034682
v 30.347754 86.392227 6.295836
v 30.443985 86.146027 6.537535
v 30.944983 86.068024 6.806571
v 30.633247 89.475662 -7.032311
v 30.173147 89.557709 -5.704767
v 30.307581 89.489990 -6.366738
v 29.911306 90.230652 0.935416
v 33.889721 93.338905 -1.692201
v 33.155972 94.009979 -0.829072
v 31.116432 88.630096 5.276350
v 32.127190 88.200401 4.744720
v 32.017288 87.828629 4.278190
v 31.759747 88.069885 5.454566
v 31.972111 89.903717 3.162336
v 31.715029 90.413223 3.520034
v 31.115097 90.742889 3.659476
v 32.082844 87.278824 4.661887
v 31.770525 88.537285 5.150650
v 32.012203 91.446304 2.516303
v 31.613503 86.986809 4.266693
v 31.391577 89.019226 2.283447
v 31.824041 89.356407 2.769263
v 31.564262 87.553841 3.957283
v 31.158924 88.182304 5.515242
v 31.968985 86.256096 5.614883
v 32.163830 87.718002 5.159339
v 31.632408 85.908226 5.303587
v 32.057014 86.531403 6.061232
v 31.880327 85.959030 5.981940
v 31.968309 86.131386 6.274764
v 31.618582 85.661049 5.805336
v 31.781986 85.815430 6.235541
v 31.803680 85.906624 6.475211
v 31.556309 85.620872 6.213836
v 31.488815 85.699745 6.535506
v 32.340710 94.391235 -0.404236
v 31.953764 86.768723 -2.153794
v 33.683712 91.490387 0.349143
v 31.025541 94.226578 0.412620
v 31.325491 94.744667 -0.099793
v 29.231436 91.363091 1.782699
v 29.112215 92.534256 0.627845
v 29.621607 91.915215 2.295302
v 33.174652 96.606293 -5.854211
v 33.625015 86.025833 -5.340135
v 32.097221 86.842606 -0.970421
v 35.326881 86.427101 -2.981698
v 30.076330 94.764191 -0.372933
v 29.325117 93.138863 -5.184106
v 29.462633 93.313683 -4.468873
v 31.736084 92.814842 1.623038
v 30.227200 90.465225 -4.540475
v 30.473665 90.603745 -3.975792
v 30.312258 91.282219 -4.022386
v 30.013624 91.189377 -4.595094
v 32.203697 86.676880 -1.269539
v 29.182455 94.296196 -1.085870
v 28.789406 92.995491 -1.161370
v 30.871571 93.678780 1.003716
v 29.677092 90.846779 -0.277314
v 29.437218 93.380928 -3.799073
v 34.770302 86.247093 -4.610002
v 30.616854 93.120804 1.603507
v 33.803280 86.190910 -5.317536
v 29.531176 91.212189 -0.939294
v 29.889406 90.911331 -1.605309
v 29.401649 91.549080 -1.676996
v 32.111092 86.740234 -1.592942
v 32.511120 92.077148 1.352309
v 30.616476 90.412842 -1.452034
v 30.052021 90.173477 -6.371263
v 29.018023 92.241280 -1.550134
v 29.061966 91.769814 -0.845590
v 31.910784 87.354485 -1.341988
v 34.291363 88.429535 0.375167
v 30.520061 90.579109 -2.197176
v 29.922998 91.244789 -2.304581
v 28.857620 93.537910 -1.794504
v 30.695301 92.481445 -7.410317
v 30.657892 93.160294 -7.299492
v 30.085144 93.093849 -7.010461
v 35.019424 86.885582 -4.693039
v 29.128300 92.726082 -2.254053
v 30.064125 97.658722 -1.924356
v 34.664345 87.596031 -5.413995
v 35.611660 87.737366 -3.169732
v 35.676941 87.783508 -2.796030
v 35.531910 87.138924 -3.111169
v 35.195381 87.179863 -3.485002
v 33.823517 91.565552 -5.918565
v 35.263580 88.209053 -0.306344
v 34.780022 88.382095 0.027113
v 29.502365 91.959045 -2.370592
v 30.402918 90.194328 -7.030794
v 29.400724 92.506523 -5.226914
v 29.316429 92.392502 -5.887864
v 29.504915 91.785065 -5.201798
v 29.629967 92.303604 -2.995927
v 29.583181 92.375374 -6.527772
v 29.265739 93.023346 -5.898263
v 30.079350 92.426651 -7.061159
v 29.729572 92.572983 -3.505684
v 29.753283 92.700874 -3.972711
v 31.933052 87.581848 -0.601327
v 29.642790 92.669159 -4.583940
v 29.803045 91.951027 -4.611100
v 30.636192 90.653580 -3.517587
v 32.694500 99.256927 -6.660928
v 32.863365 99.623497 -5.624528
v 29.584532 93.027527 -6.559380
v 30.076294 92.014946 -4.038957
v 34.781406 87.006180 -3.840844
v 34.758865 86.282585 -4.192346
v 34.998009 86.955750 -4.296167
v 34.959461 84.841301 -2.726113
v 29.300528 94.792572 -1.430864
v 34.410782 91.735046 -1.841988
v 35.153034 87.522591 -4.819894
v 33.979160 86.710266 -5.603685
v 35.166080 88.037354 -1.875085
v 31.743547 80.446419 -5.622499
v 31.493219 87.160774 6.042929
v 28.874144 96.656624 -4.086755
v 29.063774 96.958397 -3.336869
v 33.724628 93.142326 -0.901933
v 33.203201 96.017670 -6.146432
v 29.323353 90.949684 1.298583
v 29.594297 90.611015 1.009597
v 30.280333 89.890106 1.054191
v 30.759687 89.526535 1.284949
v 31.774555 89.440849 1.802603
v 32.204247 90.631943 2.189315
v 33.489052 95.352249 -4.147248
v 33.388779 95.092766 -5.070931
v 33.347382 94.889290 -5.744538
v 33.113045 94.721153 -6.408448
v 30.621857 94.372421 -7.115320
v 29.159822 94.417236 -5.649545
v 29.050301 95.436211 -2.452965
v 30.687332 96.320435 -1.179887
v 32.869259 96.104370 -1.784868
v 33.276192 95.701202 -2.943185
v 12.745500 151.736465 -2.632157
v 17.399490 145.063110 1.501098
v 13.834790 148.295837 1.552962
v 13.266953 149.093048 0.677810
v 12.803020 150.850464 -1.303254
v 12.937051 152.636780 -4.176011
v 16.066717 150.183029 -0.626863
v 13.247840 153.219208 -6.143708
v 16.761637 144.395996 2.383910
v 13.339744 153.111176 -8.246690
v 13.034469 152.259506 -10.108155
v 15.762798 147.622375 1.526427
v 17.394579 143.043488 1.544799
v 17.986277 142.593628 0.411376
v 16.105085 151.274246 -1.707047
v 17.667341 149.798004 -0.765718
v 0.000001 149.472916 1.853866
v 0.000001 148.601898 2.517424
v -8.778439 151.891693 -2.225984
v -8.897260 151.028214 -1.250489
v -5.894444 149.861343 1.803329
v -4.364408 149.593628 2.511336
v -7.204020 152.245529 -1.373339
v -7.296602 151.575882 -0.903839
v -8.488345 152.604675 -2.712724
v -9.082261 150.215652 -0.184524
v -5.830521 150.573212 0.926879
v -7.455977 150.115280 0.817748
v -7.329310 150.832458 -0.140656
v -10.075112 154.048767 -8.747941
v -5.859217 151.337372 0.268264
v -5.904950 152.021057 -0.180314
v -4.545893 151.802948 0.730666
v -4.397096 151.098770 1.129104
v -2.874087 150.105499 2.129119
v -2.868729 149.332108 2.818480
v -4.340587 150.323883 1.703536
v -1.424213 149.797089 2.177459
v -1.429244 148.989807 2.826385
v -9.700492 153.503326 -4.438096
v -8.839480 154.184097 -4.805284
v -8.072152 153.279083 -3.074265
v -3.192893 151.535049 1.468474
v -3.618881 152.278778 1.179732
v -2.472422 152.055328 1.637527
v -1.602806 151.226547 1.709991
v -5.917900 152.629761 -0.584672
v -4.765317 152.508133 0.348296
v -2.958541 150.861038 1.712188
v -1.430269 150.601913 1.804168
v 0.000001 150.304337 1.635039
v -5.802685 154.803986 -1.508440
v -7.262206 155.927979 -5.314363
v -6.513843 155.072174 -2.699922
v -6.407482 156.295853 -7.984147
v -1.034817 153.906708 -9.712663
v -3.094445 154.598114 -9.564424
v -5.165729 154.707382 -0.349305
v -4.152038 154.493073 0.614532
v -2.947852 153.999878 1.270293
v -7.054113 155.402115 -3.974748
v -7.027273 152.864258 -1.747025
v -8.723883 154.659225 -8.773545
v -6.999780 156.368210 -6.796403
v -9.050442 154.850479 -6.767259
v -2.069658 154.130569 -9.613084
v -4.243013 155.277481 -9.389375
v -1.961190 153.483307 1.609130
v -1.825400 152.044220 1.641143
v -0.996150 153.254501 1.961944
v -10.133772 154.294281 -6.641191
v -1.106843 151.685593 1.661391
v -5.472280 155.922821 -8.835755
v 0.000000 150.914841 1.699142
v 8.897263 151.028214 -1.250489
v 8.778440 151.891693 -2.225984
v 4.364411 149.593628 2.511336
v 5.894444 149.861343 1.803329
v 7.296606 151.575882 -0.903840
v 7.204019 152.245529 -1.373338
v 8.488344 152.604675 -2.712708
v 9.082259 150.215652 -0.184526
v 7.455981 150.115280 0.817748
v 5.830523 150.573212 0.926879
v 7.329313 150.832458 -0.140656
v 10.075122 154.048767 -8.747941
v 4.545895 151.803131 0.730666
v 5.904951 152.021088 -0.180314
v 5.859221 151.337448 0.268264
v 4.397099 151.098770 1.129104
v 2.868731 149.332108 2.818480
v 2.874089 150.105499 2.129119
v 4.340588 150.323883 1.703536
v 1.424217 149.797089 2.177459
v 1.429245 148.989807 2.826385
v 8.072152 153.279083 -3.074265
v 8.839485 154.184097 -4.805284
v 9.700493 153.503311 -4.438096
v 2.472425 152.055359 1.637527
v 3.618881 152.278778 1.179732
v 3.192896 151.535034 1.468474
v 1.602807 151.226547 1.709991
v 4.765323 152.508011 0.348296
v 5.917899 152.629761 -0.584672
v 1.430271 150.601913 1.804168
v 2.958546 150.861038 1.712188
v 5.165729 154.707291 -0.349305
v 4.152038 154.493057 0.614532
v 2.947852 153.999878 1.270293
v 7.054118 155.402115 -3.974748
v 6.999777 156.368210 -6.796403
v 2.069659 154.130569 -9.613084
v 4.243021 155.277527 -9.389375
v 1.961187 153.483307 1.609130
v 0.996151 153.254501 1.961944
v 5.802685 154.803986 -1.508439
v 7.262208 155.927841 -5.314363
v 6.513840 155.072174 -2.699922
v 7.027270 152.864258 -1.747025
v 6.407475 156.295853 -7.984162
v 8.723876 154.659058 -8.773545
v 9.050432 154.850418 -6.767259
v 1.034817 153.906708 -9.712663
v 3.094444 154.598190 -9.564408
v 1.825398 152.044220 1.641143
v -0.000000 153.852859 -9.873780
v 10.133774 154.294281 -6.641191
v 1.106846 151.685593 1.661391
v 0.000000 153.134476 2.170196
v 5.472279 155.922821 -8.835755
v 0.000000 151.464844 1.775496
v 1.915228 111.754845 -4.429495
v 0.000001 111.754837 -4.146917
v 4.744377 111.754845 -4.222208
v 3.330685 111.754845 -4.488888
v 6.290558 111.754845 -3.978892
v 7.782015 111.754845 -3.705484
v 10.960471 111.754837 -1.399486
v 10.138309 111.754845 -2.323481
v 11.731453 111.754837 2.404207
v 11.770847 111.754837 1.037025
v 11.371121 111.754845 3.703252
v 10.655741 111.754837 4.877949
v 9.714832 111.754837 5.852053
v 2.568837 111.754837 9.552908
v 3.723745 111.754837 9.243900
v 4.858671 111.754845 8.817702
v 6.076262 111.754845 8.083155
v -0.000000 111.754845 9.490349
v 1.407888 111.754845 9.623058
v 7.445582 111.754837 7.326426
v 8.669335 111.754837 6.608759
v 9.071131 111.754845 -3.175159
v 11.491554 111.754845 -0.265130
v -1.915227 111.754845 -4.429495
v -3.330685 111.754845 -4.488888
v -4.744376 111.754845 -4.222208
v -6.290559 111.754845 -3.978892
v -7.782015 111.754845 -3.705484
v -10.138305 111.754845 -2.323484
v -10.960476 111.754837 -1.399484
v -11.770850 111.754845 1.037025
v -11.731456 111.754837 2.404204
v -11.371123 111.754845 3.703248
v -10.655742 111.754837 4.877948
v -9.714834 111.754837 5.852053
v -3.723746 111.754837 9.243900
v -2.568837 111.754837 9.552908
v -4.858674 111.754845 8.817701
v -6.076263 111.754845 8.083154
v -1.407889 111.754845 9.623058
v -8.669335 111.754837 6.608758
v -7.445581 111.754837 7.326426
v -9.071128 111.754845 -3.175162
v -11.491557 111.754837 -0.265125
v -0.000001 111.754845 0.270929
v -0.000004 154.868790 -4.386326
v -33.347382 94.889290 -5.744538
v -33.388779 95.092766 -5.070931
v -33.686111 93.597687 -5.092210
v -33.495949 93.491829 -5.754411
v -31.907143 96.422661 -1.009019
v -30.687332 96.320435 -1.179887
v -33.806152 93.688370 -4.398370
v -33.489052 95.352249 -4.147248
v -33.774319 93.814163 -3.562700
v -33.857399 93.548233 -3.998018
v -33.905228 93.382065 -2.168511
v -33.711079 93.891258 -1.952782
v -33.673313 93.604782 -1.344575
v -33.889721 93.338905 -1.692200
v -34.480221 91.620628 -2.516274
v -34.655502 90.853172 -2.332628
v -34.658222 90.738564 -3.055215
v -34.477303 91.468010 -3.206956
v -33.191666 93.421112 -6.337541
v -33.309277 92.731857 -6.385400
v -32.848198 92.657486 -6.815164
v -32.723335 93.343193 -6.774590
v -34.165222 91.072617 -5.208253
v -34.359978 91.237724 -4.595429
v -34.538197 90.556725 -4.438805
v -34.326126 90.424164 -5.070420
v -33.921638 93.070091 -4.558267
v -33.782028 92.932899 -5.195664
v -34.095345 90.270844 -5.742723
v -33.947773 90.920403 -5.869660
v -33.691795 93.970154 -2.801789
v -33.935619 93.356178 -2.836968
v -33.955482 93.243828 -3.456468
v -33.329098 89.875343 -6.966607
v -33.171238 90.626015 -6.971467
v -33.625702 90.766670 -6.476892
v -33.751324 90.060570 -6.400605
v -32.690716 89.705032 -7.391007
v -32.506287 90.483879 -7.393685
v -31.127029 89.498718 -7.533082
v -30.916759 90.239960 -7.510804
v -31.669935 90.338043 -7.606881
v -31.859390 89.570534 -7.607766
v -31.509708 87.086609 -7.014215
v -30.909435 88.708000 -7.025384
v -31.367300 88.734741 -7.554017
v -32.045639 87.189041 -7.370667
v -31.119484 86.975784 -6.434937
v -31.054485 86.837608 -5.646417
v -30.530972 88.774231 -5.719361
v -30.590048 88.705948 -6.393670
v -30.845518 88.940338 -4.436486
v -30.631311 88.865456 -5.068887
v -31.100182 87.049728 -4.919099
v -31.316864 87.204521 -4.262033
v -29.684299 91.025787 -5.148713
v -29.610235 90.943871 -5.766915
v -29.891567 90.202103 -5.723504
v -29.951664 90.312347 -5.108574
v -31.558397 87.210159 -3.527856
v -31.102308 89.029396 -3.797982
v -31.351913 89.113052 -3.079552
v -31.579718 87.317368 -2.843293
v -30.703308 90.088173 -0.729722
v -30.872967 89.715378 0.197280
v -30.192503 90.337875 -0.151131
v -30.039276 90.661552 -0.861192
v -33.807064 88.359756 0.645728
v -33.795559 89.574860 0.641570
v -33.208538 89.190147 0.929351
v -33.288376 88.221954 0.787345
v -29.029493 94.542564 -4.928918
v -29.159822 94.417236 -5.649545
v -32.406960 85.097176 -2.384385
v -32.401104 84.223793 -2.313546
v -32.558399 84.346954 -1.702592
v -32.565845 85.226570 -1.847749
v -34.648441 84.147034 -1.525582
v -34.761395 85.053452 -1.730165
v -34.179047 85.203766 -1.385583
v -33.984116 84.271233 -1.230470
v -33.008305 85.327545 -1.416734
v -33.151936 84.367973 -1.262010
v -33.888378 81.307037 -2.084337
v -34.427208 81.941246 -2.192842
v -34.502430 81.985298 -1.765610
v -34.018955 81.361023 -1.606697
v -33.021851 82.446030 -0.887498
v -33.649464 82.036835 -0.835565
v -33.813305 82.475517 -0.849206
v -33.197636 82.753357 -0.974397
v -32.673542 79.694923 -1.687242
v -32.779312 79.749519 -1.111787
v -32.052719 78.905563 -0.992280
v -31.979607 78.877502 -1.435418
v -31.038982 79.453461 -0.339013
v -31.510096 79.166832 -0.260164
v -32.268608 80.309677 -0.471452
v -31.802561 80.523491 -0.558175
v -34.389557 82.119286 -1.350656
v -34.459476 82.808876 -1.370424
v -34.015339 82.862259 -0.959275
v -31.785685 78.833115 -0.570565
v -31.898462 79.007576 -0.566941
v -31.404451 78.859329 -0.250542
v -34.680885 82.763298 -1.854845
v -34.621117 82.705597 -2.317002
v -33.232147 83.059471 -1.033288
v -34.502098 83.403046 -1.408616
v -33.914116 83.513695 -1.085741
v -33.601673 80.825951 -1.470155
v -33.470139 80.802490 -1.977418
v -32.604866 81.874275 -0.796441
v -33.101261 81.478729 -0.755403
v -33.924885 81.573349 -1.116693
v -32.608559 79.966515 -0.672860
v -33.471329 81.067680 -0.995309
v -31.914549 78.768822 -0.978929
v -31.849669 78.737221 -1.380609
v -30.920967 79.197586 -0.297898
v -32.749584 82.875092 -1.415223
v -32.720245 83.104256 -1.461274
v -30.670353 79.626358 -0.716058
v -30.533384 79.384346 -0.681779
v -33.135033 83.603485 -1.085770
v -32.607357 83.603340 -1.540116
v -32.594982 82.675934 -1.339028
v -32.165272 82.029709 -1.187639
v -31.424431 80.665901 -0.939034
v -31.305059 80.611885 -1.527757
v -30.592047 79.565407 -1.296304
v -32.018147 81.948555 -1.837648
v -32.472740 82.614441 -2.004128
v -34.736988 83.313927 -1.935960
v -34.665573 83.222198 -2.419114
v -34.777218 83.940155 -2.578248
v -34.861507 84.029068 -2.051919
v -32.631256 82.796860 -2.077867
v -30.444023 79.325768 -1.284723
v -32.470009 83.479179 -2.241029
v -32.613575 82.993172 -2.160959
v -30.546274 78.676048 -0.232064
v -30.832760 78.351761 -0.130899
v -30.233763 78.821800 -0.627381
v -30.142803 78.776268 -1.175653
v -30.384380 78.262833 -0.256006
v -30.711018 78.075760 -0.184892
v -30.153397 78.346535 -0.611795
v -30.073212 78.316345 -1.059693
v -30.397898 77.974442 -0.351228
v -30.543850 77.805138 -0.331666
v -30.255836 77.943382 -0.615678
v -30.180044 77.908302 -0.987725
v -30.402891 77.651108 -0.617967
v -30.329779 77.602852 -0.987687
v -31.645840 78.487366 -0.956727
v -31.596794 78.452927 -1.240449
v -31.587143 78.450180 -0.695618
v -31.402821 78.287453 -0.536843
v -31.086584 77.926712 -0.448899
v -30.959927 77.691963 -0.443025
v -30.879805 77.575699 -0.553193
v -30.820122 77.454079 -0.747782
v -30.785522 77.428398 -1.003465
v -32.856922 84.066002 -2.913262
v -32.830139 84.904388 -3.015817
v -33.924820 84.798332 -3.272515
v -33.700436 83.953926 -3.105226
v -33.446022 82.263771 -2.826859
v -33.237846 81.853424 -2.703286
v -32.737186 82.331703 -2.528382
v -32.917133 82.575371 -2.605912
v -30.814665 79.324425 -1.787545
v -31.486250 80.390602 -1.969552
v -31.891171 80.087746 -2.176515
v -31.239828 79.024406 -1.929520
v -33.705715 82.606705 -2.884393
v -34.284039 82.635155 -2.710488
v -34.166744 81.989372 -2.552323
v -31.694593 78.918869 -1.785111
v -31.592468 78.735138 -1.705674
v -31.122633 78.722588 -1.867051
v -32.968616 82.806877 -2.698861
v -33.646889 83.226082 -2.960756
v -34.284695 83.167252 -2.816575
v -32.752655 81.327721 -2.477105
v -32.273140 81.680038 -2.345498
v -33.607006 81.444084 -2.462808
v -33.173256 80.976715 -2.344064
v -32.340813 79.823143 -2.074006
v -30.694645 79.056648 -1.762300
v -32.890709 83.309685 -2.816049
v -34.386066 83.898613 -2.984468
v -34.557632 84.812424 -3.107789
v -30.596563 78.183182 -1.720353
v -30.306969 78.531113 -1.593591
v -30.493296 77.940681 -1.574594
v -30.198917 78.177727 -1.414796
v -30.365360 77.696869 -1.342233
v -30.230837 77.900932 -1.278497
v -31.456736 78.367104 -1.441896
v -31.244080 78.186424 -1.523095
v -30.928207 77.835083 -1.471261
v -30.774326 77.626137 -1.415384
v -30.763611 77.484619 -1.250879
v -32.305828 85.485542 -0.230951
v -32.308567 84.838837 -0.217195
v -32.439697 84.963692 0.496878
v -32.430725 85.615005 0.432189
v -34.646629 85.400223 -0.520310
v -34.704182 85.499695 -0.038796
v -34.609394 84.868416 0.065238
v -34.547752 84.763100 -0.450257
v -32.986050 87.251732 0.672827
v -32.982372 85.685364 0.810363
v -33.826752 85.938614 0.846518
v -33.700535 87.234802 0.753882
v -33.718620 82.404968 -0.119179
v -34.242504 83.087952 -0.239144
v -34.355930 83.141922 0.214813
v -33.870094 82.439705 0.361861
v -33.680668 83.530006 1.117385
v -33.087288 83.648521 1.002837
v -32.895390 83.382690 1.113319
v -33.526108 83.033318 1.118758
v -34.224911 83.258957 0.629424
v -34.273819 83.957825 0.678702
v -33.768036 83.918732 1.029586
v -31.760902 80.276123 1.363021
v -32.809940 81.666069 1.100745
v -32.458611 82.004539 1.335867
v -31.399351 80.480751 1.594306
v -31.625956 80.022133 1.355209
v -31.211538 80.065361 1.621940
v -34.420277 83.802948 -0.371484
v -34.498398 83.895172 0.182585
v -33.118782 83.976173 0.925139
v -34.307316 84.432518 0.669142
v -33.711567 84.476440 0.988112
v -33.412975 81.971123 0.501502
v -33.307270 81.929710 -0.020028
v -32.942303 82.533066 1.248542
v -32.430168 82.853188 1.190040
v -33.775295 82.648415 0.827079
v -32.979469 81.450089 0.650985
v -31.944214 80.145576 0.966376
v -31.900263 80.083946 0.519248
v -32.900471 81.401207 0.115691
v -30.970871 80.766495 1.540892
v -32.038296 82.309929 1.243064
v -31.787035 79.950256 0.983413
v -31.740353 79.894875 0.586554
v -30.743366 80.354103 1.599059
v -34.489017 85.663452 0.473853
v -34.394157 85.004890 0.583388
v -33.309105 82.181122 0.983817
v -32.654964 83.978271 0.534560
v -32.666683 83.752457 0.583083
v -30.346218 80.519798 1.253081
v -30.608110 80.946632 1.193168
v -31.684265 82.526573 0.891913
v -33.015755 84.462143 0.891227
v -32.470211 84.361961 0.536162
v -32.480507 83.551819 0.707107
v -32.042225 83.041046 0.800551
v -32.353436 83.478264 0.040969
v -31.887304 82.991074 0.191321
v -34.561333 84.325981 0.156043
v -34.514320 84.216148 -0.414827
v -33.762199 85.134941 0.946181
v -33.012962 85.063278 0.855720
v -31.536118 82.515030 0.290733
v -30.493782 80.900345 0.634345
v -30.206867 80.425011 0.697906
v -30.320171 79.517349 1.560462
v -30.575459 79.352890 1.647025
v -30.099123 79.568619 1.271178
v -29.999224 79.515747 0.897994
v -30.271053 79.257523 1.490348
v -30.421301 79.088425 1.521201
v -30.151440 79.220161 1.262611
v -30.072702 79.173820 0.959853
v -30.306747 78.968071 1.258216
v -30.233915 78.916588 0.955749
v -31.478142 79.607147 0.987021
v -31.441462 79.582680 0.743118
v -31.409428 79.580383 1.210288
v -31.249872 79.459900 1.366630
v -30.848125 78.996338 1.488280
v -30.764160 78.836418 1.377212
v -30.710934 78.737411 1.169661
v -30.667053 78.712700 0.927940
v -32.560867 83.654930 -0.047166
v -32.380188 84.233635 -0.190789
v -32.566635 83.853134 -0.127694
v -32.729290 85.388832 -1.004464
v -33.921040 85.304459 -1.219583
v -33.572872 84.628296 -1.123589
v -32.702232 84.698105 -0.925202
v -33.157818 82.947990 -0.675927
v -32.584084 83.265877 -0.481004
v -32.810432 83.445740 -0.567956
v -33.296375 83.265297 -0.803025
v -33.451942 83.579086 -0.896096
v -34.051598 83.710236 -0.745500
v -33.967678 83.106071 -0.574227
v -32.172680 81.869370 -0.374864
v -32.587540 81.546265 -0.266564
v -31.617678 80.109482 0.147201
v -31.180403 80.297081 0.005698
v -31.471508 79.870514 0.262611
v -30.960058 79.855225 0.128088
v -32.851273 83.685898 -0.673806
v -33.463852 84.088982 -1.015168
v -34.136929 84.108727 -0.852829
v -32.561768 82.359482 -0.501389
v -32.100006 82.715042 -0.303872
v -33.451111 82.552277 -0.499292
v -30.760530 80.616966 0.177253
v -31.766424 82.234116 -0.181009
v -30.496332 80.155327 0.251151
v -32.992702 82.052055 -0.389146
v -32.751881 84.091827 -0.811906
v -34.206856 84.667465 -0.897157
v -34.351696 85.333458 -0.938622
v -30.328724 79.163521 0.429618
v -30.098417 79.361435 0.572295
v -30.237831 78.965302 0.658584
v -30.092289 79.142776 0.713515
v -31.304895 79.507378 0.559425
v -31.102276 79.357956 0.479506
v -30.687305 78.882210 0.569373
v -30.654398 78.764786 0.709899
v -33.934727 84.832207 -3.426606
v -32.716492 84.981361 -3.384111
v -32.732582 84.216896 -3.121713
v -33.583000 84.085548 -3.230538
v -32.596600 82.358734 -2.996987
v -33.141541 81.960876 -2.981035
v -33.316238 82.415688 -2.983483
v -32.738274 82.642792 -3.038743
v -30.864523 79.774948 -2.566544
v -31.335142 79.477036 -2.520913
v -32.225582 80.913300 -2.808862
v -31.764168 81.233498 -2.847856
v -33.839504 82.155106 -3.445733
v -33.934689 82.814346 -3.471596
v -33.501869 82.818375 -3.084169
v -31.504313 78.968819 -2.797379
v -31.683121 79.264130 -2.791559
v -31.106668 78.980743 -2.485283
v -32.820358 82.999832 -3.073693
v -34.007542 83.349892 -3.526071
v -33.523106 83.449371 -3.123338
v -32.099472 81.736496 -2.916039
v -32.636921 81.447067 -2.879998
v -33.392120 81.568634 -3.255090
v -30.605869 79.294456 -2.514222
v -33.462795 81.400917 -3.712327
v -33.938522 82.071526 -3.864892
v -31.813061 79.166214 -3.215791
v -32.753979 80.421928 -3.481500
v -32.579746 80.598122 -3.019189
v -34.160076 83.991791 -3.615365
v -34.369816 84.736206 -3.768517
v -34.080750 82.756035 -3.960221
v -32.994343 81.124611 -3.123719
v -33.112934 80.958115 -3.624665
v -31.634933 78.935738 -3.193825
v -32.295895 83.091599 -3.413125
v -32.286362 82.771851 -3.389756
v -30.225296 79.494873 -2.881593
v -30.478884 79.948700 -2.953278
v -32.822529 83.538025 -3.053269
v -32.254860 83.596863 -3.445558
v -32.157497 82.548080 -3.345719
v -31.372587 81.412941 -3.172357
v -31.690857 81.929916 -3.252114
v -34.158287 83.279060 -4.049165
v -32.144550 84.172897 -3.547060
v -34.321209 83.929619 -4.137666
v -32.069771 85.017502 -3.800317
v -30.285601 78.732986 -2.399682
v -30.575817 78.476212 -2.333802
v -29.973778 78.987747 -2.799317
v -30.087154 78.377518 -2.467507
v -30.389719 78.164856 -2.366754
v -29.841803 78.493645 -2.810174
v -30.025850 78.108818 -2.571939
v -30.204077 77.908195 -2.536012
v -29.892918 78.094147 -2.834473
v -30.071720 77.780602 -2.847207
v -31.247595 78.496170 -2.939729
v -31.319298 78.549614 -3.203004
v -31.079182 78.345375 -2.744508
v -30.791309 78.030067 -2.621400
v -30.635149 77.788033 -2.616220
v -30.569586 77.635582 -2.736001
v -30.519258 77.538406 -2.985215
v -31.954536 84.095329 -4.157174
v -31.954248 84.943520 -4.314790
v -34.506985 84.676003 -4.268746
v -34.102589 83.938683 -4.635644
v -34.273479 84.672668 -4.740472
v -33.214565 84.914871 -5.107895
v -33.073112 83.999298 -4.999978
v -32.341988 84.038849 -4.763169
v -32.365425 84.890923 -4.931756
v -33.317368 81.430740 -4.165474
v -33.776234 82.077705 -4.301713
v -32.853168 82.384926 -4.751283
v -32.710571 81.953125 -4.638330
v -32.227802 82.231735 -4.437715
v -32.430744 82.564240 -4.504502
v -32.630810 80.431694 -3.967087
v -31.738657 79.133232 -3.651704
v -30.627544 79.645439 -3.938935
v -31.473373 81.100220 -4.193147
v -31.882835 80.822357 -4.349511
v -31.035780 79.350983 -4.111238
v -33.039577 82.730049 -4.848008
v -33.557175 82.743729 -4.737710
v -33.492977 82.141403 -4.605363
v -31.444187 79.192993 -3.971398
v -31.304358 78.907066 -3.889207
v -30.839424 78.883850 -4.027177
v -33.913452 82.742073 -4.432801
v -32.485458 82.898407 -4.587968
v -33.003132 83.334526 -4.941331
v -33.548241 83.318016 -4.822885
v -32.966381 80.984108 -4.095834
v -32.263828 81.421379 -4.469331
v -31.814356 81.653526 -4.300477
v -33.057819 81.591148 -4.492585
v -31.564135 78.914154 -3.583390
v -30.409424 79.204491 -3.886438
v -32.314407 80.579918 -4.288224
v -33.820004 84.732666 -5.027093
v -33.638859 83.993156 -4.944695
v -32.673695 81.148209 -4.402596
v -32.173252 82.714699 -4.022424
v -32.181774 83.014114 -4.070008
v -30.163395 79.443230 -3.451577
v -30.397701 79.879211 -3.510972
v -32.416214 83.372910 -4.681184
v -32.084949 83.510399 -4.114350
v -32.021294 82.513809 -3.962029
v -31.260578 81.355087 -3.744447
v -31.567528 81.874191 -3.840592
v -33.960197 83.275284 -4.523431
v -30.329069 78.414520 -3.911889
v -30.086901 78.671814 -3.732476
v -29.905504 78.880241 -3.353791
v -30.148924 78.033821 -3.731530
v -29.946123 78.311821 -3.623322
v -29.802511 78.459587 -3.257821
v -30.076292 77.854790 -3.550096
v -29.919138 78.050713 -3.483948
v -29.855110 78.066772 -3.205537
v -30.028139 77.760078 -3.226212
v -31.271015 78.531616 -3.471940
v -31.140347 78.450073 -3.670053
v -30.941387 78.277496 -3.757585
v -30.644106 77.952263 -3.711572
v -30.488241 77.700005 -3.623841
v -30.456573 77.586739 -3.488488
v -30.472809 77.526428 -3.246316
v -31.348097 81.285431 -4.670075
v -31.829773 81.158516 -4.680497
v -32.257912 81.915070 -4.811570
v -31.857424 82.095512 -4.849190
v -33.118282 83.483345 -5.097375
v -32.972664 83.163910 -5.013986
v -33.426075 83.023224 -5.468698
v -33.525589 83.540184 -5.467828
v -31.852722 80.476974 -5.061013
v -32.189125 81.095230 -4.962045
v -31.698353 80.315941 -4.907823
v -32.501221 83.552437 -5.062676
v -32.464287 83.254654 -4.985414
v -32.199051 82.810699 -4.902375
v -32.642441 82.481461 -4.919740
v -32.535366 81.676811 -5.032288
v -32.942173 82.243912 -5.197419
v -31.249777 81.069511 -4.633096
v -32.671818 81.522514 -5.437760
v -32.312386 81.026756 -5.328462
v -33.649380 85.112938 -5.597001
v -33.883865 86.194130 -5.822968
v -33.746746 86.170311 -5.527490
v -33.317757 85.074654 -5.226739
v -33.507557 82.948692 -5.824533
v -33.646317 83.518433 -5.901521
v -33.022114 82.100273 -5.636476
v -31.904844 80.531265 -5.269242
v -32.084171 83.557083 -5.467804
v -32.047981 83.320793 -5.347925
v -30.830248 81.203438 -4.906061
v -30.949966 81.415672 -4.938355
v -31.808651 82.966888 -5.241174
v -31.472658 82.221519 -5.140656
v -33.593403 84.656982 -5.561807
v -33.078228 84.595573 -5.105203
v -32.288414 84.869110 -5.160256
v -31.877562 84.737236 -5.691819
v -33.765160 84.652863 -6.013940
v -34.874855 89.953873 -1.459107
v -35.257957 88.063652 -1.288010
v -35.166080 88.037354 -1.875085
v -34.885399 89.923508 -2.151483
v -32.205967 85.219589 -5.363496
v -31.837511 85.146873 -5.858476
v -30.961905 80.629723 -4.568086
v -31.486807 80.075821 -4.812394
v -30.618244 80.722214 -4.814279
v -30.862934 80.251945 -4.535188
v -31.321632 79.851044 -4.785217
v -30.576715 80.233604 -4.767128
v -30.831778 79.986725 -4.622804
v -31.254553 79.709602 -4.852990
v -30.682932 79.890335 -4.845757
v -31.211203 79.628838 -5.060616
v -31.849787 84.643860 -6.308282
v -31.880938 85.069191 -6.414208
v -33.832500 85.099678 -6.067712
v -33.575924 84.589661 -6.427316
v -33.643414 85.036530 -6.500878
v -32.211262 84.959755 -6.785737
v -32.696075 84.915016 -6.848405
v -32.681870 84.471313 -6.803452
v -32.185066 84.521095 -6.700974
v -32.569572 81.470795 -5.872567
v -32.218193 80.988892 -5.696008
v -31.831291 81.787476 -6.243508
v -31.471621 81.017105 -6.073853
v -31.022684 81.170258 -5.880593
v -31.440300 82.017982 -6.041574
v -33.187145 82.972656 -6.439614
v -32.642941 83.099327 -6.543046
v -32.777462 83.406853 -6.609674
v -33.207520 83.456512 -6.567628
v -31.939131 80.981049 -5.989732
v -31.743547 80.446419 -5.622499
v -31.557425 80.295052 -5.691003
v -33.403549 82.937691 -6.191285
v -33.517246 83.462242 -6.308801
v -32.200985 83.159416 -6.381013
v -32.263115 83.452545 -6.441858
v -32.898369 82.090950 -6.074159
v -32.254395 82.458069 -6.414323
v -31.870888 82.775078 -6.281594
v -32.620876 82.204185 -6.388246
v -32.244820 81.555695 -6.207528
v -31.860659 80.518456 -5.470368
v -30.935371 80.957275 -5.834374
v -33.207108 84.966858 -6.765885
v -33.296329 85.979904 -6.877046
v -33.762306 86.067146 -6.636537
v -31.926880 83.295464 -5.943269
v -31.978922 83.503471 -6.024003
v -30.707537 81.154495 -5.412896
v -30.813250 81.365700 -5.444368
v -31.294220 82.196823 -5.621972
v -31.634781 82.953133 -5.767304
v -33.176102 84.513664 -6.719338
v -31.299231 80.002075 -5.652581
v -30.678062 80.488098 -5.709634
v -30.508442 80.684074 -5.308648
v -31.153912 79.779213 -5.581315
v -30.643385 80.065186 -5.637704
v -30.469524 80.169197 -5.271707
v -31.143457 79.697952 -5.483552
v -30.669428 79.851257 -5.560494
v -30.610418 79.824356 -5.261918
v -31.151953 79.606499 -5.299386
v -33.976799 85.492195 -1.339150
v -32.996311 85.608635 -1.252771
v -32.899956 85.147118 -3.277200
v -33.839779 85.061638 -3.365640
v -32.360779 85.458488 -5.273622
v -33.095909 85.320686 -5.157525
v -34.644482 90.654739 -3.781884
v -34.490971 91.370544 -3.925881
v -34.657162 86.370331 -1.557786
v -34.643806 86.647415 -1.480058
v -33.896172 92.499146 -0.585031
v -33.724628 93.142326 -0.901933
v -33.086163 93.452660 -0.241693
v -33.087082 92.611832 0.420859
v -34.333004 91.785454 -1.153207
v -34.156158 92.459656 -1.312021
v -34.186115 91.764854 -0.410759
v -34.410149 90.891846 -0.322045
v -34.548553 90.931412 -0.979326
v -34.935795 90.007439 -0.810273
v -35.263580 88.209053 -0.306344
v -34.991447 89.875702 -2.900780
v -35.588367 87.938736 -2.403718
v -35.395794 87.822166 -3.555574
v -34.871407 89.801224 -3.628343
v -34.322536 92.247276 -2.689767
v -34.303234 92.116135 -3.327493
v -35.194817 86.517609 -2.115503
v -34.908752 86.487999 -1.712800
v -33.803280 86.190910 -5.317536
v -33.625015 86.025833 -5.340134
v -34.147823 86.188896 -5.222787
v -34.519417 86.213280 -4.980325
v -35.136761 87.815117 -4.027528
v -34.741329 89.727333 -4.309014
v -34.040730 87.432526 -6.099854
v -33.991337 86.748993 -5.973756
v -34.009933 86.674149 -6.311906
v -34.032757 87.240868 -6.426881
v -33.948292 86.155533 -6.223642
v -33.203201 96.017670 -6.146432
v -32.979645 95.896584 -6.639482
v -34.771908 86.721428 -1.156815
v -34.935596 86.773872 -0.750710
v -34.486317 86.062439 -3.593881
v -34.664570 86.344421 -3.502999
v -34.990356 87.184273 -1.741280
v -35.394138 87.229286 -2.246019
v -28.931915 94.740303 -4.168183
v -34.770302 86.247093 -4.610002
v -34.959408 87.470726 -5.120500
v -34.757298 86.838249 -5.076928
v -34.401394 86.862419 -5.374162
v -34.664345 87.596031 -5.413995
v -34.501579 87.167564 0.420188
v -34.769035 86.999237 0.072654
v -32.673542 94.591171 -6.912728
v -32.099361 93.281662 -7.125642
v -32.017723 94.519798 -7.160569
v -34.935829 86.854477 -0.329416
v -34.023499 91.703438 -5.267976
v -34.194752 91.868423 -4.649377
v -35.055828 87.329559 -1.248956
v -35.009922 86.419518 -3.307778
v -35.244659 87.321747 -0.836182
v -29.323353 90.949684 1.298583
v -30.044003 89.358330 2.379638
v -29.640381 89.768814 2.852172
v -29.231436 91.363091 1.782699
v -30.025402 94.357292 -6.774812
v -30.621857 94.372421 -7.115319
v -32.787128 85.952728 -7.058686
v -35.212337 87.396698 -0.460130
v -33.113045 94.721153 -6.408448
v -32.307003 91.909378 -7.252427
v -32.206436 92.592178 -7.180665
v -32.949619 91.991287 -6.882394
v -33.047504 91.327377 -6.933609
v -33.516525 91.443001 -6.495081
v -33.559803 89.134972 -6.878045
v -33.408493 87.236740 -7.136621
v -32.988613 88.927025 -7.357408
v -33.341843 86.593155 -7.004251
v -33.854023 87.160347 -6.776368
v -33.799377 86.598557 -6.716187
v -35.017639 87.587776 -0.115640
v -34.699890 87.751953 0.225104
v -29.337141 93.398209 -3.270005
v -29.050301 95.436211 -2.452966
v -28.838709 95.024109 -3.345323
v -29.437218 93.380928 -3.799073
v -33.964237 93.112160 -4.016152
v -32.299927 86.479652 -0.860673
v -32.390556 86.424431 -1.245111
v -32.358795 86.414558 -1.615609
v -32.227398 86.344376 -2.093919
v -32.228157 86.677567 -0.301934
v -32.177467 86.318466 -3.083489
v -32.165485 86.293999 -2.616921
v -31.995354 86.287224 -3.751550
v -31.847591 86.268669 -4.170465
v -32.132435 86.299500 -3.417184
v -31.832512 86.113716 -4.686776
v -31.917587 86.017479 -5.166704
v -31.774555 89.440849 1.802604
v -32.126583 89.939247 1.983275
v -31.824041 89.356407 2.769264
v -31.391577 89.019226 2.283446
v -31.936775 85.919060 -5.526017
v -32.151680 89.419670 1.346847
v -32.727375 89.955704 1.304068
v -32.385963 86.921417 0.294913
v -30.759687 89.526535 1.284950
v -31.273911 89.315910 1.531737
v -32.292469 85.987602 -7.023454
v -31.505392 89.329651 0.964225
v -32.360317 89.260551 1.162772
v -33.018406 89.629288 1.064223
v -33.612247 92.805885 -5.826142
v -32.577976 88.940491 0.995856
v -32.812099 88.129242 0.808562
v -33.706421 92.177017 -5.900781
v -33.410683 92.081924 -6.462441
v -34.637497 86.226028 -3.818452
v -34.298592 91.998100 -4.004601
v -34.108376 92.594635 -4.027704
v -34.109287 92.700500 -3.396928
v -32.572010 87.607460 0.616096
v -33.187565 87.767799 0.776664
v -32.837906 87.832314 0.762618
v -32.229012 87.370728 0.187019
v -31.470760 95.251907 -0.534875
v -30.268002 95.234245 -0.755425
v -32.079617 87.114151 -0.407891
v -35.404915 87.944817 -0.891245
v -35.384521 87.986099 -0.577196
v -34.056641 92.474892 -4.631928
v -33.889004 92.303833 -5.251840
v -29.424883 91.690559 -5.838105
v -29.659721 91.683022 -6.465333
v -29.829924 90.924591 -6.404199
v -31.910784 87.354485 -1.341989
v -31.933052 87.581848 -0.601327
v -31.570957 88.887955 -0.665376
v -31.517382 88.945404 -1.421830
v -33.734741 87.792076 0.724532
v -34.157505 87.282967 0.626404
v -34.241459 87.822632 0.514106
v -32.406250 88.002205 0.540015
v -32.099453 87.797218 0.033461
v -32.234863 86.521568 -7.188050
v -31.787355 86.441338 -6.857903
v -32.731030 87.234863 -7.430711
v -32.800774 86.566917 -7.207078
v -34.123112 92.819473 -2.790337
v -35.234177 87.705406 -4.525636
v -34.570740 89.621506 -4.938294
v -33.901001 89.337097 -6.258058
v -34.193562 87.546738 -5.679444
v -31.437902 92.531960 -7.405671
v -31.360069 93.218864 -7.333978
v -32.068439 93.314766 0.919570
v -32.271042 93.915848 0.217314
v -35.573219 87.180298 -2.689927
v -35.676941 87.783508 -2.796029
v -34.744637 90.020454 -0.252183
v -34.780022 88.382095 0.027114
v -32.112972 88.800941 -7.597512
v -29.911306 90.230652 0.935416
v -30.280333 89.890106 1.054191
v -30.682100 89.005013 2.271849
v -30.486088 91.211037 -3.471169
v -30.550322 90.875656 -2.885934
v -30.039337 91.581902 -2.936692
v -30.112204 91.875603 -3.497651
v -33.116924 90.884705 1.085830
v -32.204247 90.631943 2.189315
v -32.038799 88.835144 0.671432
v -31.721697 88.891136 0.096877
v -30.806295 91.020691 -7.487550
v -31.582060 91.106125 -7.562188
v -34.078232 92.916344 -2.146455
v -34.240776 92.342545 -2.018121
v -31.959087 86.021278 -6.686540
v -30.146782 91.736679 -7.051232
v -30.746738 91.804222 -7.451646
v -30.267973 90.970291 -7.021241
v -31.556108 86.402771 -6.379189
v -32.657955 95.669182 -6.976151
v -31.536617 86.329933 -5.882843
v -31.535854 86.408249 -5.305154
v -31.666340 86.208672 -5.575372
v -31.829964 85.989326 -6.259965
v -29.112486 93.727570 -0.557778
v -29.108894 93.104012 0.001877
v -29.797455 93.641548 0.650214
v -29.910788 94.245773 0.118980
v -31.464119 89.324432 0.105514
v -31.821877 89.133316 0.794822
v -35.013802 84.923782 -2.239754
v -35.386421 86.473534 -2.560334
v -31.537882 86.579704 -4.801201
v -33.276192 95.701202 -2.943185
v -33.269653 94.436577 -1.522546
v -29.225492 93.120659 -2.820375
v -28.943844 94.023582 -2.270036
v -31.620247 86.694725 -4.255715
v -31.768866 86.649994 -3.750085
v -31.859903 86.680740 -3.221032
v -31.918970 86.545815 -3.467599
v -31.523369 91.846039 -7.492188
v -31.863762 86.746910 -2.727120
v -32.394436 91.218445 -7.323112
v -33.520168 90.185883 0.788611
v -28.801121 92.436790 -0.514016
v -28.998056 91.914360 0.091910
v -29.112215 92.534256 0.627845
v -29.686232 93.015129 1.210159
v -29.987221 88.389359 4.880584
v -29.799583 90.295059 3.285468
v -29.856073 88.003227 4.391929
v -30.366686 90.698082 3.610045
v -30.312212 92.242569 2.659713
v -29.621607 91.915215 2.295303
v -30.499352 88.583153 5.171103
v -30.246904 87.622276 3.956382
v -30.074183 87.868698 5.247375
v -29.832079 87.391624 4.854774
v -30.480377 89.752029 -4.464387
v -30.241558 89.635941 -5.074273
v -29.262407 91.350296 -0.207864
v -29.594297 90.611015 1.009597
v -30.728952 89.884109 -3.834809
v -30.881594 90.078056 -3.126855
v -31.158176 89.890594 -2.244302
v -31.465633 89.041359 -2.251542
v -31.250179 89.701706 -1.448495
v -31.316036 89.490891 -0.717034
v -30.571093 88.129753 5.430167
v -30.226059 86.992096 4.343169
v -34.313831 89.918732 0.207244
v -34.016720 90.661003 0.283721
v -34.598522 90.919975 -1.651994
v -30.962622 87.468750 3.804724
v -30.962315 86.878098 4.120384
v -30.413849 85.826530 5.442183
v -30.119129 86.098755 5.834540
v -31.015125 85.685280 5.174880
v -30.627758 85.578468 5.890136
v -30.395643 85.680031 6.200934
v -31.080006 85.507591 5.754027
v -30.813229 85.534569 6.181510
v -30.694530 85.602501 6.418075
v -31.133495 85.514732 6.188934
v -34.277874 89.483696 -5.554421
v -31.081656 85.581284 6.512282
v -30.796680 87.195366 5.949645
v -30.483711 87.053337 5.940146
v -30.346869 86.778297 6.034682
v -30.347754 86.392227 6.295836
v -30.443985 86.146027 6.537536
v -30.645533 86.061699 6.717200
v -30.944983 86.068024 6.806571
v -30.633247 89.475662 -7.032311
v -30.173147 89.557709 -5.704766
v -30.307581 89.489990 -6.366738
v -29.677092 90.846779 -0.277314
v -34.010448 92.989075 -1.532166
v -31.972111 89.903717 3.162337
v -31.715029 90.413223 3.520034
v -31.770525 88.537285 5.150649
v -32.127190 88.200401 4.744720
v -31.115097 90.742889 3.659476
v -31.116432 88.630096 5.276351
v -32.017288 87.828629 4.278190
v -31.759747 88.069885 5.454566
v -32.163830 87.718002 5.159338
v -32.012203 91.446304 2.516303
v -31.223526 92.064575 2.741446
v -31.564262 87.553841 3.957282
v -31.613503 86.986809 4.266692
v -32.082844 87.278824 4.661887
v -31.158924 88.182304 5.515242
v -31.968985 86.256096 5.614882
v -32.057014 86.531403 6.061233
v -31.632408 85.908226 5.303588
v -31.968309 86.131386 6.274765
v -31.880327 85.959030 5.981940
v -31.618582 85.661049 5.805335
v -31.803680 85.906624 6.475211
v -31.781986 85.815430 6.235541
v -31.556309 85.620872 6.213835
v -31.488815 85.699745 6.535506
v -31.159672 87.243584 5.997367
v -31.493219 87.160774 6.042930
v -31.649441 86.922775 6.170577
v -31.698051 86.573273 6.420028
v -31.665745 86.342407 6.637802
v -31.529156 86.221962 6.750342
v -31.257355 86.113205 6.830848
v -33.155972 94.009979 -0.829072
v -32.340710 94.391235 -0.404237
v -31.953764 86.768723 -2.153795
v -31.680462 87.356522 -2.155640
v -33.683712 91.490387 0.349143
v -31.025541 94.226578 0.412620
v -31.325491 94.744667 -0.099793
v -32.511120 92.077148 1.352309
v -32.097221 86.842606 -0.970422
v -30.076330 94.764191 -0.372933
v -29.462633 93.313683 -4.468873
v -29.325117 93.138863 -5.184106
v -31.736084 92.814842 1.623038
v -31.881639 85.889145 -5.860917
v -31.307838 94.443459 -7.276963
v -30.312258 91.282219 -4.022386
v -30.013624 91.189377 -4.595094
v -30.227200 90.465225 -4.540474
v -30.473665 90.603745 -3.975793
v -32.203697 86.676880 -1.269540
v -29.182455 94.296196 -1.085870
v -28.789406 92.995491 -1.161371
v -30.871571 93.678780 1.003714
v -30.616854 93.120804 1.603507
v -29.675388 95.961098 -1.671845
v -29.531176 91.212189 -0.939294
v -32.869259 96.104370 -1.784867
v -32.512970 94.884262 -0.977684
v -29.401649 91.549080 -1.676995
v -29.889406 90.911331 -1.605309
v -32.111092 86.740234 -1.592942
v -30.616476 90.412842 -1.452035
v -30.052021 90.173477 -6.371263
v -29.018023 92.241280 -1.550134
v -29.061966 91.769814 -0.845589
v -34.291363 88.429535 0.375167
v -29.922998 91.244789 -2.304581
v -30.520061 90.579109 -2.197175
v -29.489580 94.364983 -6.300935
v -28.857620 93.537910 -1.794503
v -30.695301 92.481445 -7.410317
v -30.657892 93.160294 -7.299493
v -30.085144 93.093849 -7.010461
v -35.153034 87.522591 -4.819894
v -35.019424 86.885582 -4.693040
v -29.128300 92.726082 -2.254052
v -35.611660 87.737366 -3.169732
v -35.531910 87.138924 -3.111169
v -35.195381 87.179863 -3.485001
v -33.823517 91.565552 -5.918565
v -29.502365 91.959045 -2.370591
v -30.402918 90.194328 -7.030793
v -29.504915 91.785065 -5.201798
v -29.400724 92.506523 -5.226915
v -29.316429 92.392502 -5.887864
v -29.629967 92.303604 -2.995927
v -29.583181 92.375374 -6.527772
v -29.265739 93.023346 -5.898263
v -30.079350 92.426651 -7.061158
v -29.729572 92.572983 -3.505685
v -29.753283 92.700874 -3.972711
v -29.803045 91.951027 -4.611100
v -29.642790 92.669159 -4.583940
v -30.636192 90.653580 -3.517586
v -29.584532 93.027527 -6.559381
v -30.076294 92.014946 -4.038957
v -34.781406 87.006180 -3.840844
v -34.758865 86.282585 -4.192346
v -34.998009 86.955750 -4.296166
v -34.959461 84.841301 -2.726113
v -35.326881 86.427101 -2.981699
v -29.300528 94.792572 -1.430863
v -34.410782 91.735046 -1.841988
v -33.979160 86.710266 -5.603684
v -31.137272 77.745270 -1.076447
v -31.178446 77.765434 -0.838563
v -31.163166 77.833191 -0.654916
v -31.545559 78.317177 -0.942292
v -31.503012 78.288719 -1.172235
v -31.531713 78.327477 -0.770608
v -31.418362 78.111549 -0.905267
v -31.374908 78.089447 -1.139489
v -31.410746 78.172768 -0.716455
v -31.065155 77.777740 -1.265794
v -31.432232 78.262512 -1.319573
v -31.306507 78.109871 -1.318902
v -31.247446 79.265816 0.809043
v -31.278166 79.283531 1.023170
v -31.267155 79.339012 1.195327
v -31.387653 79.458183 0.989482
v -31.357019 79.441872 0.786246
v -31.363203 79.472099 1.137176
v -31.172379 79.293121 0.644866
v -31.286324 79.424721 0.650367
v -30.897503 77.888779 -3.076341
v -30.876787 77.950172 -2.866112
v -31.199232 78.379784 -3.020532
v -31.221268 78.378456 -3.193231
v -31.112389 78.195938 -3.149995
v -31.094294 78.243378 -2.947419
v -30.858044 77.866310 -3.325944
v -30.775805 77.894440 -3.526712
v -31.182398 78.364731 -3.419206
v -31.115942 78.344086 -3.565369
v -31.071674 78.179245 -3.393868
v -31.002195 78.195328 -3.572648
v -31.547405 79.970924 -5.159455
v -31.538347 80.010292 -4.990495
v -31.812449 80.385735 -5.120118
v -31.828461 80.395744 -5.255822
v -31.734188 80.236771 -5.220368
v -31.718550 80.252724 -5.061723
v -31.505894 79.960266 -5.358690
v -31.435715 79.980125 -5.510118
v -31.731300 80.378853 -5.539758
v -31.791506 80.392677 -5.428082
v -31.693644 80.235344 -5.409432
v -31.631224 80.248787 -5.549775
v -30.844213 86.550781 6.561446
v -30.596745 86.497925 6.456130
v -30.613495 87.000336 6.070861
v -30.839746 87.050888 6.097128
v -30.586502 86.829147 6.202445
v -30.842257 86.873291 6.277167
v -31.165775 86.601837 6.592505
v -31.449406 86.609955 6.517867
v -31.150959 87.097755 6.124923
v -31.391840 87.082489 6.118819
v -31.165497 86.921570 6.308150
v -31.433443 86.909569 6.255897
vt 0.508622 0.495512
vt 0.491007 0.497712
vt 0.491050 0.508680
vt 0.509428 0.507137
vt 0.289870 0.522801
vt 0.291286 0.532446
vt 0.311264 0.529523
vt 0.309759 0.519324
vt 0.327728 0.517363
vt 0.325607 0.505829
vt 0.307941 0.508612
vt 0.281537 0.481648
vt 0.283643 0.492240
vt 0.303470 0.486605
vt 0.301499 0.475220
vt 0.292343 0.541800
vt 0.292673 0.550922
vt 0.312070 0.549366
vt 0.312063 0.539675
vt 0.300626 0.638331
vt 0.303744 0.628687
vt 0.282817 0.625826
vt 0.279675 0.634824
vt 0.311942 0.578286
vt 0.312177 0.568563
vt 0.292466 0.569282
vt 0.291944 0.578537
vt 0.312201 0.558941
vt 0.331852 0.567908
vt 0.331757 0.558069
vt 0.308850 0.608512
vt 0.310228 0.598068
vt 0.289731 0.597425
vt 0.287955 0.607157
vt 0.291009 0.587820
vt 0.311221 0.588000
vt 0.268768 0.517639
vt 0.270313 0.526786
vt 0.288175 0.512890
vt 0.292661 0.560040
vt 0.323381 0.494201
vt 0.342541 0.491184
vt 0.340498 0.479263
vt 0.321295 0.482560
vt 0.348120 0.514848
vt 0.345334 0.503100
vt 0.305817 0.497796
vt 0.286052 0.502777
vt 0.331673 0.577919
vt 0.331181 0.588089
vt 0.329216 0.527966
vt 0.330199 0.538527
vt 0.351410 0.577281
vt 0.351515 0.567148
vt 0.331213 0.548348
vt 0.351149 0.547210
vt 0.350569 0.536798
vt 0.319762 0.470593
vt 0.320187 0.640857
vt 0.324076 0.630554
vt 0.507768 0.482945
vt 0.490964 0.485547
vt 0.492515 0.529175
vt 0.511301 0.528539
vt 0.510340 0.518050
vt 0.491564 0.519076
vt 0.512852 0.549079
vt 0.512296 0.538764
vt 0.493762 0.538643
vt 0.494452 0.548230
vt 0.235451 0.525923
vt 0.237330 0.534288
vt 0.272699 0.578932
vt 0.273304 0.570156
vt 0.240633 0.572787
vt 0.239830 0.580518
vt 0.482456 0.687113
vt 0.499667 0.690188
vt 0.502587 0.674419
vt 0.485389 0.671639
vt 0.511894 0.570523
vt 0.512698 0.559769
vt 0.494281 0.558720
vt 0.493651 0.569432
vt 0.329491 0.609429
vt 0.330453 0.598614
vt 0.345845 0.621950
vt 0.348453 0.610243
vt 0.327147 0.620190
vt 0.350263 0.598708
vt 0.271395 0.587758
vt 0.269724 0.596719
vt 0.351091 0.587724
vt 0.267856 0.605526
vt 0.271719 0.535717
vt 0.264417 0.498400
vt 0.266728 0.508187
vt 0.306510 0.618827
vt 0.262307 0.489012
vt 0.262656 0.622397
vt 0.259536 0.630831
vt 0.272834 0.544320
vt 0.256178 0.639382
vt 0.252593 0.647955
vt 0.272500 0.653715
vt 0.276327 0.644117
vt 0.273577 0.561411
vt 0.273459 0.552806
vt 0.351455 0.557233
vt 0.349697 0.525906
vt 0.478774 0.701503
vt 0.496121 0.705144
vt 0.505005 0.455058
vt 0.489074 0.458283
vt 0.490458 0.472463
vt 0.506633 0.469445
vt 0.315797 0.651663
vt 0.311803 0.662720
vt 0.331436 0.665664
vt 0.334579 0.654394
vt 0.339247 0.467293
vt 0.338081 0.643497
vt 0.341812 0.632887
vt 0.225597 0.623461
vt 0.222805 0.630735
vt 0.506685 0.641932
vt 0.489089 0.639508
vt 0.487885 0.655210
vt 0.504900 0.658043
vt 0.297041 0.648496
vt 0.492946 0.580028
vt 0.492093 0.590751
vt 0.510231 0.592516
vt 0.511031 0.581473
vt 0.231225 0.609650
vt 0.228472 0.616364
vt 0.265474 0.614026
vt 0.508389 0.616014
vt 0.490232 0.614046
vt 0.489672 0.626200
vt 0.507611 0.627918
vt 0.241244 0.564933
vt 0.236449 0.595314
vt 0.234050 0.602530
vt 0.239014 0.542009
vt 0.240509 0.549502
vt 0.238451 0.588012
vt 0.241225 0.557154
vt 0.233479 0.517210
vt 0.219832 0.638166
vt 0.230190 0.500133
vt 0.231725 0.508511
vt 0.285602 0.616728
vt 0.491066 0.602082
vt 0.509314 0.604153
vt 0.293066 0.658938
vt 0.526770 0.505135
vt 0.543202 0.502462
vt 0.541206 0.488741
vt 0.525272 0.492468
vt 0.557423 0.484509
vt 0.573806 0.480000
vt 0.571471 0.464770
vt 0.555065 0.469648
vt 0.598139 0.424732
vt 0.601636 0.439027
vt 0.615846 0.433717
vt 0.611262 0.420332
vt 0.603930 0.454139
vt 0.618885 0.448389
vt 0.605461 0.470043
vt 0.620444 0.464734
vt 0.608394 0.486143
vt 0.623132 0.481186
vt 0.611663 0.502087
vt 0.627031 0.497342
vt 0.615391 0.517603
vt 0.631304 0.512839
vt 0.619965 0.531617
vt 0.634777 0.527043
vt 0.549334 0.575979
vt 0.569008 0.577629
vt 0.571812 0.565947
vt 0.550207 0.564997
vt 0.556041 0.633977
vt 0.557989 0.621255
vt 0.542483 0.620294
vt 0.540730 0.632729
vt 0.563319 0.598212
vt 0.546672 0.597020
vt 0.544732 0.608618
vt 0.560603 0.609495
vt 0.570038 0.553144
vt 0.590737 0.553120
vt 0.586171 0.539096
vt 0.567475 0.540263
vt 0.624070 0.544116
vt 0.638480 0.538932
vt 0.545112 0.515479
vt 0.528239 0.517005
vt 0.529408 0.528375
vt 0.546890 0.528342
vt 0.647387 0.507535
vt 0.665753 0.501568
vt 0.659837 0.484422
vt 0.642678 0.491603
vt 0.597432 0.567146
vt 0.582043 0.589490
vt 0.592648 0.589483
vt 0.600570 0.581058
vt 0.587643 0.579383
vt 0.587038 0.598773
vt 0.595356 0.595805
vt 0.601326 0.588287
vt 0.582829 0.608773
vt 0.592194 0.605334
vt 0.575813 0.633642
vt 0.590475 0.631804
vt 0.591047 0.617811
vt 0.578768 0.620148
vt 0.548448 0.540927
vt 0.530465 0.539564
vt 0.531211 0.550673
vt 0.549730 0.553248
vt 0.539303 0.474484
vt 0.523800 0.479088
vt 0.536739 0.677200
vt 0.533848 0.692012
vt 0.550201 0.693853
vt 0.553021 0.679322
vt 0.643960 0.432726
vt 0.631713 0.441351
vt 0.635402 0.458140
vt 0.649509 0.450345
vt 0.566297 0.587995
vt 0.548473 0.586292
vt 0.654014 0.467976
vt 0.638755 0.475072
vt 0.566291 0.696745
vt 0.569174 0.682318
vt 0.583590 0.687662
vt 0.580215 0.701914
vt 0.589965 0.708509
vt 0.592506 0.695527
vt 0.597334 0.702153
vt 0.596885 0.713420
vt 0.603573 0.713852
vt 0.603139 0.702951
vt 0.570110 0.667503
vt 0.554629 0.664504
vt 0.519892 0.675971
vt 0.516947 0.691516
vt 0.569108 0.449590
vt 0.552992 0.454752
vt 0.559656 0.498962
vt 0.576220 0.495057
vt 0.636086 0.418584
vt 0.626285 0.426708
vt 0.574684 0.610329
vt 0.571252 0.621874
vt 0.564568 0.527042
vt 0.530578 0.572619
vt 0.531276 0.561784
vt 0.629951 0.406980
vt 0.620993 0.413947
vt 0.513480 0.706821
vt 0.520158 0.450373
vt 0.522217 0.465158
vt 0.537309 0.459833
vt 0.534786 0.444853
vt 0.589837 0.658308
vt 0.592981 0.646142
vt 0.576308 0.650768
vt 0.580409 0.670997
vt 0.549948 0.439729
vt 0.523463 0.644636
vt 0.521999 0.660469
vt 0.529133 0.583291
vt 0.528248 0.594308
vt 0.524437 0.630454
vt 0.525722 0.618096
vt 0.688502 0.408229
vt 0.678297 0.414791
vt 0.684945 0.429314
vt 0.696614 0.421860
vt 0.618985 0.580196
vt 0.614325 0.572665
vt 0.609226 0.582335
vt 0.567843 0.650733
vt 0.589525 0.670782
vt 0.587767 0.685691
vt 0.595394 0.690695
vt 0.594650 0.675814
vt 0.554705 0.648266
vt 0.539757 0.646761
vt 0.538652 0.662226
vt 0.664930 0.518122
vt 0.650135 0.521855
vt 0.652538 0.533617
vt 0.665200 0.529617
vt 0.527083 0.606031
vt 0.562285 0.513036
vt 0.579096 0.509971
vt 0.582633 0.524778
vt 0.621059 0.563914
vt 0.614758 0.558722
vt 0.565865 0.434508
vt 0.665552 0.559651
vt 0.659998 0.550562
vt 0.646382 0.555778
vt 0.649757 0.564926
vt 0.568652 0.634719
vt 0.655919 0.542676
vt 0.671696 0.544006
vt 0.667002 0.537680
vt 0.577998 0.599673
vt 0.633571 0.567702
vt 0.632347 0.560876
vt 0.609923 0.691244
vt 0.611240 0.678309
vt 0.602824 0.676468
vt 0.602371 0.690974
vt 0.530439 0.707282
vt 0.628431 0.553812
vt 0.642484 0.548330
vt 0.633401 0.578354
vt 0.546745 0.708541
vt 0.594045 0.726489
vt 0.602289 0.725577
vt 0.585021 0.722124
vt 0.574605 0.716279
vt 0.561731 0.711113
vt 0.608915 0.548867
vt 0.680293 0.537400
vt 0.674471 0.534355
vt 0.675685 0.527974
vt 0.677456 0.518020
vt 0.679481 0.506152
vt 0.682676 0.497832
vt 0.677309 0.490598
vt 0.644337 0.390679
vt 0.651102 0.398152
vt 0.657954 0.388327
vt 0.649980 0.381746
vt 0.672860 0.403917
vt 0.681074 0.396867
vt 0.673103 0.476458
vt 0.665694 0.396243
vt 0.672661 0.387326
vt 0.625940 0.713673
vt 0.622730 0.705985
vt 0.616707 0.709652
vt 0.618218 0.718927
vt 0.616000 0.701859
vt 0.620205 0.700893
vt 0.667095 0.460892
vt 0.662467 0.441864
vt 0.685269 0.529483
vt 0.705337 0.496662
vt 0.691768 0.496517
vt 0.690655 0.508113
vt 0.703884 0.510591
vt 0.668512 0.419800
vt 0.673567 0.436452
vt 0.678963 0.551017
vt 0.637499 0.399048
vt 0.644349 0.408792
vt 0.674553 0.574015
vt 0.689890 0.559188
vt 0.688610 0.484860
vt 0.684792 0.470060
vt 0.656118 0.421014
vt 0.678488 0.454549
vt 0.666432 0.408846
vt 0.659274 0.405611
vt 0.633407 0.707302
vt 0.627924 0.699801
vt 0.703572 0.481027
vt 0.698493 0.463558
vt 0.663984 0.378463
vt 0.654628 0.371506
vt 0.610479 0.723202
vt 0.610149 0.712224
vt 0.609849 0.702756
vt 0.617424 0.692307
vt 0.622907 0.694862
vt 0.627016 0.684727
vt 0.619859 0.680908
vt 0.640964 0.699270
vt 0.634115 0.690886
vt 0.691903 0.446121
vt 0.700803 0.548496
vt 0.689412 0.542155
vt 0.650603 0.577083
vt 0.603874 0.535623
vt 0.599298 0.521501
vt 0.596477 0.505970
vt 0.592901 0.490620
vt 0.589914 0.474972
vt 0.588109 0.459433
vt 0.585792 0.444290
vt 0.582728 0.429570
vt 0.688741 0.519626
vt 0.718049 0.515455
vt 0.700962 0.522705
vt 0.714659 0.527251
vt 0.382279 0.496389
vt 0.392412 0.491712
vt 0.388524 0.483677
vt 0.377625 0.485713
vt 0.431807 0.504243
vt 0.452240 0.509239
vt 0.455056 0.498193
vt 0.439191 0.494251
vt 0.366159 0.624292
vt 0.360667 0.635791
vt 0.378376 0.639621
vt 0.388495 0.629277
vt 0.457081 0.486919
vt 0.442508 0.484659
vt 0.414718 0.478872
vt 0.422388 0.493439
vt 0.428584 0.488377
vt 0.430846 0.481105
vt 0.371343 0.576241
vt 0.371193 0.566124
vt 0.434050 0.519774
vt 0.412302 0.506264
vt 0.415388 0.522715
vt 0.391618 0.506827
vt 0.392632 0.522256
vt 0.454835 0.529926
vt 0.473835 0.529615
vt 0.472421 0.520042
vt 0.452896 0.520608
vt 0.474993 0.538985
vt 0.456237 0.538995
vt 0.412983 0.470512
vt 0.431245 0.472097
vt 0.430801 0.462643
vt 0.411774 0.461881
vt 0.457071 0.463397
vt 0.442827 0.463477
vt 0.443358 0.474291
vt 0.457670 0.475376
vt 0.375065 0.474576
vt 0.386025 0.473629
vt 0.384984 0.463242
vt 0.373985 0.463349
vt 0.434149 0.674210
vt 0.449063 0.678771
vt 0.450980 0.665325
vt 0.434997 0.662516
vt 0.399282 0.462881
vt 0.400108 0.471970
vt 0.431981 0.684883
vt 0.445944 0.690602
vt 0.371133 0.556189
vt 0.472943 0.498985
vt 0.473917 0.487199
vt 0.474092 0.474753
vt 0.473105 0.461511
vt 0.475279 0.548902
vt 0.450140 0.634933
vt 0.470359 0.637009
vt 0.470841 0.623330
vt 0.451062 0.620647
vt 0.468270 0.668605
vt 0.470117 0.652379
vt 0.451685 0.650014
vt 0.465709 0.683388
vt 0.471582 0.611077
vt 0.452482 0.608257
vt 0.472037 0.509826
vt 0.433871 0.649674
vt 0.421610 0.652202
vt 0.422884 0.661441
vt 0.408933 0.629632
vt 0.395826 0.641194
vt 0.406419 0.640715
vt 0.406727 0.658736
vt 0.404528 0.666703
vt 0.422228 0.670722
vt 0.402728 0.675051
vt 0.420615 0.680141
vt 0.369364 0.611184
vt 0.391218 0.613494
vt 0.410893 0.495957
vt 0.407860 0.479785
vt 0.371173 0.598516
vt 0.371478 0.586768
vt 0.430476 0.618166
vt 0.411934 0.615407
vt 0.427697 0.634920
vt 0.390320 0.565571
vt 0.390177 0.555603
vt 0.422367 0.577246
vt 0.407951 0.576150
vt 0.409873 0.587359
vt 0.423461 0.586091
vt 0.433301 0.605142
vt 0.414854 0.600736
vt 0.392925 0.599180
vt 0.391684 0.586285
vt 0.392491 0.665229
vt 0.394717 0.656883
vt 0.383103 0.653617
vt 0.379292 0.662398
vt 0.361269 0.488459
vt 0.359160 0.476803
vt 0.365707 0.669956
vt 0.376403 0.672175
vt 0.368676 0.659547
vt 0.372414 0.649661
vt 0.390571 0.674059
vt 0.399410 0.496130
vt 0.401470 0.480991
vt 0.364640 0.500028
vt 0.350035 0.668089
vt 0.352824 0.657050
vt 0.462105 0.696442
vt 0.475059 0.559549
vt 0.474694 0.569752
vt 0.474250 0.579102
vt 0.473573 0.588856
vt 0.456487 0.558914
vt 0.456190 0.568802
vt 0.438735 0.577342
vt 0.455965 0.577784
vt 0.439072 0.568001
vt 0.456677 0.548835
vt 0.455552 0.586992
vt 0.454537 0.597353
vt 0.472665 0.599501
vt 0.425180 0.593570
vt 0.356300 0.646377
vt 0.370773 0.524140
vt 0.368973 0.511751
vt 0.416246 0.644485
vt 0.400454 0.657450
vt 0.398000 0.665733
vt 0.396065 0.674270
vt 0.406137 0.471057
vt 0.404814 0.462251
vt 0.371023 0.546126
vt 0.388225 0.645965
vt 0.390727 0.575725
vt 0.439449 0.558244
vt 0.421947 0.567662
vt 0.421967 0.557666
vt 0.406859 0.556091
vt 0.407005 0.566110
vt 0.407263 0.545926
vt 0.421740 0.548380
vt 0.391150 0.534749
vt 0.371050 0.535619
vt 0.390378 0.545616
vt 0.358078 0.465156
vt 0.409616 0.535216
vt 0.439220 0.548599
vt 0.438619 0.539406
vt 0.437752 0.530602
vt 0.423517 0.538793
vt 0.437489 0.595159
vt 0.438429 0.586357
vt 0.425434 0.531044
vt 0.228417 0.567212
vt 0.228682 0.559675
vt 0.219167 0.562267
vt 0.218745 0.569594
vt 0.228252 0.551995
vt 0.226965 0.544544
vt 0.217738 0.546878
vt 0.218924 0.554496
vt 0.225244 0.537061
vt 0.216085 0.539184
vt 0.214241 0.530583
vt 0.223550 0.528748
vt 0.221709 0.519722
vt 0.212397 0.521805
vt 0.219259 0.607537
vt 0.216836 0.614006
vt 0.223371 0.594810
vt 0.221443 0.601212
vt 0.227540 0.574613
vt 0.225023 0.588334
vt 0.226502 0.581629
vt 0.217126 0.582762
vt 0.215869 0.588774
vt 0.214395 0.594561
vt 0.212838 0.600264
vt 0.218117 0.576471
vt 0.210734 0.605901
vt 0.208203 0.611573
vt 0.214045 0.620485
vt 0.211247 0.627465
vt 0.208686 0.634493
vt 0.218919 0.502912
vt 0.220039 0.510903
vt 0.200023 0.631491
vt 0.201453 0.624318
vt 0.205294 0.617482
vt 0.209966 0.504644
vt 0.209763 0.512228
vt 0.208203 0.611573
vt 0.696364 0.532819
vt 0.721071 0.480459
vt 0.720823 0.500544
vt 0.709011 0.537696
vt 0.712602 0.457242
vt 0.704609 0.438718
vt 0.471742 0.112191
vt 0.453130 0.110736
vt 0.458066 0.101469
vt 0.481313 0.098343
vt 0.401833 0.125674
vt 0.416407 0.123162
vt 0.414160 0.133453
vt 0.400041 0.136260
vt 0.439997 0.103783
vt 0.442311 0.097410
vt 0.459422 0.094275
vt 0.465708 0.123226
vt 0.448807 0.120434
vt 0.432368 0.120656
vt 0.419411 0.114284
vt 0.435995 0.111631
vt 0.526739 0.084255
vt 0.512507 0.082175
vt 0.512862 0.072154
vt 0.530161 0.072736
vt 0.429717 0.130999
vt 0.410178 0.102537
vt 0.425769 0.100132
vt 0.422862 0.106487
vt 0.406892 0.108934
vt 0.388621 0.127114
vt 0.390076 0.118326
vt 0.404086 0.116729
vt 0.376758 0.119697
vt 0.376185 0.128448
vt 0.459510 0.087164
vt 0.476660 0.078096
vt 0.478181 0.087487
vt 0.388553 0.100612
vt 0.400566 0.098836
vt 0.395273 0.105204
vt 0.379555 0.107143
vt 0.414194 0.096319
vt 0.428399 0.094423
vt 0.377404 0.112269
vt 0.392082 0.111088
vt 0.363908 0.113606
vt 0.363802 0.120306
vt 0.950296 0.024351
vt 0.944020 0.017910
vt 0.955114 0.032266
vt 0.959009 0.040820
vt 0.929428 0.004912
vt 0.919871 0.000961
vt 0.937241 0.010998
vt 0.443678 0.091448
vt 0.897956 0.001955
vt 0.512023 0.062118
vt 0.493590 0.068331
vt 0.908220 0.000001
vt 0.857342 0.038181
vt 0.581951 0.027746
vt 0.573021 0.034976
vt 0.863730 0.029531
vt 0.870206 0.021335
vt 0.562578 0.041402
vt 0.549619 0.049253
vt 0.878383 0.013232
vt 0.961702 0.047895
vt 0.382285 0.100427
vt 0.850801 0.047465
vt 0.588738 0.020663
vt 0.495396 0.077218
vt 0.375046 0.103090
vt 0.963562 0.054566
vt 0.533812 0.059269
vt 0.888164 0.005830
vt 0.461691 0.132537
vt 0.445971 0.130244
vt 0.497862 0.087325
vt 0.363988 0.108777
vt 0.964412 0.061278
vt 0.364063 0.104371
vt 0.363672 0.128876
vt 0.387530 0.137900
vt 0.375615 0.139241
vt 0.363520 0.139394
vt 0.255637 0.109333
vt 0.247034 0.094515
vt 0.269953 0.098872
vt 0.274395 0.108473
vt 0.325540 0.124724
vt 0.327034 0.135345
vt 0.312914 0.132221
vt 0.310956 0.121874
vt 0.269006 0.091498
vt 0.285935 0.095276
vt 0.287952 0.101790
vt 0.278235 0.118478
vt 0.260968 0.120953
vt 0.294919 0.119018
vt 0.291622 0.109830
vt 0.308233 0.112900
vt 0.203680 0.078705
vt 0.200503 0.067189
vt 0.217519 0.066964
vt 0.217550 0.076836
vt 0.297262 0.129465
vt 0.317943 0.101352
vt 0.321008 0.107847
vt 0.305056 0.104980
vt 0.302394 0.098512
vt 0.323560 0.115721
vt 0.337566 0.117663
vt 0.338754 0.126484
vt 0.350862 0.119366
vt 0.351168 0.128127
vt 0.269303 0.084296
vt 0.250798 0.083738
vt 0.252806 0.074392
vt 0.339689 0.099997
vt 0.348472 0.106751
vt 0.332794 0.104414
vt 0.327716 0.097908
vt 0.314151 0.095015
vt 0.299998 0.092694
vt 0.350454 0.111927
vt 0.335791 0.110377
vt 0.942741 0.094404
vt 0.935195 0.099355
vt 0.949164 0.087695
vt 0.954810 0.080159
vt 0.917993 0.108691
vt 0.907727 0.110281
vt 0.284853 0.089209
vt 0.927017 0.104572
vt 0.236609 0.063850
vt 0.218667 0.057096
vt 0.886409 0.104170
vt 0.896065 0.108453
vt 0.850658 0.061513
vt 0.856930 0.070642
vt 0.159040 0.028479
vt 0.150405 0.020973
vt 0.862592 0.079548
vt 0.869327 0.088992
vt 0.181831 0.043382
vt 0.169208 0.035202
vt 0.958958 0.073809
vt 0.345974 0.099974
vt 0.170274 0.000000
vt 0.143897 0.013662
vt 0.234452 0.072483
vt 0.353124 0.102816
vt 0.962191 0.067672
vt 0.197216 0.053733
vt 0.877598 0.098147
vt 0.280698 0.128498
vt 0.264107 0.130879
vt 0.231487 0.082118
vt 0.339537 0.137288
vt 0.351429 0.138930
vt 0.018327 0.301932
vt 0.034745 0.305117
vt 0.030758 0.334808
vt 0.015625 0.333006
vt 0.013419 0.351761
vt 0.000000 0.350376
vt 0.000556 0.343503
vt 0.014321 0.345016
vt 0.042457 0.356663
vt 0.027627 0.353653
vt 0.028959 0.346957
vt 0.044264 0.349667
vt 0.057525 0.360278
vt 0.059482 0.352860
vt 0.073970 0.364746
vt 0.075987 0.356815
vt 0.107665 0.376024
vt 0.108590 0.366148
vt 0.125041 0.371643
vt 0.123937 0.381986
vt 0.158948 0.395095
vt 0.159741 0.384219
vt 0.177927 0.390331
vt 0.177396 0.401563
vt 0.196233 0.395994
vt 0.195749 0.407516
vt 0.214349 0.400871
vt 0.213869 0.412751
vt 0.231953 0.404701
vt 0.231263 0.417260
vt 0.284596 0.355084
vt 0.300404 0.355208
vt 0.300115 0.368740
vt 0.284412 0.368661
vt 0.330017 0.433615
vt 0.314528 0.432182
vt 0.315418 0.410112
vt 0.330651 0.410193
vt 0.315786 0.395776
vt 0.330927 0.395776
vt 0.315589 0.368388
vt 0.331115 0.368108
vt 0.266826 0.395296
vt 0.249900 0.393779
vt 0.252092 0.367124
vt 0.268391 0.368113
vt 0.111030 0.354018
vt 0.117879 0.329080
vt 0.133723 0.335435
vt 0.127445 0.359778
vt 0.085371 0.318338
vt 0.068697 0.313544
vt 0.071522 0.297905
vt 0.088734 0.303686
vt 0.232816 0.391525
vt 0.235856 0.365200
vt 0.182775 0.353337
vt 0.179059 0.377921
vt 0.161143 0.372096
vt 0.165425 0.347996
vt 0.316059 0.354780
vt 0.331614 0.354334
vt 0.078693 0.344872
vt 0.062304 0.340775
vt 0.046549 0.337359
vt 0.051611 0.309066
vt 0.168460 0.334986
vt 0.185295 0.340415
vt 0.236438 0.351263
vt 0.218347 0.361964
vt 0.219921 0.348546
vt 0.299631 0.409994
vt 0.300104 0.395898
vt 0.298431 0.430235
vt 0.215172 0.388016
vt 0.197277 0.383480
vt 0.200636 0.358116
vt 0.282777 0.409633
vt 0.281680 0.427723
vt 0.202706 0.344997
vt 0.121882 0.315721
vt 0.102242 0.323592
vt 0.106069 0.309415
vt 0.252435 0.353366
vt 0.268597 0.354668
vt 0.345672 0.410338
vt 0.360252 0.410352
vt 0.359969 0.434948
vt 0.345370 0.434538
vt 0.345949 0.395910
vt 0.360421 0.396053
vt 0.001443 0.331321
vt 0.346689 0.353992
vt 0.346306 0.368021
vt 0.360758 0.368182
vt 0.360931 0.354036
vt 0.020567 0.282582
vt 0.037524 0.287153
vt 0.149757 0.342335
vt 0.152683 0.329154
vt 0.137446 0.322421
vt 0.247907 0.421176
vt 0.248611 0.407140
vt 0.265635 0.408678
vt 0.264933 0.424682
vt 0.144492 0.366179
vt 0.283511 0.395954
vt 0.095222 0.349429
vt 0.092652 0.361446
vt 0.091029 0.370209
vt 0.142296 0.378002
vt 0.141166 0.388523
vt 0.054640 0.292358
vt 0.003289 0.299671
vt 0.004634 0.279301
vt 0.154061 0.191069
vt 0.161110 0.190531
vt 0.169085 0.198607
vt 0.163042 0.207292
vt 0.180801 0.202434
vt 0.176966 0.214090
vt 0.191646 0.204925
vt 0.188851 0.217862
vt 0.200970 0.206390
vt 0.199765 0.218834
vt 0.210130 0.218506
vt 0.209095 0.207512
vt 0.221801 0.216749
vt 0.215702 0.208451
vt 0.328316 0.267758
vt 0.333247 0.249147
vt 0.340606 0.247937
vt 0.336249 0.272492
vt 0.329028 0.230258
vt 0.337428 0.220550
vt 0.322694 0.210324
vt 0.319569 0.219266
vt 0.306499 0.213371
vt 0.307513 0.204931
vt 0.280362 0.177536
vt 0.280574 0.193000
vt 0.264182 0.199322
vt 0.263476 0.178474
vt 0.137209 0.171936
vt 0.144055 0.180769
vt 0.133281 0.198042
vt 0.123336 0.188551
vt 0.131403 0.161341
vt 0.146065 0.150936
vt 0.146241 0.158969
vt 0.155586 0.173907
vt 0.162625 0.182182
vt 0.263863 0.214629
vt 0.245441 0.229216
vt 0.249204 0.209472
vt 0.280069 0.206670
vt 0.337775 0.203066
vt 0.350766 0.206551
vt 0.351364 0.222197
vt 0.266494 0.223838
vt 0.254287 0.237573
vt 0.187049 0.277949
vt 0.192960 0.260316
vt 0.207087 0.264854
vt 0.202941 0.282965
vt 0.185714 0.072390
vt 0.178447 0.062211
vt 0.062761 0.252293
vt 0.079637 0.260758
vt 0.044791 0.245047
vt 0.026683 0.239151
vt 0.030614 0.217391
vt 0.049674 0.222768
vt 0.294887 0.213458
vt 0.295257 0.204391
vt 0.309633 0.194038
vt 0.296434 0.192239
vt 0.085761 0.242138
vt 0.103060 0.252296
vt 0.096524 0.269782
vt 0.250824 0.254037
vt 0.239676 0.253893
vt 0.313645 0.168609
vt 0.314092 0.155706
vt 0.327892 0.159211
vt 0.327322 0.172247
vt 0.339831 0.162053
vt 0.339208 0.175591
vt 0.301046 0.287946
vt 0.301959 0.293757
vt 0.284626 0.294461
vt 0.285463 0.289245
vt 0.319428 0.286541
vt 0.316607 0.280999
vt 0.252179 0.313228
vt 0.252823 0.326262
vt 0.237395 0.323435
vt 0.237129 0.308963
vt 0.271470 0.285049
vt 0.268725 0.290123
vt 0.256875 0.281626
vt 0.261743 0.276493
vt 0.267508 0.316953
vt 0.268525 0.328646
vt 0.298379 0.165419
vt 0.298782 0.152465
vt 0.300182 0.318976
vt 0.316686 0.317149
vt 0.316404 0.328693
vt 0.300385 0.329869
vt 0.333622 0.302504
vt 0.347697 0.299107
vt 0.347564 0.312306
vt 0.332754 0.314625
vt 0.068518 0.230057
vt 0.197513 0.298464
vt 0.216643 0.288365
vt 0.211993 0.303034
vt 0.197684 0.236594
vt 0.209257 0.236373
vt 0.323677 0.198239
vt 0.297458 0.248967
vt 0.294142 0.247358
vt 0.246680 0.270539
vt 0.254773 0.266659
vt 0.175962 0.307949
vt 0.193097 0.313109
vt 0.283804 0.266019
vt 0.287369 0.266996
vt 0.279188 0.261582
vt 0.280726 0.264448
vt 0.351660 0.247094
vt 0.250719 0.300369
vt 0.235120 0.290580
vt 0.299298 0.252400
vt 0.129250 0.287413
vt 0.134796 0.272321
vt 0.150226 0.280224
vt 0.144911 0.294989
vt 0.142066 0.257946
vt 0.157318 0.265612
vt 0.149577 0.241749
vt 0.164277 0.249353
vt 0.222964 0.320798
vt 0.208525 0.317192
vt 0.289248 0.257183
vt 0.291522 0.266137
vt 0.284273 0.329777
vt 0.283278 0.318840
vt 0.318849 0.296146
vt 0.301699 0.301246
vt 0.362229 0.246192
vt 0.362010 0.265021
vt 0.350823 0.267230
vt 0.347154 0.325740
vt 0.332157 0.327154
vt 0.074994 0.124670
vt 0.060382 0.120240
vt 0.070251 0.101462
vt 0.083951 0.105838
vt 0.290397 0.246790
vt 0.286543 0.248221
vt 0.281209 0.216349
vt 0.317351 0.306516
vt 0.335187 0.289601
vt 0.138464 0.028838
vt 0.132048 0.020972
vt 0.157520 0.044613
vt 0.147545 0.036584
vt 0.278782 0.258169
vt 0.283056 0.250723
vt 0.280610 0.254360
vt 0.252522 0.289607
vt 0.239490 0.278754
vt 0.283769 0.301336
vt 0.089334 0.127947
vt 0.097781 0.110301
vt 0.181687 0.293211
vt 0.295514 0.263982
vt 0.299921 0.256372
vt 0.298271 0.260390
vt 0.158177 0.220754
vt 0.171702 0.229177
vt 0.224581 0.307319
vt 0.103462 0.129685
vt 0.111146 0.113789
vt 0.178659 0.255514
vt 0.185352 0.234315
vt 0.171521 0.271758
vt 0.165646 0.287160
vt 0.126206 0.248377
vt 0.135755 0.230751
vt 0.094851 0.222748
vt 0.110294 0.236589
vt 0.008718 0.234636
vt 0.159869 0.301708
vt 0.168782 0.052311
vt 0.349607 0.284917
vt 0.361800 0.282887
vt 0.012181 0.212355
vt 0.122308 0.218611
vt 0.109617 0.205851
vt 0.361282 0.325652
vt 0.099392 0.188473
vt 0.116148 0.174757
vt 0.266137 0.306267
vt 0.282992 0.309266
vt 0.300698 0.309355
vt 0.226104 0.295354
vt 0.119131 0.262979
vt 0.113040 0.278785
vt 0.314139 0.143835
vt 0.298581 0.140329
vt 0.220993 0.269187
vt 0.078891 0.203627
vt 0.145199 0.208718
vt 0.282095 0.163418
vt 0.282324 0.150659
vt 0.036225 0.192585
vt 0.055827 0.197854
vt 0.231537 0.232689
vt 0.235445 0.214081
vt 0.219991 0.234288
vt 0.172132 0.189181
vt 0.182852 0.190939
vt 0.237990 0.201199
vt 0.249514 0.193815
vt 0.266811 0.297768
vt 0.361616 0.298246
vt 0.230304 0.260031
vt 0.128915 0.151244
vt 0.144291 0.142957
vt 0.227031 0.203802
vt 0.218840 0.202239
vt 0.193448 0.191640
vt 0.201734 0.196231
vt 0.149107 0.165701
vt 0.209946 0.200498
vt 0.361451 0.311852
vt 0.067119 0.145983
vt 0.051222 0.141678
vt 0.082767 0.147879
vt 0.098438 0.146900
vt 0.117568 0.129592
vt 0.131596 0.128671
vt 0.128720 0.139423
vt 0.113943 0.143287
vt 0.144984 0.126962
vt 0.143819 0.134563
vt 0.351599 0.150783
vt 0.339821 0.149187
vt 0.327795 0.147240
vt 0.281891 0.139263
vt 0.265878 0.140340
vt 0.266375 0.151159
vt 0.124365 0.039384
vt 0.117292 0.031611
vt 0.133594 0.047172
vt 0.144576 0.055000
vt 0.155626 0.062371
vt 0.017907 0.186937
vt 0.026169 0.160039
vt 0.043129 0.166210
vt 0.060798 0.170880
vt 0.078725 0.171211
vt 0.096528 0.166182
vt 0.351660 0.163813
vt 0.351297 0.177986
vt 0.362492 0.223097
vt 0.046651 0.113465
vt 0.057870 0.094652
vt 0.266685 0.162827
vt 0.174042 0.078967
vt 0.165775 0.070404
vt 0.152857 0.081173
vt 0.142373 0.074031
vt 0.142279 0.090777
vt 0.130996 0.085105
vt 0.132757 0.102667
vt 0.120582 0.098909
vt 0.181558 0.087660
vt 0.191558 0.082134
vt 0.363188 0.164528
vt 0.363009 0.178943
vt 0.124300 0.115873
vt 0.096816 0.066565
vt 0.107534 0.073272
vt 0.094697 0.089188
vt 0.082439 0.083382
vt 0.113348 0.159097
vt 0.119444 0.060127
vt 0.109619 0.053137
vt 0.131039 0.066914
vt 0.119415 0.079381
vt 0.107746 0.094495
vt 0.137352 0.117170
vt 0.148743 0.118637
vt 0.162608 0.101195
vt 0.152952 0.096183
vt 0.162846 0.087267
vt 0.171220 0.093208
vt 0.144652 0.106414
vt 0.154991 0.109881
vt 0.071747 0.075825
vt 0.087488 0.058059
vt 0.101373 0.044845
vt 0.297591 0.178705
vt 0.311953 0.181646
vt 0.325435 0.185265
vt 0.338204 0.188723
vt 0.350827 0.192010
vt 0.362666 0.208010
vt 0.363358 0.151372
vt 0.362833 0.193692
vt 0.036040 0.135187
vt 0.704883 0.312076
vt 0.706682 0.343160
vt 0.691501 0.344509
vt 0.688375 0.314763
vt 0.708349 0.361960
vt 0.707641 0.355193
vt 0.721445 0.354080
vt 0.721803 0.360965
vt 0.679182 0.365981
vt 0.677575 0.358936
vt 0.692952 0.356696
vt 0.694092 0.363426
vt 0.664019 0.369124
vt 0.662272 0.361653
vt 0.647459 0.373071
vt 0.645664 0.365086
vt 0.613486 0.383268
vt 0.597076 0.388713
vt 0.596242 0.378354
vt 0.612826 0.373380
vt 0.561776 0.400733
vt 0.543193 0.406645
vt 0.542935 0.395415
vt 0.561254 0.389852
vt 0.524510 0.400537
vt 0.524720 0.412057
vt 0.506295 0.404889
vt 0.506497 0.416768
vt 0.488616 0.408219
vt 0.489015 0.420782
vt 0.437227 0.357176
vt 0.437069 0.370751
vt 0.421370 0.370399
vt 0.421419 0.356868
vt 0.389942 0.434426
vt 0.389847 0.410999
vt 0.405076 0.411332
vt 0.405459 0.433413
vt 0.389911 0.396580
vt 0.405047 0.396993
vt 0.405908 0.369624
vt 0.390393 0.368920
vt 0.453992 0.397854
vt 0.453096 0.370643
vt 0.469410 0.370106
vt 0.470942 0.396806
vt 0.588533 0.341938
vt 0.604550 0.336089
vt 0.610715 0.361195
vt 0.594153 0.366434
vt 0.637362 0.326389
vt 0.634417 0.311666
vt 0.651805 0.306439
vt 0.654175 0.322126
vt 0.485682 0.368637
vt 0.488067 0.395031
vt 0.539026 0.358319
vt 0.556506 0.353505
vt 0.560159 0.377704
vt 0.542112 0.382989
vt 0.405777 0.356011
vt 0.390235 0.355139
vt 0.659791 0.349499
vt 0.643292 0.353077
vt 0.671393 0.318188
vt 0.675640 0.346575
vt 0.553819 0.340416
vt 0.536847 0.345331
vt 0.485458 0.354688
vt 0.502033 0.352442
vt 0.503258 0.365900
vt 0.420719 0.397544
vt 0.420859 0.411644
vt 0.421594 0.431903
vt 0.505782 0.392025
vt 0.521054 0.362566
vt 0.523772 0.388008
vt 0.437712 0.411743
vt 0.438396 0.429848
vt 0.519326 0.349394
vt 0.620340 0.331103
vt 0.600919 0.322629
vt 0.616913 0.316834
vt 0.469417 0.356343
vt 0.453230 0.357199
vt 0.374829 0.410734
vt 0.374572 0.434934
vt 0.374892 0.396305
vt 0.720908 0.341888
vt 0.375209 0.368417
vt 0.375170 0.354384
vt 0.686127 0.296765
vt 0.703219 0.292718
vt 0.572317 0.348331
vt 0.569747 0.335076
vt 0.585167 0.328828
vt 0.472296 0.424232
vt 0.455203 0.427267
vt 0.454866 0.411258
vt 0.471914 0.410192
vt 0.576950 0.372302
vt 0.437302 0.398053
vt 0.626641 0.357109
vt 0.628881 0.369186
vt 0.630263 0.377987
vt 0.578838 0.384172
vt 0.579700 0.394709
vt 0.668855 0.301431
vt 0.719245 0.289916
vt 0.719982 0.310258
vt 0.572594 0.197107
vt 0.563012 0.212965
vt 0.557249 0.204055
vt 0.565545 0.196297
vt 0.545361 0.207419
vt 0.548832 0.219235
vt 0.534420 0.209441
vt 0.536834 0.222572
vt 0.525146 0.210512
vt 0.525926 0.223185
vt 0.515569 0.222588
vt 0.517059 0.211596
vt 0.503929 0.220259
vt 0.510427 0.212570
vt 0.395670 0.268754
vt 0.387611 0.273249
vt 0.383821 0.248599
vt 0.391165 0.250029
vt 0.395825 0.231297
vt 0.387627 0.221330
vt 0.402619 0.211574
vt 0.405558 0.220620
vt 0.417962 0.206688
vt 0.418811 0.215169
vt 0.445799 0.180158
vt 0.462877 0.183679
vt 0.462004 0.203001
vt 0.445236 0.195900
vt 0.590205 0.178651
vt 0.603464 0.195703
vt 0.593165 0.204820
vt 0.583012 0.187207
vt 0.581692 0.165395
vt 0.582194 0.157400
vt 0.596419 0.168294
vt 0.564344 0.187901
vt 0.571729 0.179922
vt 0.461929 0.217796
vt 0.476880 0.212649
vt 0.480030 0.232359
vt 0.445592 0.209484
vt 0.373642 0.222543
vt 0.374599 0.206915
vt 0.387677 0.203828
vt 0.458987 0.226797
vt 0.470877 0.240609
vt 0.536813 0.282817
vt 0.520785 0.287339
vt 0.517163 0.269078
vt 0.531416 0.264982
vt 0.545077 0.078200
vt 0.552540 0.068168
vt 0.644804 0.269142
vt 0.661947 0.261237
vt 0.680146 0.254576
vt 0.675975 0.232222
vt 0.695202 0.227459
vt 0.698437 0.249257
vt 0.430497 0.215660
vt 0.430292 0.206599
vt 0.416058 0.195685
vt 0.429331 0.194360
vt 0.627631 0.277601
vt 0.621628 0.259950
vt 0.639257 0.250381
vt 0.484974 0.257184
vt 0.473825 0.257094
vt 0.412591 0.169960
vt 0.398840 0.173243
vt 0.398579 0.160148
vt 0.412426 0.156974
vt 0.386882 0.176263
vt 0.386589 0.162683
vt 0.422506 0.289673
vt 0.438089 0.291389
vt 0.438787 0.296615
vt 0.421441 0.295448
vt 0.404120 0.287759
vt 0.407085 0.282308
vt 0.470740 0.316224
vt 0.485902 0.312372
vt 0.485239 0.326838
vt 0.469743 0.329237
vt 0.452224 0.287563
vt 0.462211 0.279265
vt 0.466936 0.284512
vt 0.454831 0.292699
vt 0.455311 0.319534
vt 0.453981 0.331192
vt 0.427930 0.167134
vt 0.427727 0.154041
vt 0.422566 0.320671
vt 0.422082 0.331548
vt 0.406087 0.329934
vt 0.406097 0.318397
vt 0.389513 0.303296
vt 0.390083 0.315429
vt 0.375325 0.312696
vt 0.375514 0.299503
vt 0.656894 0.238890
vt 0.525775 0.303015
vt 0.511181 0.307157
vt 0.506948 0.292338
vt 0.515853 0.240475
vt 0.527414 0.241071
vt 0.401898 0.199436
vt 0.430473 0.249419
vt 0.427098 0.250924
vt 0.477463 0.273680
vt 0.469482 0.269610
vt 0.529785 0.317798
vt 0.547052 0.313165
vt 0.440380 0.268276
vt 0.436775 0.269158
vt 0.443512 0.266788
vt 0.445137 0.263973
vt 0.372777 0.247416
vt 0.472557 0.303406
vt 0.488427 0.294034
vt 0.425165 0.254290
vt 0.594359 0.294138
vt 0.578471 0.301199
vt 0.573579 0.286281
vt 0.589251 0.278893
vt 0.566911 0.271451
vt 0.582408 0.264301
vt 0.560437 0.254967
vt 0.575384 0.247871
vt 0.499731 0.324609
vt 0.514257 0.321421
vt 0.435146 0.259337
vt 0.432629 0.268193
vt 0.439484 0.320994
vt 0.438201 0.331894
vt 0.404460 0.297362
vt 0.421507 0.302929
vt 0.373146 0.267563
vt 0.390367 0.327962
vt 0.375405 0.326133
vt 0.654003 0.133609
vt 0.645704 0.114526
vt 0.659542 0.110640
vt 0.668750 0.129692
vt 0.434256 0.248962
vt 0.444260 0.219006
vt 0.438101 0.250493
vt 0.405700 0.307756
vt 0.388262 0.290365
vt 0.593672 0.035967
vt 0.600389 0.028341
vt 0.584296 0.043406
vt 0.574031 0.051126
vt 0.445639 0.260583
vt 0.441549 0.253074
vt 0.443909 0.256750
vt 0.471060 0.292599
vt 0.484404 0.282082
vt 0.439460 0.303501
vt 0.639582 0.136392
vt 0.631754 0.118505
vt 0.541740 0.298251
vt 0.428676 0.265938
vt 0.424442 0.258230
vt 0.425999 0.262281
vt 0.553626 0.234531
vt 0.567441 0.226595
vt 0.498486 0.311080
vt 0.625437 0.137653
vt 0.618319 0.121537
vt 0.539814 0.239197
vt 0.545860 0.260645
vt 0.552520 0.277126
vt 0.557952 0.292712
vt 0.589577 0.237367
vt 0.598578 0.255279
vt 0.614882 0.244048
vt 0.630790 0.230754
vt 0.716536 0.245299
vt 0.563318 0.307434
vt 0.562494 0.058507
vt 0.373945 0.285271
vt 0.713787 0.223008
vt 0.616585 0.213419
vt 0.603447 0.225714
vt 0.627414 0.196431
vt 0.611158 0.182194
vt 0.456974 0.308893
vt 0.422298 0.311051
vt 0.440025 0.311440
vt 0.497299 0.299064
vt 0.605213 0.270082
vt 0.610832 0.286050
vt 0.412647 0.145056
vt 0.428143 0.141839
vt 0.503154 0.273003
vt 0.647393 0.212209
vt 0.580850 0.215045
vt 0.444363 0.165451
vt 0.444005 0.152415
vt 0.690408 0.202571
vt 0.670641 0.207198
vt 0.490583 0.217179
vt 0.493757 0.236075
vt 0.505190 0.238016
vt 0.543664 0.195863
vt 0.554522 0.194522
vt 0.476859 0.197081
vt 0.488291 0.204295
vt 0.456534 0.300385
vt 0.494136 0.263568
vt 0.584271 0.149521
vt 0.599290 0.158312
vt 0.499462 0.206502
vt 0.508029 0.206445
vt 0.524609 0.199832
vt 0.532955 0.196159
vt 0.578552 0.171991
vt 0.516477 0.204457
vt 0.677156 0.151363
vt 0.661131 0.155124
vt 0.645445 0.156493
vt 0.629844 0.154997
vt 0.611388 0.137093
vt 0.614513 0.150878
vt 0.599928 0.146532
vt 0.597455 0.135715
vt 0.585064 0.141184
vt 0.584194 0.133579
vt 0.386926 0.149800
vt 0.375124 0.151092
vt 0.398970 0.148151
vt 0.444548 0.140954
vt 0.459984 0.142038
vt 0.459465 0.152747
vt 0.607472 0.046934
vt 0.614843 0.039433
vt 0.597957 0.054393
vt 0.586710 0.061856
vt 0.575442 0.068884
vt 0.684398 0.176073
vt 0.701556 0.170477
vt 0.708900 0.197522
vt 0.666588 0.180150
vt 0.648667 0.179897
vt 0.631066 0.174295
vt 0.374741 0.178319
vt 0.374727 0.164126
vt 0.672166 0.104291
vt 0.682715 0.123415
vt 0.460237 0.164455
vt 0.556769 0.084960
vt 0.565114 0.076622
vt 0.588397 0.080887
vt 0.577777 0.087701
vt 0.599439 0.092279
vt 0.588053 0.097588
vt 0.609400 0.106382
vt 0.597171 0.109740
vt 0.549414 0.093483
vt 0.539165 0.087843
vt 0.605156 0.123185
vt 0.634171 0.074944
vt 0.647983 0.092200
vt 0.635532 0.097559
vt 0.623224 0.081256
vt 0.614530 0.166670
vt 0.621800 0.061128
vt 0.611726 0.067759
vt 0.599918 0.074145
vt 0.622333 0.102404
vt 0.611160 0.086946
vt 0.580767 0.125174
vt 0.592136 0.124063
vt 0.567643 0.107426
vt 0.559394 0.099243
vt 0.567744 0.093511
vt 0.577320 0.102674
vt 0.585244 0.113116
vt 0.574885 0.116283
vt 0.658953 0.085054
vt 0.630361 0.053160
vt 0.643819 0.066805
vt 0.428438 0.180623
vt 0.413999 0.183139
vt 0.400428 0.186365
vt 0.387576 0.189448
vt 0.374876 0.192366
vt 0.692553 0.145406
vt 0.769023 0.212450
vt 0.780648 0.211644
vt 0.782191 0.230022
vt 0.771223 0.230065
vt 0.796311 0.431202
vt 0.792835 0.411313
vt 0.803034 0.409808
vt 0.805956 0.429786
vt 0.790873 0.393344
vt 0.782123 0.413131
vt 0.779340 0.395465
vt 0.755158 0.439535
vt 0.748730 0.419573
vt 0.760116 0.417602
vt 0.765751 0.437428
vt 0.815310 0.428729
vt 0.813186 0.409009
vt 0.822877 0.409002
vt 0.824433 0.428399
vt 0.911842 0.420446
vt 0.908334 0.441397
vt 0.899337 0.438255
vt 0.902198 0.417328
vt 0.851797 0.409130
vt 0.852048 0.429128
vt 0.842793 0.428606
vt 0.842074 0.408895
vt 0.832452 0.408871
vt 0.831580 0.389315
vt 0.841419 0.389220
vt 0.882022 0.412222
vt 0.880667 0.433117
vt 0.870936 0.431341
vt 0.871579 0.410844
vt 0.861511 0.409851
vt 0.861331 0.430063
vt 0.791149 0.452304
vt 0.786401 0.432897
vt 0.800297 0.450759
vt 0.833550 0.428411
vt 0.767712 0.397691
vt 0.756070 0.399777
vt 0.752774 0.380574
vt 0.764695 0.378531
vt 0.776611 0.375738
vt 0.788359 0.372952
vt 0.771307 0.415255
vt 0.776288 0.435020
vt 0.851429 0.389399
vt 0.861600 0.389891
vt 0.801477 0.391856
vt 0.812038 0.390873
vt 0.850791 0.369662
vt 0.840658 0.369557
vt 0.821859 0.389859
vt 0.820720 0.369923
vt 0.810308 0.370503
vt 0.744104 0.401309
vt 0.914368 0.400885
vt 0.904065 0.396996
vt 0.759058 0.230108
vt 0.756455 0.213304
vt 0.802685 0.228557
vt 0.792587 0.229508
vt 0.791561 0.210732
vt 0.802049 0.209771
vt 0.822590 0.208220
vt 0.821741 0.226620
vt 0.812154 0.227310
vt 0.812274 0.208776
vt 0.807799 0.483742
vt 0.799434 0.485621
vt 0.852442 0.448373
vt 0.854029 0.481241
vt 0.846298 0.480439
vt 0.843667 0.447768
vt 0.960624 0.238616
vt 0.945150 0.235683
vt 0.947929 0.218485
vt 0.963698 0.221405
vt 0.844033 0.209178
vt 0.842942 0.227421
vt 0.832231 0.226791
vt 0.833279 0.208374
vt 0.882940 0.391581
vt 0.872125 0.390620
vt 0.895461 0.375227
vt 0.893701 0.393925
vt 0.883754 0.372619
vt 0.872219 0.370809
vt 0.861268 0.449677
vt 0.870230 0.451348
vt 0.861235 0.369981
vt 0.879036 0.453216
vt 0.809228 0.449353
vt 0.771910 0.456655
vt 0.781698 0.454345
vt 0.892338 0.414562
vt 0.762522 0.458765
vt 0.904341 0.461536
vt 0.895908 0.458416
vt 0.817831 0.448238
vt 0.912893 0.464894
vt 0.917628 0.444745
vt 0.927225 0.448572
vt 0.921466 0.468479
vt 0.834922 0.447495
vt 0.826317 0.447613
vt 0.830744 0.369617
vt 0.799417 0.371375
vt 0.975014 0.242298
vt 0.978655 0.224951
vt 0.728569 0.216067
vt 0.742955 0.214439
vt 0.745973 0.230614
vt 0.731794 0.231998
vt 0.925174 0.405275
vt 0.927905 0.386493
vt 0.939175 0.389636
vt 0.936230 0.409269
vt 0.740803 0.381825
vt 0.917007 0.382991
vt 0.906397 0.379260
vt 0.904245 0.498267
vt 0.896971 0.495475
vt 0.915443 0.214387
vt 0.931554 0.216172
vt 0.928720 0.233187
vt 0.913019 0.231983
vt 0.922006 0.424031
vt 0.853539 0.228126
vt 0.854984 0.210041
vt 0.866027 0.210841
vt 0.864262 0.228979
vt 0.883161 0.489847
vt 0.887537 0.455598
vt 0.889875 0.492600
vt 0.889525 0.212683
vt 0.901429 0.213462
vt 0.899711 0.231400
vt 0.887557 0.230840
vt 0.838444 0.479828
vt 0.876041 0.487022
vt 0.868824 0.484623
vt 0.823012 0.480563
vt 0.815520 0.482058
vt 0.861522 0.482621
vt 0.830665 0.479847
vt 0.790720 0.487593
vt 0.911677 0.501240
vt 0.782022 0.489347
vt 0.773644 0.490882
vt 0.890239 0.435470
vt 0.877663 0.211758
vt 0.875592 0.230006
vt 0.932448 0.428006
vt 0.778646 0.194302
vt 0.765978 0.195800
vt 0.762252 0.179866
vt 0.775973 0.177870
vt 0.758020 0.163649
vt 0.743158 0.166007
vt 0.738280 0.149601
vt 0.753510 0.147266
vt 0.698242 0.122933
vt 0.693842 0.109810
vt 0.707228 0.105226
vt 0.712537 0.119436
vt 0.721899 0.102188
vt 0.727650 0.117142
vt 0.738245 0.100628
vt 0.743554 0.115611
vt 0.759654 0.112678
vt 0.754696 0.097939
vt 0.775598 0.109409
vt 0.770852 0.094041
vt 0.791114 0.105681
vt 0.786349 0.089768
vt 0.800554 0.086295
vt 0.805128 0.101107
vt 0.849490 0.171739
vt 0.838508 0.170865
vt 0.839458 0.149260
vt 0.851140 0.152064
vt 0.907487 0.165031
vt 0.906240 0.180342
vt 0.893805 0.178589
vt 0.894766 0.163083
vt 0.871723 0.157753
vt 0.883006 0.160469
vt 0.882129 0.176340
vt 0.870530 0.174400
vt 0.826654 0.151034
vt 0.813774 0.153597
vt 0.812607 0.134901
vt 0.826631 0.130335
vt 0.812443 0.082592
vt 0.817626 0.097002
vt 0.788989 0.175960
vt 0.801852 0.174183
vt 0.801886 0.191664
vt 0.790516 0.192833
vt 0.781046 0.073685
vt 0.765114 0.078394
vt 0.757932 0.061235
vt 0.775079 0.055319
vt 0.840656 0.123640
vt 0.863001 0.139029
vt 0.852893 0.133429
vt 0.854568 0.120502
vt 0.862994 0.128424
vt 0.872283 0.134034
vt 0.861798 0.119746
vt 0.869316 0.125716
vt 0.878844 0.128878
vt 0.882284 0.138243
vt 0.907153 0.145259
vt 0.893659 0.142304
vt 0.891321 0.130025
vt 0.905315 0.130597
vt 0.814438 0.172624
vt 0.826759 0.171342
vt 0.824183 0.189861
vt 0.813075 0.190607
vt 0.747995 0.181769
vt 0.752598 0.197272
vt 0.950711 0.184333
vt 0.952833 0.168051
vt 0.967363 0.170871
vt 0.965522 0.187225
vt 0.706237 0.077112
vt 0.723856 0.071563
vt 0.731650 0.085670
vt 0.714861 0.089359
vt 0.861506 0.154775
vt 0.859803 0.172599
vt 0.741486 0.067058
vt 0.748582 0.082317
vt 0.955829 0.151898
vt 0.970256 0.154781
vt 0.961173 0.137482
vt 0.969038 0.128566
vt 0.982020 0.131107
vt 0.975425 0.140857
vt 0.975664 0.123738
vt 0.976461 0.117934
vt 0.987363 0.117499
vt 0.986931 0.124187
vt 0.938014 0.166443
vt 0.941014 0.150962
vt 0.949482 0.201180
vt 0.965026 0.204125
vt 0.728263 0.168080
vt 0.723100 0.151964
vt 0.768568 0.144852
vt 0.772473 0.161416
vt 0.700219 0.094787
vt 0.692095 0.084987
vt 0.895385 0.149821
vt 0.883840 0.146388
vt 0.800552 0.156505
vt 0.835295 0.189796
vt 0.846129 0.190494
vt 0.687457 0.100079
vt 0.680490 0.091121
vt 0.980331 0.207592
vt 0.723884 0.200914
vt 0.718364 0.186287
vt 0.733343 0.183763
vt 0.738669 0.198855
vt 0.931818 0.131235
vt 0.944508 0.140663
vt 0.924278 0.144765
vt 0.919653 0.128091
vt 0.713239 0.171124
vt 0.918147 0.197610
vt 0.933980 0.199073
vt 0.856802 0.191939
vt 0.867819 0.192824
vt 0.891607 0.195350
vt 0.903964 0.196635
vt 0.681739 0.032570
vt 0.695371 0.024459
vt 0.702825 0.036127
vt 0.688302 0.042775
vt 0.853707 0.102087
vt 0.855846 0.111846
vt 0.846175 0.106747
vt 0.924243 0.153229
vt 0.944292 0.131547
vt 0.949324 0.126422
vt 0.964205 0.125678
vt 0.959202 0.133306
vt 0.921776 0.166367
vt 0.920272 0.181315
vt 0.935736 0.182420
vt 0.791633 0.056142
vt 0.803128 0.055872
vt 0.807128 0.068534
vt 0.795365 0.070937
vt 0.879541 0.193989
vt 0.786546 0.158787
vt 0.783482 0.141976
vt 0.798289 0.138439
vt 0.832232 0.106314
vt 0.837425 0.100013
vt 0.708019 0.155207
vt 0.833161 0.055521
vt 0.838436 0.071315
vt 0.829289 0.074690
vt 0.824072 0.061074
vt 0.908229 0.152420
vt 0.816186 0.065153
vt 0.811191 0.054070
vt 0.817516 0.049376
vt 0.873184 0.143074
vt 0.834387 0.088725
vt 0.841213 0.087501
vt 0.964754 0.111149
vt 0.964485 0.118701
vt 0.949979 0.118248
vt 0.951819 0.109832
vt 0.980793 0.190634
vt 0.827322 0.092641
vt 0.821841 0.078588
vt 0.851865 0.087671
vt 0.982052 0.174327
vt 0.999088 0.118783
vt 1.000000 0.127027
vt 0.995634 0.136052
vt 0.989790 0.146467
vt 0.984623 0.159342
vt 0.822377 0.112157
vt 0.807866 0.046601
vt 0.810911 0.040779
vt 0.801484 0.045387
vt 0.791530 0.043616
vt 0.764108 0.043763
vt 0.771342 0.038396
vt 0.779662 0.041591
vt 0.664190 0.076735
vt 0.655257 0.071092
vt 0.661838 0.063118
vt 0.671662 0.069970
vt 0.677428 0.048212
vt 0.670378 0.039998
vt 0.749969 0.047969
vt 0.669753 0.055378
vt 0.660836 0.048411
vt 0.987184 0.095132
vt 0.992438 0.102854
vt 0.983163 0.104365
vt 0.979496 0.098342
vt 0.975369 0.105072
vt 0.974404 0.100867
vt 0.734403 0.053977
vt 0.715374 0.058605
vt 0.802994 0.035803
vt 0.770172 0.015735
vt 0.784102 0.017188
vt 0.781624 0.030417
vt 0.770028 0.029304
vt 0.709963 0.047505
vt 0.693310 0.052560
vt 0.824528 0.042109
vt 0.682303 0.076723
vt 0.672558 0.083573
vt 0.832698 0.031183
vt 0.847525 0.046519
vt 0.758371 0.032462
vt 0.743571 0.036280
vt 0.694524 0.064954
vt 0.728060 0.042585
vt 0.682356 0.054640
vt 0.679122 0.061798
vt 0.980812 0.087665
vt 0.973312 0.093148
vt 0.737069 0.022579
vt 0.754537 0.017500
vt 0.645017 0.066444
vt 0.651973 0.057088
vt 0.985735 0.110923
vt 0.996713 0.110593
vt 0.976267 0.111223
vt 0.965818 0.103648
vt 0.954418 0.101213
vt 0.958238 0.094056
vt 0.968372 0.098165
vt 0.972781 0.080108
vt 0.964397 0.086957
vt 0.719631 0.029169
vt 0.822007 0.020269
vt 0.815666 0.031660
vt 0.850594 0.070469
vt 0.809134 0.117198
vt 0.795012 0.121774
vt 0.779481 0.124595
vt 0.764131 0.128171
vt 0.748483 0.131158
vt 0.732944 0.132963
vt 0.717800 0.135280
vt 0.703081 0.138344
vt 0.793136 0.032331
vt 0.788966 0.003023
vt 0.800761 0.006413
vt 0.796216 0.020110
vt 0.769900 0.338793
vt 0.759224 0.343447
vt 0.757188 0.332548
vt 0.765222 0.328660
vt 0.777754 0.289265
vt 0.767762 0.281881
vt 0.771703 0.266016
vt 0.782750 0.268831
vt 0.897803 0.354913
vt 0.902787 0.332577
vt 0.913131 0.342696
vt 0.909301 0.360405
vt 0.758170 0.278565
vt 0.760430 0.263991
vt 0.752383 0.306354
vt 0.754616 0.290226
vt 0.761888 0.292488
vt 0.766949 0.298684
vt 0.849751 0.349729
vt 0.839635 0.349880
vt 0.793285 0.287023
vt 0.796226 0.305684
vt 0.779775 0.308771
vt 0.795767 0.328440
vt 0.780338 0.329454
vt 0.803437 0.266237
vt 0.794118 0.268176
vt 0.793553 0.248650
vt 0.803126 0.247237
vt 0.812495 0.246080
vt 0.812506 0.264835
vt 0.744022 0.308089
vt 0.735391 0.309298
vt 0.736154 0.290271
vt 0.745607 0.289827
vt 0.736907 0.264001
vt 0.748886 0.263402
vt 0.747802 0.277714
vt 0.736988 0.278245
vt 0.748087 0.346007
vt 0.736859 0.347087
vt 0.736753 0.336088
vt 0.747140 0.335047
vt 0.947720 0.286923
vt 0.936027 0.286075
vt 0.938836 0.270092
vt 0.952282 0.272009
vt 0.736392 0.321790
vt 0.745481 0.320964
vt 0.958394 0.289091
vt 0.964113 0.275128
vt 0.829699 0.349939
vt 0.772496 0.248129
vt 0.760710 0.247156
vt 0.748264 0.246980
vt 0.735021 0.247967
vt 0.822412 0.245793
vt 0.908444 0.270932
vt 0.894158 0.270010
vt 0.896841 0.250231
vt 0.910520 0.250713
vt 0.923525 0.269387
vt 0.925890 0.250955
vt 0.942116 0.252802
vt 0.956899 0.255363
vt 0.884588 0.249490
vt 0.881768 0.268590
vt 0.783337 0.249035
vt 0.923184 0.287201
vt 0.934952 0.298188
vt 0.925712 0.299462
vt 0.903143 0.312139
vt 0.914226 0.314653
vt 0.914704 0.325246
vt 0.944233 0.298844
vt 0.940213 0.316544
vt 0.932246 0.314345
vt 0.948562 0.318344
vt 0.953652 0.300457
vt 0.884695 0.351708
vt 0.887004 0.329854
vt 0.769467 0.310179
vt 0.753295 0.313212
vt 0.860279 0.349594
vt 0.872027 0.349899
vt 0.891677 0.290596
vt 0.908430 0.293375
vt 0.888918 0.309138
vt 0.839082 0.330752
vt 0.829114 0.330895
vt 0.850757 0.298705
vt 0.859602 0.297611
vt 0.860869 0.311199
vt 0.849661 0.313121
vt 0.878653 0.287771
vt 0.874246 0.306218
vt 0.872690 0.328147
vt 0.859796 0.329388
vt 0.938740 0.328581
vt 0.935909 0.341780
vt 0.927128 0.337969
vt 0.930393 0.326355
vt 0.750313 0.361912
vt 0.761970 0.359803
vt 0.943467 0.355365
vt 0.933058 0.352396
vt 0.945686 0.344669
vt 0.923172 0.348658
vt 0.947570 0.330501
vt 0.754502 0.319602
vt 0.769640 0.321662
vt 0.773539 0.356432
vt 0.930561 0.368248
vt 0.941599 0.371037
vt 0.969953 0.258966
vt 0.843263 0.246378
vt 0.833060 0.246013
vt 0.862366 0.247499
vt 0.852613 0.246822
vt 0.842313 0.264882
vt 0.832425 0.264585
vt 0.850852 0.282337
vt 0.841512 0.282000
vt 0.851295 0.265107
vt 0.822345 0.264395
vt 0.860503 0.265520
vt 0.873012 0.248407
vt 0.870864 0.266535
vt 0.867081 0.295892
vt 0.919888 0.364772
vt 0.797650 0.350299
vt 0.785262 0.352098
vt 0.930960 0.320618
vt 0.917996 0.304826
vt 0.939244 0.323072
vt 0.947781 0.325007
vt 0.744568 0.314935
vt 0.735762 0.316258
vt 0.819636 0.350049
vt 0.919476 0.332847
vt 0.849235 0.330345
vt 0.831755 0.281623
vt 0.841172 0.299125
vt 0.839620 0.314067
vt 0.829602 0.314214
vt 0.831177 0.299105
vt 0.819437 0.313809
vt 0.821891 0.299332
vt 0.808259 0.329922
vt 0.809130 0.350022
vt 0.819127 0.330694
vt 0.738667 0.362994
vt 0.808727 0.311456
vt 0.822109 0.281852
vt 0.812916 0.282453
vt 0.804112 0.283320
vt 0.812304 0.297555
vt 0.868670 0.283583
vt 0.859867 0.282643
vt 0.804554 0.295638
vt 0.860452 0.549666
vt 0.861680 0.555069
vt 0.849523 0.554428
vt 0.849212 0.548857
vt 0.875980 0.589814
vt 0.886797 0.581079
vt 0.890522 0.587749
vt 0.881565 0.597695
vt 0.849873 0.560086
vt 0.863393 0.562427
vt 0.850859 0.566788
vt 0.848641 0.563245
vt 0.847095 0.577681
vt 0.851441 0.579695
vt 0.849340 0.584466
vt 0.846755 0.581425
vt 0.832072 0.574323
vt 0.825678 0.575619
vt 0.824683 0.569949
vt 0.830854 0.568916
vt 0.849354 0.543526
vt 0.843720 0.543111
vt 0.844025 0.538073
vt 0.849621 0.538307
vt 0.828620 0.552874
vt 0.829403 0.557964
vt 0.823546 0.559003
vt 0.823048 0.553717
vt 0.844826 0.558653
vt 0.844145 0.553413
vt 0.822552 0.548090
vt 0.828089 0.547384
vt 0.852244 0.572947
vt 0.846885 0.572385
vt 0.846002 0.567442
vt 0.821658 0.536509
vt 0.827716 0.536647
vt 0.827759 0.541958
vt 0.821934 0.542144
vt 0.821916 0.530322
vt 0.828086 0.530408
vt 0.823812 0.517688
vt 0.829650 0.517538
vt 0.828765 0.523537
vt 0.822767 0.523484
vt 0.940842 0.722941
vt 0.949029 0.715845
vt 0.952510 0.720076
vt 0.944756 0.726423
vt 0.936339 0.719535
vt 0.930718 0.716384
vt 0.942109 0.707148
vt 0.945525 0.711490
vt 0.935641 0.698600
vt 0.938972 0.702911
vt 0.926922 0.711485
vt 0.923125 0.706781
vt 0.955560 0.695178
vt 0.957734 0.699286
vt 0.952257 0.701553
vt 0.950097 0.697365
vt 0.840723 0.492655
vt 0.843104 0.502328
vt 0.835778 0.501905
vt 0.833185 0.492390
vt 0.825505 0.492821
vt 0.828007 0.502149
vt 0.820389 0.503334
vt 0.818054 0.494107
vt 0.812695 0.504987
vt 0.810572 0.495829
vt 0.804094 0.506831
vt 0.802258 0.497522
vt 0.795316 0.508676
vt 0.793232 0.499364
vt 0.918364 0.701758
vt 0.932544 0.693922
vt 0.929445 0.688477
vt 0.915688 0.695939
vt 0.932150 0.665727
vt 0.927745 0.658514
vt 0.935697 0.659753
vt 0.939374 0.664595
vt 0.900494 0.654871
vt 0.900997 0.648214
vt 0.906216 0.651216
vt 0.903994 0.657454
vt 0.981462 0.683576
vt 0.995626 0.678301
vt 0.996029 0.683797
vt 0.982637 0.688973
vt 0.881048 0.501813
vt 0.887516 0.504236
vt 0.868321 0.497701
vt 0.874723 0.499629
vt 0.848124 0.493532
vt 0.895250 0.703599
vt 0.888480 0.706459
vt 0.886712 0.701789
vt 0.893046 0.698027
vt 0.770762 0.584730
vt 0.777835 0.582797
vt 0.778598 0.588246
vt 0.771659 0.590519
vt 0.880679 0.690589
vt 0.889626 0.692609
vt 0.883210 0.697571
vt 0.877851 0.693947
vt 0.747231 0.581665
vt 0.753490 0.580785
vt 0.754234 0.583845
vt 0.748348 0.585465
vt 0.868186 0.702962
vt 0.864086 0.698317
vt 0.867068 0.697215
vt 0.870653 0.701707
vt 0.731653 0.585520
vt 0.732739 0.590064
vt 0.724057 0.591429
vt 0.723325 0.587841
vt 0.842044 0.715100
vt 0.839786 0.711259
vt 0.850189 0.706822
vt 0.851773 0.710675
vt 0.755001 0.587049
vt 0.760317 0.586881
vt 0.760168 0.591662
vt 0.756622 0.593225
vt 0.722411 0.595167
vt 0.724051 0.595193
vt 0.723367 0.599317
vt 0.720757 0.598932
vt 0.760139 0.582750
vt 0.759296 0.579252
vt 0.873041 0.701136
vt 0.869360 0.695592
vt 0.764977 0.586386
vt 0.765641 0.591728
vt 0.743211 0.586797
vt 0.742206 0.582626
vt 0.863470 0.705673
vt 0.860233 0.701821
vt 0.752544 0.593551
vt 0.749774 0.589505
vt 0.734584 0.598142
vt 0.733514 0.594105
vt 0.744534 0.591089
vt 0.746231 0.595635
vt 0.722557 0.591613
vt 0.721847 0.588320
vt 0.839860 0.715904
vt 0.837027 0.712163
vt 0.873867 0.706144
vt 0.875973 0.705666
vt 0.844165 0.718925
vt 0.842250 0.719782
vt 0.877515 0.700338
vt 0.880487 0.704270
vt 0.871738 0.707075
vt 0.865569 0.709744
vt 0.853673 0.714711
vt 0.855514 0.719222
vt 0.846070 0.723157
vt 0.867316 0.714378
vt 0.874069 0.711865
vt 0.764310 0.581719
vt 0.763116 0.577906
vt 0.873780 0.695590
vt 0.768704 0.576073
vt 0.769871 0.580214
vt 0.876241 0.711358
vt 0.844155 0.724181
vt 0.882374 0.708979
vt 0.878105 0.710864
vt 0.835680 0.718933
vt 0.832492 0.717181
vt 0.838023 0.722104
vt 0.839618 0.725845
vt 0.832914 0.721079
vt 0.830519 0.719406
vt 0.834767 0.723740
vt 0.836146 0.726859
vt 0.831060 0.722594
vt 0.829308 0.722519
vt 0.831849 0.724980
vt 0.833043 0.727900
vt 0.829342 0.725837
vt 0.830656 0.729100
vt 0.719550 0.591932
vt 0.718950 0.589560
vt 0.719074 0.594149
vt 0.717161 0.595549
vt 0.714333 0.600686
vt 0.713417 0.596278
vt 0.711829 0.599728
vt 0.711469 0.595951
vt 0.708980 0.598148
vt 0.710498 0.595164
vt 0.706765 0.595600
vt 0.709706 0.593768
vt 0.705698 0.592135
vt 0.709399 0.592048
vt 0.888890 0.712180
vt 0.896186 0.711653
vt 0.890587 0.719256
vt 0.887719 0.717800
vt 0.877477 0.722031
vt 0.874500 0.722948
vt 0.874932 0.716969
vt 0.877263 0.716680
vt 0.847472 0.727639
vt 0.856895 0.723243
vt 0.858229 0.727434
vt 0.848616 0.731802
vt 0.754869 0.571570
vt 0.757512 0.575621
vt 0.752690 0.577646
vt 0.751031 0.571662
vt 0.719431 0.581356
vt 0.721786 0.584504
vt 0.720220 0.585335
vt 0.717097 0.582686
vt 0.879178 0.716091
vt 0.880125 0.722383
vt 0.759390 0.568995
vt 0.761345 0.573822
vt 0.869546 0.723512
vt 0.868689 0.718847
vt 0.746618 0.577799
vt 0.747176 0.573038
vt 0.741559 0.578593
vt 0.730415 0.581518
vt 0.729012 0.577517
vt 0.741000 0.574104
vt 0.845940 0.733125
vt 0.845353 0.728813
vt 0.882947 0.714060
vt 0.883485 0.719777
vt 0.764993 0.566769
vt 0.767093 0.571885
vt 0.772117 0.565444
vt 0.774448 0.569949
vt 0.839077 0.733273
vt 0.839935 0.729576
vt 0.836176 0.732946
vt 0.836721 0.729802
vt 0.832994 0.731620
vt 0.834216 0.730084
vt 0.717560 0.587874
vt 0.715252 0.587331
vt 0.711598 0.588078
vt 0.710626 0.584054
vt 0.709799 0.588959
vt 0.708665 0.585895
vt 0.709343 0.590344
vt 0.706530 0.588652
vt 0.891521 0.678075
vt 0.886246 0.677108
vt 0.887004 0.671712
vt 0.891974 0.672432
vt 0.784386 0.597728
vt 0.786640 0.601079
vt 0.782474 0.603919
vt 0.779982 0.600445
vt 0.901517 0.664280
vt 0.891670 0.667203
vt 0.891849 0.660505
vt 0.898468 0.659285
vt 0.763201 0.610920
vt 0.768930 0.607680
vt 0.770954 0.610473
vt 0.765551 0.614071
vt 0.878911 0.657685
vt 0.877653 0.662688
vt 0.875169 0.662141
vt 0.875755 0.656400
vt 0.772661 0.613346
vt 0.777802 0.611855
vt 0.778522 0.616679
vt 0.775564 0.618514
vt 0.747107 0.631061
vt 0.759224 0.623946
vt 0.761565 0.627598
vt 0.748238 0.634694
vt 0.744927 0.631689
vt 0.744567 0.635743
vt 0.773517 0.604368
vt 0.776060 0.607943
vt 0.879880 0.663899
vt 0.881231 0.658640
vt 0.781161 0.610359
vt 0.782952 0.615433
vt 0.761383 0.617113
vt 0.758999 0.613491
vt 0.870636 0.656746
vt 0.870014 0.661426
vt 0.771335 0.620112
vt 0.768048 0.617228
vt 0.756991 0.620299
vt 0.745810 0.627638
vt 0.743896 0.624545
vt 0.754632 0.616559
vt 0.850234 0.655804
vt 0.850741 0.651679
vt 0.865519 0.655831
vt 0.864968 0.660028
vt 0.744059 0.628484
vt 0.742315 0.625736
vt 0.846548 0.654908
vt 0.846678 0.650633
vt 0.789247 0.605029
vt 0.784928 0.607856
vt 0.763938 0.620611
vt 0.878910 0.669037
vt 0.877084 0.668100
vt 0.845882 0.659073
vt 0.849533 0.659953
vt 0.864323 0.664261
vt 0.883161 0.665763
vt 0.882307 0.670517
vt 0.874703 0.667116
vt 0.766456 0.624397
vt 0.869267 0.665810
vt 0.873426 0.672505
vt 0.867787 0.670318
vt 0.778974 0.606352
vt 0.776330 0.602695
vt 0.884029 0.660496
vt 0.787661 0.613113
vt 0.887412 0.666661
vt 0.887675 0.660840
vt 0.793085 0.610224
vt 0.863041 0.668873
vt 0.848217 0.664291
vt 0.844195 0.663080
vt 0.838938 0.654752
vt 0.838400 0.652244
vt 0.838513 0.657577
vt 0.837483 0.660383
vt 0.836714 0.654913
vt 0.835483 0.653642
vt 0.835875 0.656899
vt 0.835004 0.659343
vt 0.833648 0.655985
vt 0.832682 0.658794
vt 0.740765 0.629840
vt 0.739667 0.628062
vt 0.740961 0.631800
vt 0.739912 0.633584
vt 0.736844 0.639088
vt 0.735696 0.635752
vt 0.733588 0.638368
vt 0.734366 0.635289
vt 0.730847 0.636729
vt 0.733284 0.634157
vt 0.732298 0.632832
vt 0.729114 0.634102
vt 0.875649 0.673741
vt 0.881090 0.675708
vt 0.877424 0.674615
vt 0.890259 0.685899
vt 0.882246 0.689436
vt 0.880401 0.686475
vt 0.884362 0.682463
vt 0.869233 0.681699
vt 0.871728 0.677018
vt 0.873512 0.678579
vt 0.871430 0.682616
vt 0.765785 0.599404
vt 0.770365 0.601640
vt 0.766911 0.605216
vt 0.763098 0.601186
vt 0.750054 0.609453
vt 0.752300 0.613105
vt 0.741253 0.621893
vt 0.738313 0.619201
vt 0.739641 0.623613
vt 0.735473 0.622365
vt 0.875577 0.679443
vt 0.873320 0.683973
vt 0.768826 0.596058
vt 0.773019 0.599580
vt 0.864076 0.678798
vt 0.866121 0.674553
vt 0.760776 0.603393
vt 0.761435 0.607519
vt 0.844211 0.672646
vt 0.846229 0.668654
vt 0.861350 0.673179
vt 0.859292 0.677317
vt 0.839870 0.670890
vt 0.842118 0.667132
vt 0.756673 0.610204
vt 0.879205 0.680402
vt 0.754363 0.606551
vt 0.876996 0.684769
vt 0.772791 0.593365
vt 0.776844 0.597085
vt 0.781830 0.594431
vt 0.833890 0.664521
vt 0.835910 0.662707
vt 0.832642 0.661673
vt 0.834403 0.661292
vt 0.737917 0.627040
vt 0.735774 0.627219
vt 0.731908 0.630167
vt 0.729051 0.628041
vt 0.731797 0.631410
vt 0.728539 0.631145
vt 0.891342 0.720398
vt 0.900265 0.715807
vt 0.898038 0.723279
vt 0.892543 0.723661
vt 0.891061 0.737467
vt 0.885461 0.737132
vt 0.887006 0.734099
vt 0.891900 0.735107
vt 0.881597 0.760824
vt 0.877272 0.759552
vt 0.883078 0.746838
vt 0.887407 0.748048
vt 0.752756 0.555588
vt 0.757715 0.556914
vt 0.755701 0.561117
vt 0.751766 0.561073
vt 0.721444 0.551773
vt 0.724004 0.552663
vt 0.722708 0.556361
vt 0.718455 0.554753
vt 0.893282 0.732459
vt 0.887694 0.731189
vt 0.761972 0.557593
vt 0.760714 0.562554
vt 0.889336 0.743502
vt 0.884848 0.742077
vt 0.747740 0.559910
vt 0.746889 0.555661
vt 0.879887 0.764918
vt 0.875297 0.763899
vt 0.747075 0.551782
vt 0.753319 0.552415
vt 0.725106 0.549163
vt 0.737526 0.550808
vt 0.736715 0.554952
vt 0.767253 0.557975
vt 0.773577 0.558077
vt 0.772477 0.562297
vt 0.765825 0.563399
vt 0.758652 0.553031
vt 0.742088 0.555536
vt 0.742675 0.551178
vt 0.722900 0.548660
vt 0.897970 0.733839
vt 0.896614 0.736441
vt 0.884312 0.766080
vt 0.885927 0.762379
vt 0.895379 0.728514
vt 0.900038 0.729678
vt 0.895668 0.738647
vt 0.736254 0.559085
vt 0.891321 0.749560
vt 0.741707 0.559846
vt 0.893354 0.744886
vt 0.890248 0.727570
vt 0.762797 0.553230
vt 0.902638 0.725039
vt 0.768126 0.553683
vt 0.907047 0.719115
vt 0.878340 0.770033
vt 0.875161 0.770392
vt 0.882653 0.770039
vt 0.878291 0.773278
vt 0.875353 0.773817
vt 0.881540 0.773733
vt 0.878356 0.775641
vt 0.876708 0.776906
vt 0.880496 0.776617
vt 0.879174 0.779210
vt 0.717919 0.549372
vt 0.719276 0.547467
vt 0.715646 0.550298
vt 0.711841 0.554280
vt 0.712139 0.549954
vt 0.709092 0.552397
vt 0.710275 0.548905
vt 0.706942 0.549697
vt 0.709737 0.547649
vt 0.705964 0.546298
vt 0.709734 0.545858
vt 0.906533 0.727775
vt 0.910888 0.722553
vt 0.774347 0.554002
vt 0.768684 0.549396
vt 0.774761 0.549829
vt 0.916721 0.734628
vt 0.913355 0.735823
vt 0.910348 0.731392
vt 0.915351 0.727892
vt 0.747688 0.548059
vt 0.753808 0.549079
vt 0.908752 0.744177
vt 0.907595 0.746912
vt 0.903824 0.744089
vt 0.905366 0.741607
vt 0.738187 0.546829
vt 0.725604 0.545600
vt 0.893761 0.766587
vt 0.899139 0.753881
vt 0.902782 0.755856
vt 0.897429 0.768849
vt 0.757908 0.541422
vt 0.758847 0.545547
vt 0.754066 0.545986
vt 0.754505 0.540727
vt 0.725141 0.538374
vt 0.725431 0.542051
vt 0.722839 0.542176
vt 0.720918 0.538583
vt 0.759051 0.549174
vt 0.906494 0.739253
vt 0.910542 0.742595
vt 0.762773 0.540574
vt 0.763342 0.544993
vt 0.743339 0.547189
vt 0.904820 0.750785
vt 0.901150 0.748999
vt 0.748656 0.544653
vt 0.750489 0.540874
vt 0.723378 0.545436
vt 0.895705 0.773026
vt 0.892224 0.770330
vt 0.738652 0.543044
vt 0.774887 0.545582
vt 0.768807 0.544972
vt 0.744068 0.543575
vt 0.901374 0.738914
vt 0.902501 0.736461
vt 0.888502 0.767928
vt 0.890011 0.764385
vt 0.907834 0.735787
vt 0.904266 0.732320
vt 0.900215 0.740820
vt 0.738895 0.539069
vt 0.895387 0.751588
vt 0.744707 0.539641
vt 0.897377 0.746991
vt 0.763247 0.549097
vt 0.911560 0.738973
vt 0.768076 0.540499
vt 0.775216 0.540714
vt 0.891129 0.777079
vt 0.889124 0.774549
vt 0.886368 0.772241
vt 0.887857 0.779840
vt 0.887084 0.777082
vt 0.884610 0.775142
vt 0.885532 0.780709
vt 0.885308 0.778717
vt 0.883188 0.777857
vt 0.882404 0.780518
vt 0.719583 0.545184
vt 0.718891 0.543205
vt 0.717062 0.541918
vt 0.713707 0.541347
vt 0.714865 0.537047
vt 0.711541 0.541825
vt 0.710891 0.538445
vt 0.710704 0.542640
vt 0.708790 0.540009
vt 0.710097 0.544152
vt 0.706637 0.542653
vt 0.930742 0.765860
vt 0.926871 0.766139
vt 0.924748 0.759488
vt 0.928135 0.758386
vt 0.766636 0.529160
vt 0.763747 0.527603
vt 0.767436 0.524044
vt 0.770416 0.526865
vt 0.749782 0.508417
vt 0.752182 0.513275
vt 0.748505 0.514450
vt 0.747766 0.507748
vt 0.924376 0.745760
vt 0.924556 0.748379
vt 0.920611 0.749364
vt 0.919481 0.747151
vt 0.926104 0.752240
vt 0.922456 0.754652
vt 0.758562 0.523474
vt 0.753800 0.519864
vt 0.755971 0.517253
vt 0.760774 0.520471
vt 0.743481 0.513307
vt 0.744236 0.515109
vt 0.758424 0.514575
vt 0.754799 0.511438
vt 0.780822 0.534469
vt 0.789162 0.538863
vt 0.787314 0.540983
vt 0.777883 0.536837
vt 0.769190 0.521828
vt 0.772839 0.524379
vt 0.763004 0.517465
vt 0.751532 0.507820
vt 0.928847 0.744735
vt 0.928793 0.747053
vt 0.935150 0.766551
vt 0.931269 0.767845
vt 0.934472 0.764742
vt 0.929882 0.750721
vt 0.931949 0.757225
vt 0.777701 0.532232
vt 0.773292 0.535682
vt 0.923135 0.734161
vt 0.927803 0.734446
vt 0.918839 0.738728
vt 0.780267 0.529344
vt 0.818466 0.582408
vt 0.803285 0.584757
vt 0.802454 0.580149
vt 0.817932 0.577047
vt 0.923000 0.730157
vt 0.928236 0.731163
vt 0.741028 0.509416
vt 0.745880 0.506005
vt 0.936476 0.770520
vt 0.933301 0.771924
vt 0.740491 0.505960
vt 0.744832 0.504293
vt 0.937623 0.774156
vt 0.934867 0.775001
vt 0.741113 0.503445
vt 0.744820 0.503229
vt 0.938979 0.776763
vt 0.936482 0.776874
vt 0.741468 0.500621
vt 0.745568 0.502024
vt 0.932388 0.735036
vt 0.932668 0.732294
vt 0.783317 0.531374
vt 0.781913 0.525992
vt 0.784955 0.527836
vt 0.789204 0.516163
vt 0.787536 0.519734
vt 0.784496 0.518199
vt 0.786187 0.514539
vt 0.760600 0.511730
vt 0.756744 0.509028
vt 0.764798 0.505374
vt 0.758617 0.502273
vt 0.759296 0.498244
vt 0.766646 0.501862
vt 0.772321 0.517422
vt 0.774464 0.513582
vt 0.776541 0.515392
vt 0.775801 0.518733
vt 0.758090 0.506049
vt 0.753146 0.504818
vt 0.752530 0.502900
vt 0.770908 0.519517
vt 0.774441 0.521501
vt 0.775627 0.509968
vt 0.777951 0.511310
vt 0.765296 0.514629
vt 0.769930 0.509460
vt 0.772767 0.506517
vt 0.767523 0.511991
vt 0.762693 0.508576
vt 0.752705 0.506504
vt 0.757342 0.497559
vt 0.786280 0.523808
vt 0.793052 0.527577
vt 0.791920 0.531906
vt 0.937862 0.745041
vt 0.933559 0.745780
vt 0.933341 0.743953
vt 0.937468 0.743128
vt 0.939163 0.765368
vt 0.938499 0.763606
vt 0.942531 0.762498
vt 0.943157 0.764389
vt 0.938211 0.748461
vt 0.939695 0.755246
vt 0.935953 0.756146
vt 0.933853 0.749638
vt 0.783244 0.522099
vt 0.936436 0.735901
vt 0.936411 0.733633
vt 0.750293 0.500889
vt 0.752989 0.495620
vt 0.944039 0.768982
vt 0.940204 0.769296
vt 0.748508 0.500066
vt 0.749154 0.495939
vt 0.944818 0.772680
vt 0.941567 0.773076
vt 0.747731 0.500239
vt 0.747172 0.496798
vt 0.942576 0.775805
vt 0.944867 0.774609
vt 0.746625 0.500900
vt 0.744195 0.497487
vt 0.882318 0.690008
vt 0.890512 0.689654
vt 0.898576 0.713979
vt 0.891885 0.719211
vt 0.920828 0.728167
vt 0.917819 0.733329
vt 0.916997 0.735900
vt 0.824045 0.564244
vt 0.830098 0.563316
vt 0.780356 0.590079
vt 0.788162 0.585238
vt 0.790416 0.585993
vt 0.779096 0.591476
vt 0.840242 0.589960
vt 0.845611 0.587800
vt 0.849681 0.594425
vt 0.843091 0.599769
vt 0.833777 0.584987
vt 0.839343 0.583963
vt 0.833961 0.590855
vt 0.827008 0.591567
vt 0.826814 0.586236
vt 0.819072 0.587446
vt 0.805709 0.592067
vt 0.817133 0.571121
vt 0.800981 0.574991
vt 0.799951 0.565812
vt 0.816724 0.565264
vt 0.837332 0.573136
vt 0.836366 0.568131
vt 0.789701 0.578668
vt 0.789341 0.582848
vt 0.786793 0.542812
vt 0.777889 0.539159
vt 0.785106 0.541475
vt 0.861845 0.496050
vt 0.862285 0.505203
vt 0.856273 0.503946
vt 0.855140 0.494570
vt 0.787269 0.545945
vt 0.787547 0.549902
vt 0.799997 0.561480
vt 0.816430 0.559796
vt 0.800076 0.540906
vt 0.793960 0.540040
vt 0.794626 0.537132
vt 0.799026 0.538012
vt 0.790711 0.535682
vt 0.874063 0.542261
vt 0.874183 0.549486
vt 0.869693 0.547145
vt 0.869310 0.543017
vt 0.792114 0.588440
vt 0.793954 0.591723
vt 0.773561 0.563750
vt 0.783526 0.562848
vt 0.786244 0.563835
vt 0.795135 0.582457
vt 0.795433 0.577147
vt 0.980990 0.677806
vt 0.995616 0.672539
vt 0.787525 0.553945
vt 0.798201 0.552077
vt 0.793029 0.550757
vt 0.793478 0.546900
vt 0.799745 0.548958
vt 0.799969 0.601467
vt 0.797770 0.598276
vt 0.859618 0.538651
vt 0.850163 0.532511
vt 0.859924 0.533081
vt 0.795703 0.595002
vt 0.833956 0.552588
vt 0.834782 0.557676
vt 0.797115 0.586154
vt 0.787762 0.566978
vt 0.798367 0.589645
vt 0.944354 0.648048
vt 0.934421 0.639419
vt 0.940329 0.637751
vt 0.948482 0.644655
vt 0.986614 0.699512
vt 0.998154 0.694820
vt 0.999855 0.700739
vt 0.988755 0.704594
vt 0.794563 0.523396
vt 0.799592 0.592430
vt 0.859787 0.544014
vt 0.839239 0.531709
vt 0.844665 0.532217
vt 0.838661 0.537547
vt 0.833346 0.537036
vt 0.833263 0.542099
vt 0.815492 0.537086
vt 0.802075 0.531204
vt 0.815530 0.531036
vt 0.797404 0.529304
vt 0.799484 0.534946
vt 0.795661 0.533410
vt 0.801665 0.595241
vt 0.803738 0.598517
vt 0.967508 0.675061
vt 0.982204 0.663861
vt 0.981252 0.671392
vt 0.968475 0.678874
vt 0.845000 0.562975
vt 0.900436 0.682614
vt 0.900282 0.686587
vt 0.901425 0.690055
vt 0.903468 0.694794
vt 0.901329 0.676830
vt 0.908116 0.704105
vt 0.905714 0.699852
vt 0.912736 0.709482
vt 0.916133 0.712631
vt 0.910065 0.706915
vt 0.919267 0.717438
vt 0.922465 0.721689
vt 0.918754 0.643807
vt 0.914259 0.641100
vt 0.918502 0.634993
vt 0.923144 0.638470
vt 0.925139 0.724283
vt 0.915340 0.648569
vt 0.909510 0.645166
vt 0.901783 0.670749
vt 0.927852 0.648480
vt 0.923351 0.646170
vt 0.796072 0.519713
vt 0.920951 0.652427
vt 0.913449 0.651011
vt 0.907675 0.648108
vt 0.843626 0.548183
vt 0.911131 0.654142
vt 0.906718 0.659943
vt 0.838508 0.547482
vt 0.838447 0.542474
vt 0.785626 0.560994
vt 0.835495 0.562824
vt 0.840622 0.562757
vt 0.841401 0.567736
vt 0.905304 0.664875
vt 0.902998 0.660415
vt 0.905184 0.661795
vt 0.905584 0.669973
vt 0.869423 0.598155
vt 0.876360 0.605860
vt 0.905226 0.676162
vt 0.802761 0.588136
vt 0.803556 0.590378
vt 0.839872 0.557951
vt 0.838982 0.552817
vt 0.963252 0.697388
vt 0.965521 0.701837
vt 0.960084 0.703743
vt 0.909649 0.683243
vt 0.909495 0.675745
vt 0.920098 0.669971
vt 0.922416 0.676307
vt 0.806493 0.606664
vt 0.802570 0.608084
vt 0.801736 0.604374
vt 0.805412 0.602477
vt 0.908572 0.663571
vt 0.909299 0.669183
vt 0.941290 0.728461
vt 0.937589 0.725733
vt 0.804017 0.525610
vt 0.798915 0.524890
vt 0.799942 0.520431
vt 0.805149 0.520220
vt 0.842261 0.572543
vt 0.799503 0.557383
vt 0.816080 0.554550
vt 0.815797 0.542756
vt 0.799955 0.544628
vt 0.845493 0.525873
vt 0.850813 0.526343
vt 0.851114 0.606633
vt 0.855469 0.600515
vt 0.794882 0.573290
vt 0.799287 0.572110
vt 0.819915 0.591998
vt 0.808135 0.596091
vt 0.816651 0.523880
vt 0.817766 0.518004
vt 0.936621 0.650962
vt 0.932573 0.650382
vt 0.928785 0.638799
vt 0.948202 0.683246
vt 0.943726 0.680244
vt 0.950725 0.677887
vt 0.954300 0.681255
vt 0.902993 0.639638
vt 0.910474 0.636885
vt 0.915014 0.658062
vt 0.918038 0.663061
vt 0.835569 0.518230
vt 0.834589 0.524358
vt 0.843083 0.577623
vt 0.838254 0.578410
vt 0.935412 0.727551
vt 0.938781 0.729680
vt 0.868072 0.506677
vt 0.873774 0.508234
vt 0.849982 0.502955
vt 0.879411 0.510338
vt 0.885084 0.512869
vt 0.968343 0.706973
vt 0.971086 0.712017
vt 0.965786 0.713701
vt 0.963030 0.708780
vt 0.933721 0.723406
vt 0.893995 0.507027
vt 0.868105 0.539327
vt 0.871570 0.535798
vt 0.900975 0.509825
vt 0.908004 0.512386
vt 0.776423 0.502153
vt 0.784413 0.501033
vt 0.905002 0.521049
vt 0.897829 0.519619
vt 0.929692 0.721787
vt 0.925573 0.718562
vt 0.926791 0.721592
vt 0.931741 0.726059
vt 0.876058 0.621125
vt 0.871389 0.625425
vt 0.865563 0.618973
vt 0.869745 0.614263
vt 0.922067 0.661097
vt 0.917800 0.655217
vt 0.776912 0.578119
vt 0.789340 0.574509
vt 0.922746 0.714459
vt 0.866454 0.571981
vt 0.856964 0.583798
vt 0.964410 0.672359
vt 0.970701 0.665973
vt 0.919465 0.710199
vt 0.915579 0.706975
vt 0.912439 0.702720
vt 0.912756 0.705575
vt 0.841388 0.519254
vt 0.840193 0.525307
vt 0.910420 0.698196
vt 0.833827 0.531044
vt 0.902145 0.644717
vt 0.956225 0.657793
vt 0.951708 0.654794
vt 0.956470 0.650165
vt 0.961258 0.652628
vt 0.866356 0.629488
vt 0.861252 0.624020
vt 0.825354 0.653831
vt 0.841350 0.642278
vt 0.843750 0.647336
vt 0.828247 0.657941
vt 0.838054 0.637020
vt 0.848366 0.627510
vt 0.852563 0.632313
vt 0.822123 0.650199
vt 0.942080 0.622101
vt 0.936568 0.621830
vt 0.821198 0.656712
vt 0.823067 0.661658
vt 0.942051 0.695296
vt 0.944861 0.699677
vt 0.946796 0.657807
vt 0.940640 0.650223
vt 0.939490 0.690494
vt 0.937752 0.684766
vt 0.932521 0.679180
vt 0.925734 0.682627
vt 0.928655 0.673602
vt 0.925316 0.668031
vt 0.818813 0.652654
vt 0.937857 0.616133
vt 0.943689 0.616293
vt 0.820335 0.596941
vt 0.826401 0.597534
vt 0.824165 0.603877
vt 0.819183 0.602727
vt 0.826460 0.580949
vt 0.930684 0.620964
vt 0.931959 0.615704
vt 0.939137 0.603259
vt 0.943517 0.602338
vt 0.934286 0.603672
vt 0.938198 0.598931
vt 0.940781 0.597158
vt 0.934559 0.599171
vt 0.937064 0.596284
vt 0.938359 0.594588
vt 0.934409 0.595853
vt 0.815738 0.549058
vt 0.934914 0.593280
vt 0.811566 0.657215
vt 0.812722 0.659892
vt 0.811782 0.662354
vt 0.811350 0.668523
vt 0.808989 0.664681
vt 0.805904 0.669724
vt 0.806377 0.665387
vt 0.802605 0.668510
vt 0.804567 0.664767
vt 0.799550 0.666383
vt 0.802870 0.663495
vt 0.953459 0.713076
vt 0.956503 0.717574
vt 0.947547 0.703839
vt 0.950251 0.708307
vt 0.941636 0.659413
vt 0.843758 0.582474
vt 0.824751 0.626496
vt 0.829352 0.629340
vt 0.814946 0.642957
vt 0.811275 0.639528
vt 0.834043 0.632437
vt 0.818645 0.646707
vt 0.913880 0.632640
vt 0.916818 0.615882
vt 0.921264 0.617705
vt 0.811815 0.646011
vt 0.807671 0.643468
vt 0.836153 0.619566
vt 0.842872 0.623341
vt 0.925946 0.619500
vt 0.927142 0.614327
vt 0.922398 0.612478
vt 0.815542 0.649186
vt 0.917430 0.610698
vt 0.925444 0.601577
vt 0.922152 0.598966
vt 0.929534 0.602932
vt 0.925204 0.595979
vt 0.927117 0.597963
vt 0.930292 0.598741
vt 0.927593 0.593814
vt 0.928340 0.595691
vt 0.930816 0.595679
vt 0.931025 0.592958
vt 0.809512 0.654866
vt 0.806982 0.653383
vt 0.804498 0.654047
vt 0.801869 0.656246
vt 0.799859 0.652945
vt 0.800665 0.658382
vt 0.797464 0.656337
vt 0.800682 0.659895
vt 0.797063 0.659460
vt 0.801463 0.661849
vt 0.797526 0.662992
vt 0.853866 0.589580
vt 0.859439 0.595653
vt 0.907820 0.693136
vt 0.912899 0.690172
vt 0.833248 0.598204
vt 0.862833 0.608025
vt 0.865873 0.602417
vt 0.840265 0.609004
vt 0.830022 0.606317
vt 0.856275 0.637801
vt 0.890993 0.515778
vt 0.785739 0.511309
vt 0.778155 0.511106
vt 0.904197 0.682244
vt 0.873404 0.609871
vt 0.969857 0.683615
vt 0.971239 0.688936
vt 0.847847 0.613199
vt 0.928134 0.725540
vt 0.860578 0.521736
vt 0.872229 0.521858
vt 0.871788 0.528315
vt 0.860286 0.527351
vt 0.951137 0.686569
vt 0.953461 0.690776
vt 0.947763 0.693013
vt 0.945699 0.688686
vt 0.903185 0.685719
vt 0.880278 0.617089
vt 0.966418 0.654769
vt 0.961123 0.660878
vt 0.858699 0.613145
vt 0.855079 0.618877
vt 0.894401 0.594554
vt 0.886726 0.605275
vt 0.885084 0.512869
vt 0.945428 0.663501
vt 0.870625 0.581317
vt 0.862762 0.590399
vt 0.829477 0.617680
vt 0.949592 0.667825
vt 0.943196 0.669333
vt 0.904964 0.688340
vt 0.936061 0.670823
vt 0.954832 0.705918
vt 0.955534 0.665184
vt 0.950977 0.661316
vt 0.809678 0.600544
vt 0.810387 0.604872
vt 0.946979 0.673826
vt 0.939662 0.675863
vt 0.984485 0.694282
vt 0.996908 0.689226
vt 0.971300 0.656760
vt 0.966129 0.663895
vt 0.846398 0.520026
vt 0.851451 0.520724
vt 0.980390 0.708312
vt 0.977900 0.703787
vt 0.798228 0.554883
vt 0.793083 0.554618
vt 0.960281 0.669184
vt 0.798946 0.569247
vt 0.794409 0.569857
vt 0.794278 0.565796
vt 0.833460 0.547234
vt 0.953751 0.672123
vt 0.996142 0.666362
vt 0.960782 0.715448
vt 0.957900 0.710771
vt 0.961275 0.693056
vt 0.966639 0.691002
vt 0.968378 0.695660
vt 0.957544 0.675990
vt 0.970557 0.700382
vt 0.972956 0.694049
vt 0.973180 0.705349
vt 0.975758 0.710349
vt 0.960715 0.679105
vt 0.962975 0.681992
vt 0.959479 0.688472
vt 0.964984 0.686123
vt 0.943930 0.685394
vt 0.975345 0.699136
vt 0.957140 0.684399
vt 0.877467 0.558277
vt 0.792135 0.561819
vt 0.787010 0.557704
vt 0.792920 0.557915
vt 0.775933 0.574164
vt 0.788670 0.570855
vt 0.883122 0.613536
vt 0.833161 0.579597
vt 0.792308 0.542772
vt 0.880298 0.566360
vt 0.883459 0.574195
vt 0.975583 0.657597
vt 0.985034 0.655089
vt 0.899882 0.657458
vt 0.997142 0.659433
vt 0.998807 0.651773
vt 0.806329 0.024708
vt 0.753970 0.000002
vt 0.774055 0.000249
vt 0.811207 0.012061
vt 0.730752 0.008470
vt 0.712229 0.016463
vt 0.712759 0.591304
vt 0.713139 0.593042
vt 0.713391 0.594461
vt 0.718028 0.592095
vt 0.717561 0.590209
vt 0.718061 0.593517
vt 0.716230 0.592448
vt 0.715806 0.590579
vt 0.716558 0.593994
vt 0.712376 0.589837
vt 0.716941 0.588986
vt 0.715407 0.589094
vt 0.737353 0.629646
vt 0.738217 0.631088
vt 0.738891 0.632311
vt 0.739538 0.630315
vt 0.738671 0.628869
vt 0.739941 0.631482
vt 0.736512 0.628518
vt 0.737757 0.627988
vt 0.713469 0.546568
vt 0.713050 0.548121
vt 0.717280 0.548411
vt 0.717826 0.547087
vt 0.716229 0.546928
vt 0.715840 0.548533
vt 0.713768 0.544742
vt 0.713845 0.543128
vt 0.718102 0.545228
vt 0.717978 0.543907
vt 0.716521 0.544988
vt 0.716612 0.543476
vt 0.748086 0.504407
vt 0.747106 0.505219
vt 0.749784 0.507517
vt 0.750770 0.506949
vt 0.749770 0.506026
vt 0.748728 0.506790
vt 0.749117 0.503323
vt 0.749809 0.502304
vt 0.752325 0.504948
vt 0.751790 0.505884
vt 0.750858 0.504904
vt 0.751635 0.503918
vt 0.806247 0.661207
vt 0.807629 0.662705
vt 0.811236 0.659549
vt 0.810147 0.657945
vt 0.810091 0.660778
vt 0.808693 0.659147
vt 0.804731 0.659341
vt 0.803360 0.657665
vt 0.808467 0.655933
vt 0.806993 0.654561
vt 0.806993 0.657140
vt 0.805523 0.655543
vt 0.017934 0.502950
vt 0.011940 0.490747
vt 0.034022 0.480753
vt 0.041032 0.494522
vt 0.006579 0.477713
vt 0.003504 0.463558
vt 0.028209 0.459042
vt 0.029973 0.470278
vt 0.001214 0.449404
vt 0.026028 0.446925
vt 0.000000 0.434068
vt 0.024331 0.435246
vt 0.007014 0.404194
vt 0.014693 0.391711
vt 0.033281 0.406154
vt 0.028629 0.414533
vt 0.038858 0.372620
vt 0.054151 0.367599
vt 0.059063 0.390597
vt 0.048996 0.393930
vt 0.069944 0.366311
vt 0.069480 0.389725
vt 0.085197 0.368692
vt 0.079959 0.391652
vt 0.098889 0.373708
vt 0.089637 0.395728
vt 0.150281 0.416556
vt 0.157031 0.426915
vt 0.136159 0.438259
vt 0.130778 0.430545
vt 0.142140 0.406580
vt 0.124596 0.423290
vt 0.132141 0.397573
vt 0.115981 0.416174
vt 0.162189 0.437986
vt 0.165705 0.449010
vt 0.142846 0.457348
vt 0.139862 0.446627
vt 0.110791 0.380548
vt 0.121849 0.388856
vt 0.106701 0.408121
vt 0.098058 0.401182
vt 0.001978 0.418457
vt 0.025019 0.424466
vt 0.025545 0.380870
vt 0.040217 0.399363
vt 0.021211 0.516145
vt 0.044540 0.509570
vt 0.032275 0.542379
vt 0.025508 0.529569
vt 0.048191 0.520192
vt 0.054080 0.529926
vt 0.039640 0.554685
vt 0.060218 0.540603
vt 0.048592 0.567208
vt 0.066443 0.550633
vt 0.087190 0.590235
vt 0.073234 0.585596
vt 0.083072 0.563706
vt 0.092025 0.567106
vt 0.133019 0.583144
vt 0.118035 0.589044
vt 0.111925 0.566379
vt 0.121732 0.562358
vt 0.145724 0.573714
vt 0.130320 0.556393
vt 0.155856 0.562154
vt 0.137065 0.548124
vt 0.163087 0.549554
vt 0.141828 0.538754
vt 0.173295 0.471498
vt 0.174801 0.483766
vt 0.150870 0.485621
vt 0.150020 0.476256
vt 0.174995 0.496635
vt 0.150811 0.495151
vt 0.173145 0.509955
vt 0.148803 0.506142
vt 0.170113 0.459707
vt 0.147466 0.467471
vt 0.170885 0.523238
vt 0.167779 0.536692
vt 0.144752 0.529152
vt 0.146891 0.518277
vt 0.060169 0.577894
vt 0.073914 0.558441
vt 0.102540 0.591623
vt 0.101691 0.567783
vt 0.074181 0.482419
vt 0.902125 0.054861
vt 0.154753 0.626795
vt 0.143514 0.625985
vt 0.143825 0.631556
vt 0.155982 0.632197
vt 0.170282 0.666942
vt 0.175867 0.674823
vt 0.184824 0.664878
vt 0.181099 0.658207
vt 0.144175 0.637214
vt 0.142943 0.640373
vt 0.145161 0.643917
vt 0.157694 0.639555
vt 0.141397 0.654810
vt 0.141057 0.658553
vt 0.143642 0.661595
vt 0.145743 0.656823
vt 0.126374 0.651451
vt 0.125156 0.646044
vt 0.118985 0.647077
vt 0.119980 0.652747
vt 0.143656 0.620654
vt 0.143923 0.615435
vt 0.138326 0.615201
vt 0.138022 0.620240
vt 0.122922 0.630003
vt 0.117350 0.630845
vt 0.117848 0.636131
vt 0.123704 0.635093
vt 0.138447 0.630542
vt 0.139127 0.635781
vt 0.122391 0.624512
vt 0.116854 0.625218
vt 0.146546 0.650075
vt 0.140304 0.644570
vt 0.141187 0.649513
vt 0.115959 0.613637
vt 0.116236 0.619273
vt 0.122061 0.619086
vt 0.122018 0.613775
vt 0.116217 0.607450
vt 0.122388 0.607536
vt 0.118113 0.594816
vt 0.117069 0.600612
vt 0.123067 0.600665
vt 0.123952 0.594666
vt 0.723309 0.641912
vt 0.726791 0.637998
vt 0.720444 0.630245
vt 0.716213 0.633726
vt 0.719903 0.646415
vt 0.711858 0.637230
vt 0.707516 0.640646
vt 0.716752 0.652036
vt 0.698968 0.647113
vt 0.707149 0.659629
vt 0.711853 0.655832
vt 0.703279 0.643782
vt 0.695546 0.627195
vt 0.697733 0.632657
vt 0.701921 0.630497
vt 0.699654 0.625021
vt 0.694290 0.650210
vt 0.702126 0.664391
vt 0.688845 0.653309
vt 0.696307 0.667067
vt 0.666095 0.650605
vt 0.664963 0.643381
vt 0.660121 0.647058
vt 0.658882 0.655009
vt 0.655239 0.682260
vt 0.657822 0.678761
vt 0.651584 0.676539
vt 0.648582 0.681757
vt 0.683944 0.601292
vt 0.689341 0.600118
vt 0.684165 0.586725
vt 0.678668 0.587129
vt 0.703967 0.687504
vt 0.698395 0.689709
vt 0.702157 0.696042
vt 0.706827 0.694275
vt 0.065064 0.661858
vt 0.065961 0.667647
vt 0.072900 0.665374
vt 0.072136 0.659925
vt 0.690957 0.702076
vt 0.694315 0.704903
vt 0.697939 0.699544
vt 0.692977 0.693129
vt 0.041533 0.658793
vt 0.042650 0.662594
vt 0.048536 0.660973
vt 0.047792 0.657913
vt 0.703330 0.714568
vt 0.702075 0.712101
vt 0.697583 0.715686
vt 0.698685 0.718669
vt 0.025954 0.662648
vt 0.017627 0.664969
vt 0.018359 0.668557
vt 0.027041 0.667192
vt 0.715468 0.740711
vt 0.711043 0.730981
vt 0.707190 0.732565
vt 0.711627 0.742969
vt 0.049302 0.664177
vt 0.050924 0.670353
vt 0.054470 0.668790
vt 0.054618 0.664009
vt 0.016713 0.672295
vt 0.015059 0.676060
vt 0.017668 0.676445
vt 0.018353 0.672321
vt 0.054441 0.659878
vt 0.053598 0.656380
vt 0.701504 0.709714
vt 0.695960 0.713395
vt 0.059943 0.668857
vt 0.059279 0.663514
vt 0.036508 0.659754
vt 0.037513 0.663925
vt 0.706041 0.719284
vt 0.702188 0.722521
vt 0.044076 0.666633
vt 0.046845 0.670679
vt 0.028886 0.675270
vt 0.040533 0.672764
vt 0.038836 0.668217
vt 0.027816 0.671233
vt 0.016858 0.668742
vt 0.016149 0.665448
vt 0.716272 0.742895
vt 0.712531 0.745728
vt 0.706512 0.708887
vt 0.706034 0.706782
vt 0.720150 0.740504
vt 0.719293 0.738589
vt 0.700706 0.705240
vt 0.704638 0.702267
vt 0.707443 0.711017
vt 0.715079 0.729081
vt 0.710111 0.717186
vt 0.719590 0.727241
vt 0.723525 0.736685
vt 0.714746 0.715439
vt 0.712233 0.708686
vt 0.058612 0.658847
vt 0.057418 0.655034
vt 0.695958 0.708975
vt 0.063005 0.653201
vt 0.064173 0.657342
vt 0.711725 0.706514
vt 0.724549 0.738600
vt 0.709347 0.700381
vt 0.711232 0.704649
vt 0.717549 0.750262
vt 0.719301 0.747075
vt 0.722472 0.744731
vt 0.726213 0.743136
vt 0.719774 0.752235
vt 0.721447 0.749840
vt 0.724107 0.747988
vt 0.727227 0.746608
vt 0.722886 0.753447
vt 0.722962 0.751694
vt 0.725348 0.750906
vt 0.728268 0.749712
vt 0.726205 0.753413
vt 0.729468 0.752099
vt 0.013251 0.666688
vt 0.013851 0.669060
vt 0.013376 0.671278
vt 0.011462 0.672677
vt 0.008635 0.677814
vt 0.007719 0.673406
vt 0.006131 0.676856
vt 0.005771 0.673080
vt 0.003282 0.675276
vt 0.004800 0.672292
vt 0.001067 0.672728
vt 0.004008 0.670896
vt 0.003701 0.669176
vt 0.000000 0.669264
vt 0.712547 0.693865
vt 0.718168 0.695035
vt 0.719624 0.692168
vt 0.712021 0.686568
vt 0.722399 0.705277
vt 0.717048 0.705491
vt 0.717337 0.707823
vt 0.723316 0.708255
vt 0.728007 0.735282
vt 0.732170 0.734138
vt 0.727802 0.724525
vt 0.723611 0.725860
vt 0.049171 0.648698
vt 0.045333 0.648790
vt 0.046992 0.654775
vt 0.051814 0.652750
vt 0.013733 0.658484
vt 0.011399 0.659814
vt 0.014521 0.662463
vt 0.016088 0.661632
vt 0.716459 0.703576
vt 0.722751 0.702630
vt 0.055647 0.650950
vt 0.053692 0.646123
vt 0.719214 0.714065
vt 0.723880 0.713209
vt 0.041478 0.650166
vt 0.040920 0.654927
vt 0.035861 0.655721
vt 0.035302 0.651232
vt 0.023314 0.654645
vt 0.024717 0.658646
vt 0.729181 0.737402
vt 0.733493 0.736815
vt 0.714428 0.699808
vt 0.720145 0.699270
vt 0.061395 0.649013
vt 0.059295 0.643897
vt 0.068750 0.647077
vt 0.066419 0.642572
vt 0.733640 0.743678
vt 0.729944 0.742819
vt 0.730170 0.746033
vt 0.733314 0.746579
vt 0.730452 0.748538
vt 0.731987 0.749760
vt 0.011862 0.665003
vt 0.009553 0.664460
vt 0.004928 0.661182
vt 0.005900 0.665206
vt 0.002967 0.663024
vt 0.004101 0.666087
vt 0.000832 0.665781
vt 0.003645 0.667472
vt 0.678443 0.691233
vt 0.672800 0.690781
vt 0.672080 0.695751
vt 0.677476 0.696508
vt 0.078687 0.674856
vt 0.074284 0.677573
vt 0.076776 0.681048
vt 0.080942 0.678207
vt 0.664648 0.681237
vt 0.659653 0.684287
vt 0.660873 0.690906
vt 0.667571 0.691085
vt 0.057502 0.688048
vt 0.059853 0.691199
vt 0.065256 0.687601
vt 0.063232 0.684808
vt 0.658053 0.703844
vt 0.656768 0.707000
vt 0.662509 0.707586
vt 0.663056 0.705102
vt 0.066963 0.690474
vt 0.069866 0.695642
vt 0.072823 0.693807
vt 0.072103 0.688983
vt 0.041409 0.708189
vt 0.042540 0.711822
vt 0.055867 0.704726
vt 0.053525 0.701075
vt 0.039229 0.708817
vt 0.038868 0.712871
vt 0.070362 0.685071
vt 0.067819 0.681496
vt 0.664267 0.702875
vt 0.659008 0.701524
vt 0.077253 0.692562
vt 0.075463 0.687488
vt 0.053301 0.690619
vt 0.055685 0.694241
vt 0.657114 0.712118
vt 0.661793 0.712740
vt 0.062350 0.694356
vt 0.065637 0.697240
vt 0.051292 0.697427
vt 0.048934 0.693687
vt 0.038198 0.701673
vt 0.040112 0.704766
vt 0.656172 0.732521
vt 0.660396 0.717786
vt 0.656199 0.717236
vt 0.652047 0.732014
vt 0.036617 0.702864
vt 0.038361 0.705612
vt 0.655276 0.736207
vt 0.651001 0.736077
vt 0.083548 0.682157
vt 0.079230 0.684984
vt 0.058240 0.697739
vt 0.668468 0.705671
vt 0.669405 0.703844
vt 0.659441 0.736872
vt 0.660321 0.733222
vt 0.664629 0.718432
vt 0.670884 0.700447
vt 0.666131 0.699594
vt 0.667484 0.708051
vt 0.060758 0.701525
vt 0.666178 0.713487
vt 0.672873 0.709329
vt 0.670686 0.714967
vt 0.073276 0.683480
vt 0.070632 0.679823
vt 0.660864 0.698726
vt 0.081963 0.690241
vt 0.667029 0.695342
vt 0.661208 0.695079
vt 0.087386 0.687352
vt 0.669241 0.719713
vt 0.663448 0.738560
vt 0.664659 0.734538
vt 0.652611 0.744355
vt 0.655120 0.743816
vt 0.657945 0.744241
vt 0.660751 0.745272
vt 0.654010 0.747271
vt 0.655281 0.746040
vt 0.657267 0.746880
vt 0.659711 0.747751
vt 0.656353 0.749106
vt 0.659162 0.750072
vt 0.033969 0.705190
vt 0.035067 0.706968
vt 0.035262 0.708928
vt 0.034213 0.710712
vt 0.031146 0.716217
vt 0.029998 0.712880
vt 0.027889 0.715496
vt 0.028668 0.712418
vt 0.025149 0.713858
vt 0.027586 0.711285
vt 0.026600 0.709961
vt 0.023416 0.711230
vt 0.674109 0.707105
vt 0.676076 0.701664
vt 0.674983 0.705330
vt 0.686267 0.692495
vt 0.682831 0.698393
vt 0.686843 0.702354
vt 0.689804 0.700508
vt 0.682067 0.713521
vt 0.682983 0.711324
vt 0.678947 0.709243
vt 0.677386 0.711026
vt 0.060087 0.676532
vt 0.057399 0.678315
vt 0.061213 0.682344
vt 0.064667 0.678769
vt 0.044356 0.686582
vt 0.032615 0.696329
vt 0.035554 0.699021
vt 0.046602 0.690233
vt 0.029774 0.699493
vt 0.033943 0.700741
vt 0.679811 0.707178
vt 0.684341 0.709434
vt 0.067321 0.676708
vt 0.063128 0.673186
vt 0.679166 0.718679
vt 0.674921 0.716634
vt 0.055077 0.680521
vt 0.055737 0.684647
vt 0.673014 0.738543
vt 0.677685 0.723463
vt 0.673547 0.721405
vt 0.669022 0.736526
vt 0.667500 0.740636
vt 0.671258 0.742884
vt 0.050975 0.687332
vt 0.680770 0.703549
vt 0.048664 0.683679
vt 0.685137 0.705759
vt 0.071145 0.674214
vt 0.067093 0.670493
vt 0.076131 0.671559
vt 0.663075 0.746845
vt 0.664889 0.748865
vt 0.661660 0.748352
vt 0.662041 0.750112
vt 0.032219 0.704168
vt 0.030075 0.704348
vt 0.023353 0.705170
vt 0.026210 0.707295
vt 0.022841 0.708273
vt 0.026099 0.708538
vt 0.720766 0.691413
vt 0.724029 0.690212
vt 0.723647 0.684717
vt 0.716175 0.682490
vt 0.737835 0.691693
vt 0.735475 0.690855
vt 0.734467 0.695748
vt 0.737500 0.697293
vt 0.761192 0.701157
vt 0.748416 0.695347
vt 0.747206 0.699676
vt 0.759920 0.705482
vt 0.047058 0.632716
vt 0.046068 0.638201
vt 0.050003 0.638246
vt 0.052017 0.634043
vt 0.015746 0.628902
vt 0.012757 0.631882
vt 0.017010 0.633489
vt 0.018305 0.629791
vt 0.732827 0.689472
vt 0.731557 0.695061
vt 0.055015 0.639682
vt 0.056273 0.634721
vt 0.742445 0.697906
vt 0.743870 0.693419
vt 0.041191 0.632789
vt 0.042042 0.637038
vt 0.765286 0.702867
vt 0.764267 0.707458
vt 0.047621 0.629544
vt 0.041377 0.628910
vt 0.031017 0.632081
vt 0.031828 0.627936
vt 0.019408 0.626291
vt 0.061555 0.635104
vt 0.060127 0.640527
vt 0.066779 0.639425
vt 0.067879 0.635205
vt 0.052954 0.630160
vt 0.036976 0.628307
vt 0.036389 0.632664
vt 0.017202 0.625788
vt 0.734207 0.684784
vt 0.736809 0.686141
vt 0.766448 0.698442
vt 0.762747 0.696827
vt 0.730046 0.682717
vt 0.728882 0.687375
vt 0.739015 0.687087
vt 0.030556 0.636213
vt 0.749928 0.691434
vt 0.036009 0.636974
vt 0.745254 0.689400
vt 0.727938 0.692507
vt 0.057099 0.630358
vt 0.725407 0.680117
vt 0.062428 0.630811
vt 0.719483 0.675707
vt 0.770760 0.707593
vt 0.770401 0.704414
vt 0.770407 0.700101
vt 0.774185 0.707402
vt 0.773646 0.704463
vt 0.774101 0.701215
vt 0.777274 0.706047
vt 0.776009 0.704398
vt 0.776985 0.702258
vt 0.779578 0.703580
vt 0.013578 0.624595
vt 0.012221 0.626501
vt 0.009948 0.627426
vt 0.006142 0.631408
vt 0.006441 0.627082
vt 0.003394 0.629525
vt 0.004577 0.626033
vt 0.001243 0.626826
vt 0.004039 0.624777
vt 0.000266 0.623426
vt 0.004036 0.622986
vt 0.728143 0.676221
vt 0.722921 0.671866
vt 0.068649 0.631130
vt 0.069063 0.626957
vt 0.062986 0.626524
vt 0.734996 0.666033
vt 0.728260 0.667403
vt 0.731760 0.672406
vt 0.736191 0.669399
vt 0.048110 0.626207
vt 0.041990 0.625188
vt 0.744545 0.674002
vt 0.741975 0.677389
vt 0.744457 0.678931
vt 0.747280 0.675160
vt 0.032489 0.623957
vt 0.019906 0.622728
vt 0.766955 0.688994
vt 0.769217 0.685325
vt 0.756224 0.679973
vt 0.754249 0.683616
vt 0.052210 0.618550
vt 0.048807 0.617855
vt 0.048368 0.623114
vt 0.053149 0.622675
vt 0.019443 0.615502
vt 0.015220 0.615711
vt 0.017141 0.619304
vt 0.019732 0.619179
vt 0.053353 0.626302
vt 0.739621 0.676261
vt 0.742963 0.672212
vt 0.057644 0.622121
vt 0.057074 0.617703
vt 0.037641 0.624317
vt 0.749367 0.681605
vt 0.751153 0.677935
vt 0.044791 0.618002
vt 0.042958 0.621781
vt 0.017679 0.622564
vt 0.770698 0.690531
vt 0.773394 0.687050
vt 0.032954 0.620172
vt 0.069188 0.622711
vt 0.063109 0.622100
vt 0.038370 0.620703
vt 0.739282 0.681381
vt 0.736829 0.680254
vt 0.768296 0.694252
vt 0.764753 0.692743
vt 0.736155 0.674921
vt 0.732688 0.678488
vt 0.741188 0.682539
vt 0.033197 0.616197
vt 0.751956 0.687367
vt 0.039009 0.616769
vt 0.747359 0.685377
vt 0.057549 0.626225
vt 0.739341 0.671194
vt 0.062378 0.617627
vt 0.069518 0.617842
vt 0.777447 0.691625
vt 0.774917 0.693631
vt 0.772609 0.696387
vt 0.777450 0.695671
vt 0.780208 0.694897
vt 0.775510 0.698144
vt 0.779085 0.697446
vt 0.781077 0.697223
vt 0.778225 0.699567
vt 0.780886 0.700351
vt 0.013885 0.622313
vt 0.013193 0.620333
vt 0.011364 0.619047
vt 0.009167 0.614175
vt 0.008008 0.618475
vt 0.005193 0.615573
vt 0.005842 0.618953
vt 0.003092 0.617137
vt 0.005006 0.619769
vt 0.000939 0.619781
vt 0.004399 0.621280
vt 0.766228 0.652013
vt 0.758754 0.654620
vt 0.759856 0.658007
vt 0.766507 0.655883
vt 0.060938 0.606288
vt 0.064718 0.603993
vt 0.061738 0.601172
vt 0.058048 0.604732
vt 0.044083 0.585545
vt 0.042068 0.584876
vt 0.042806 0.591578
vt 0.046483 0.590403
vt 0.746128 0.658378
vt 0.747519 0.663273
vt 0.749731 0.662143
vt 0.748747 0.658198
vt 0.755020 0.660299
vt 0.752608 0.656651
vt 0.052863 0.600602
vt 0.055076 0.597599
vt 0.050273 0.594381
vt 0.048102 0.596992
vt 0.037782 0.590435
vt 0.038538 0.592238
vt 0.052726 0.591703
vt 0.049101 0.588567
vt 0.075124 0.611598
vt 0.072185 0.613965
vt 0.081616 0.618112
vt 0.083464 0.615992
vt 0.063492 0.598956
vt 0.067140 0.601507
vt 0.057306 0.594593
vt 0.045834 0.584948
vt 0.747421 0.653961
vt 0.745103 0.653908
vt 0.766919 0.647605
vt 0.765110 0.648282
vt 0.768213 0.651486
vt 0.757593 0.650806
vt 0.751089 0.652873
vt 0.067594 0.612810
vt 0.072003 0.609360
vt 0.734529 0.659620
vt 0.734814 0.654952
vt 0.739096 0.663915
vt 0.074568 0.606472
vt 0.112768 0.659537
vt 0.112234 0.654176
vt 0.096756 0.657277
vt 0.097587 0.661885
vt 0.730525 0.659755
vt 0.731531 0.654518
vt 0.040181 0.583134
vt 0.035330 0.586544
vt 0.772292 0.649453
vt 0.770888 0.646279
vt 0.039134 0.581421
vt 0.034793 0.583088
vt 0.775368 0.647887
vt 0.774524 0.645132
vt 0.039122 0.580357
vt 0.035414 0.580573
vt 0.777242 0.646273
vt 0.777130 0.643775
vt 0.039869 0.579152
vt 0.035770 0.577749
vt 0.735404 0.650366
vt 0.732662 0.650087
vt 0.077619 0.608502
vt 0.079257 0.604964
vt 0.076215 0.603120
vt 0.083506 0.593291
vt 0.080488 0.591667
vt 0.078798 0.595327
vt 0.081838 0.596862
vt 0.054902 0.588859
vt 0.051046 0.586156
vt 0.059099 0.582502
vt 0.060948 0.578990
vt 0.053598 0.575372
vt 0.052918 0.579401
vt 0.066623 0.594550
vt 0.070103 0.595861
vt 0.070843 0.592520
vt 0.068766 0.590710
vt 0.046832 0.580028
vt 0.047448 0.581946
vt 0.052392 0.583178
vt 0.065210 0.596645
vt 0.068743 0.598629
vt 0.072253 0.588438
vt 0.069929 0.587096
vt 0.059597 0.591757
vt 0.067069 0.583645
vt 0.064232 0.586588
vt 0.056995 0.585704
vt 0.061825 0.589119
vt 0.047006 0.583632
vt 0.051643 0.574688
vt 0.086222 0.609034
vt 0.087354 0.604705
vt 0.080581 0.600937
vt 0.745409 0.644892
vt 0.743496 0.645287
vt 0.744321 0.649414
vt 0.746148 0.649195
vt 0.765736 0.643591
vt 0.764757 0.639597
vt 0.762866 0.640224
vt 0.763974 0.644256
vt 0.748828 0.644543
vt 0.750006 0.648901
vt 0.756514 0.646802
vt 0.755614 0.643059
vt 0.077546 0.599227
vt 0.736269 0.646318
vt 0.734001 0.646343
vt 0.044595 0.578018
vt 0.047291 0.572748
vt 0.769664 0.642550
vt 0.769350 0.638716
vt 0.043456 0.573067
vt 0.042810 0.577194
vt 0.773444 0.641188
vt 0.773048 0.637936
vt 0.041474 0.573927
vt 0.042033 0.577367
vt 0.776173 0.640178
vt 0.774977 0.637888
vt 0.038497 0.574616
vt 0.040927 0.578029
vt 0.690022 0.692242
vt 0.690376 0.700436
vt 0.719579 0.690869
vt 0.714347 0.684178
vt 0.733697 0.664936
vt 0.728535 0.661926
vt 0.736268 0.665758
vt 0.124400 0.640444
vt 0.118346 0.641372
vt 0.074658 0.667207
vt 0.073398 0.668604
vt 0.084718 0.663121
vt 0.082464 0.662367
vt 0.134544 0.667088
vt 0.137393 0.676897
vt 0.143983 0.671553
vt 0.139913 0.664928
vt 0.128078 0.662115
vt 0.128262 0.667983
vt 0.133645 0.661091
vt 0.121116 0.663365
vt 0.121310 0.668695
vt 0.100011 0.669195
vt 0.113373 0.664575
vt 0.111435 0.648249
vt 0.111026 0.642392
vt 0.094253 0.642941
vt 0.095283 0.652119
vt 0.131634 0.650265
vt 0.130668 0.645259
vt 0.083643 0.659976
vt 0.084002 0.655796
vt 0.081095 0.619940
vt 0.079408 0.618603
vt 0.072191 0.616287
vt 0.081849 0.627030
vt 0.081571 0.623073
vt 0.110732 0.636924
vt 0.094299 0.638608
vt 0.094378 0.618034
vt 0.093328 0.615141
vt 0.088927 0.614260
vt 0.088262 0.617169
vt 0.085013 0.612810
vt 0.168365 0.619390
vt 0.163611 0.620145
vt 0.163995 0.624273
vt 0.168485 0.626614
vt 0.088256 0.668852
vt 0.086415 0.665569
vt 0.067863 0.640878
vt 0.080546 0.640963
vt 0.077828 0.639976
vt 0.089437 0.659585
vt 0.089734 0.654275
vt 0.678174 0.601765
vt 0.672907 0.587139
vt 0.081827 0.631073
vt 0.092503 0.629205
vt 0.094047 0.626086
vt 0.087779 0.624028
vt 0.087330 0.627885
vt 0.094271 0.678595
vt 0.092072 0.675404
vt 0.153919 0.615779
vt 0.154226 0.610210
vt 0.144465 0.609640
vt 0.090005 0.672131
vt 0.128258 0.629716
vt 0.129084 0.634804
vt 0.091417 0.663282
vt 0.082063 0.644106
vt 0.092669 0.666773
vt 0.648415 0.638401
vt 0.645023 0.634273
vt 0.638119 0.642426
vt 0.639787 0.648334
vt 0.699880 0.596141
vt 0.704962 0.593999
vt 0.701107 0.582900
vt 0.695188 0.584600
vt 0.088864 0.600524
vt 0.093894 0.669558
vt 0.154089 0.621142
vt 0.133541 0.608837
vt 0.132962 0.614676
vt 0.138967 0.609345
vt 0.127565 0.619228
vt 0.127648 0.614164
vt 0.109794 0.614214
vt 0.109831 0.608164
vt 0.096377 0.608332
vt 0.091706 0.606432
vt 0.089963 0.610538
vt 0.093786 0.612074
vt 0.095967 0.672369
vt 0.098040 0.675645
vt 0.675429 0.615246
vt 0.679242 0.614280
vt 0.671760 0.601503
vt 0.664229 0.600550
vt 0.139301 0.640104
vt 0.682982 0.682318
vt 0.686955 0.682472
vt 0.690422 0.681329
vt 0.695162 0.679286
vt 0.677198 0.681425
vt 0.704473 0.674638
vt 0.700220 0.677040
vt 0.712999 0.666622
vt 0.709850 0.670019
vt 0.707283 0.672689
vt 0.722057 0.660289
vt 0.717806 0.663487
vt 0.644175 0.664001
vt 0.638838 0.659610
vt 0.635361 0.664252
vt 0.641468 0.668496
vt 0.724651 0.657615
vt 0.645534 0.673244
vt 0.648937 0.667414
vt 0.671117 0.680971
vt 0.646538 0.659403
vt 0.648848 0.654902
vt 0.090373 0.596841
vt 0.652795 0.661803
vt 0.648476 0.675079
vt 0.651378 0.669305
vt 0.137928 0.625311
vt 0.660311 0.676037
vt 0.654510 0.671624
vt 0.132810 0.624610
vt 0.132749 0.619602
vt 0.079928 0.638122
vt 0.129797 0.639952
vt 0.135703 0.644864
vt 0.134924 0.639885
vt 0.665243 0.677451
vt 0.662163 0.677570
vt 0.660783 0.679757
vt 0.670341 0.677170
vt 0.163725 0.675283
vt 0.170662 0.682989
vt 0.676530 0.677528
vt 0.097858 0.667506
vt 0.097063 0.665265
vt 0.133283 0.629945
vt 0.134174 0.635079
vt 0.697756 0.619502
vt 0.704111 0.622671
vt 0.702205 0.617234
vt 0.683611 0.673106
vt 0.676675 0.660339
vt 0.670339 0.662657
vt 0.676113 0.673260
vt 0.100794 0.683792
vt 0.099713 0.679606
vt 0.096038 0.681502
vt 0.096872 0.685212
vt 0.669551 0.673455
vt 0.663939 0.674183
vt 0.726101 0.645165
vt 0.728829 0.641465
vt 0.098318 0.602738
vt 0.099451 0.597348
vt 0.094244 0.597559
vt 0.093217 0.602018
vt 0.136563 0.649671
vt 0.110382 0.631678
vt 0.093805 0.634511
vt 0.110099 0.619884
vt 0.094257 0.621756
vt 0.145115 0.603472
vt 0.139795 0.603002
vt 0.145416 0.683761
vt 0.149771 0.677643
vt 0.093588 0.649238
vt 0.089184 0.650419
vt 0.114217 0.669126
vt 0.102437 0.673220
vt 0.110953 0.601008
vt 0.112067 0.595132
vt 0.639167 0.653969
vt 0.650750 0.650181
vt 0.651329 0.646133
vt 0.683614 0.634552
vt 0.681623 0.628455
vt 0.678255 0.632029
vt 0.680612 0.639029
vt 0.640006 0.679762
vt 0.637253 0.672280
vt 0.663429 0.664716
vt 0.658430 0.667741
vt 0.129871 0.595358
vt 0.128891 0.601486
vt 0.137384 0.654751
vt 0.132556 0.655538
vt 0.727919 0.647342
vt 0.730048 0.643974
vt 0.707341 0.614412
vt 0.709148 0.619724
vt 0.714069 0.616969
vt 0.712385 0.611669
vt 0.723774 0.649033
vt 0.165872 0.612926
vt 0.162407 0.616455
vt 0.722155 0.653063
vt 0.718930 0.657181
vt 0.721960 0.655963
vt 0.726427 0.651013
vt 0.170360 0.698253
vt 0.164047 0.691391
vt 0.159865 0.696101
vt 0.165691 0.702553
vt 0.661465 0.660688
vt 0.655585 0.664955
vt 0.083641 0.651637
vt 0.071214 0.655247
vt 0.714826 0.660008
vt 0.151265 0.660926
vt 0.160756 0.649109
vt 0.666341 0.612054
vt 0.672727 0.618345
vt 0.710567 0.663289
vt 0.707343 0.667175
vt 0.703088 0.670316
vt 0.705943 0.669998
vt 0.134495 0.602435
vt 0.135690 0.596382
vt 0.698564 0.672334
vt 0.128129 0.608173
vt 0.645085 0.680609
vt 0.658161 0.626530
vt 0.652996 0.621497
vt 0.650533 0.626284
vt 0.655162 0.631047
vt 0.155554 0.701148
vt 0.160658 0.706616
vt 0.119656 0.730959
vt 0.122549 0.735069
vt 0.138052 0.724464
vt 0.135652 0.719407
vt 0.132356 0.714149
vt 0.146865 0.709441
vt 0.142668 0.704638
vt 0.116425 0.727327
vt 0.622469 0.640674
vt 0.622198 0.646187
vt 0.115500 0.733840
vt 0.117369 0.738786
vt 0.695664 0.640704
vt 0.700045 0.637894
vt 0.658175 0.635958
vt 0.650591 0.642114
vt 0.690862 0.643264
vt 0.685134 0.645002
vt 0.679548 0.650234
vt 0.682995 0.657021
vt 0.673970 0.654099
vt 0.668399 0.657438
vt 0.113114 0.729783
vt 0.616501 0.644898
vt 0.616661 0.639066
vt 0.114636 0.674069
vt 0.113485 0.679856
vt 0.118466 0.681005
vt 0.120703 0.674663
vt 0.120762 0.658078
vt 0.616072 0.650796
vt 0.621332 0.652071
vt 0.602706 0.639238
vt 0.603627 0.643618
vt 0.604040 0.648469
vt 0.597526 0.641973
vt 0.599299 0.644557
vt 0.599539 0.648196
vt 0.594956 0.644396
vt 0.596652 0.645691
vt 0.596221 0.648345
vt 0.110040 0.626186
vt 0.593648 0.647841
vt 0.105868 0.734344
vt 0.107024 0.737020
vt 0.106084 0.739482
vt 0.105652 0.745651
vt 0.103291 0.741809
vt 0.100206 0.746852
vt 0.100679 0.742515
vt 0.096907 0.745638
vt 0.098869 0.741895
vt 0.097172 0.740623
vt 0.093852 0.743511
vt 0.717942 0.626252
vt 0.713444 0.629295
vt 0.704207 0.635207
vt 0.708675 0.632503
vt 0.659781 0.641119
vt 0.138059 0.659602
vt 0.119052 0.703624
vt 0.105577 0.716657
vt 0.109248 0.720085
vt 0.123654 0.706468
vt 0.128344 0.709565
vt 0.112947 0.723835
vt 0.633008 0.668875
vt 0.618073 0.661491
vt 0.616250 0.665937
vt 0.101972 0.720596
vt 0.106117 0.723139
vt 0.137174 0.700470
vt 0.130455 0.696695
vt 0.619868 0.656809
vt 0.614695 0.655612
vt 0.612846 0.660356
vt 0.109844 0.726314
vt 0.611066 0.665324
vt 0.601945 0.657311
vt 0.599333 0.660602
vt 0.603300 0.653221
vt 0.598331 0.655637
vt 0.596347 0.657551
vt 0.599109 0.652462
vt 0.596059 0.654414
vt 0.594182 0.655161
vt 0.596047 0.651939
vt 0.593326 0.651729
vt 0.103814 0.731995
vt 0.101284 0.730511
vt 0.098800 0.731176
vt 0.094161 0.730073
vt 0.096171 0.733375
vt 0.091766 0.733465
vt 0.094966 0.735510
vt 0.091364 0.736589
vt 0.094984 0.737023
vt 0.091828 0.740120
vt 0.095765 0.738977
vt 0.148168 0.666709
vt 0.153741 0.672781
vt 0.690540 0.669855
vt 0.693504 0.674934
vt 0.127550 0.675333
vt 0.157135 0.685153
vt 0.160175 0.679545
vt 0.124324 0.683445
vt 0.134567 0.686132
vt 0.150577 0.714929
vt 0.682612 0.678557
vt 0.167705 0.686999
vt 0.683983 0.612898
vt 0.689304 0.611515
vt 0.142148 0.690327
vt 0.725908 0.654621
vt 0.154880 0.598864
vt 0.154588 0.604479
vt 0.166090 0.605443
vt 0.166531 0.598986
vt 0.686937 0.631617
vt 0.689053 0.637056
vt 0.693381 0.634991
vt 0.691144 0.629294
vt 0.686087 0.679569
vt 0.174580 0.694218
vt 0.661246 0.621632
vt 0.655137 0.616336
vt 0.153001 0.690273
vt 0.149381 0.696006
vt 0.181027 0.682403
vt 0.188703 0.671682
vt 0.663869 0.637326
vt 0.164927 0.658445
vt 0.157064 0.667527
vt 0.123779 0.694809
vt 0.669701 0.639558
vt 0.668193 0.633162
vt 0.688708 0.677791
vt 0.671190 0.646693
vt 0.706286 0.627922
vt 0.665552 0.627220
vt 0.661684 0.631778
vt 0.104689 0.682000
vt 0.103980 0.677673
vt 0.676231 0.643092
vt 0.674194 0.635776
vt 0.694650 0.598269
vt 0.689594 0.585847
vt 0.664263 0.616626
vt 0.657128 0.611454
vt 0.140700 0.597154
vt 0.145752 0.597852
vt 0.704155 0.604855
vt 0.708680 0.602364
vt 0.087385 0.631747
vt 0.092530 0.632011
vt 0.669552 0.622473
vt 0.093248 0.646375
vt 0.088580 0.642924
vt 0.088710 0.646986
vt 0.127762 0.624362
vt 0.672491 0.629003
vt 0.666730 0.586612
vt 0.711139 0.624854
vt 0.715816 0.621973
vt 0.693424 0.621480
vt 0.696028 0.614377
vt 0.691370 0.616115
vt 0.676358 0.625211
vt 0.700750 0.612198
vt 0.694417 0.609798
vt 0.705717 0.609575
vt 0.710717 0.606997
vt 0.679473 0.622039
vt 0.682360 0.619780
vt 0.688840 0.623276
vt 0.686491 0.617771
vt 0.685762 0.638825
vt 0.699504 0.607409
vt 0.684767 0.625615
vt 0.171769 0.635405
vt 0.086437 0.638947
vt 0.087222 0.635043
vt 0.081312 0.634832
vt 0.082972 0.647983
vt 0.070235 0.651292
vt 0.177424 0.690664
vt 0.127463 0.656726
vt 0.086610 0.619900
vt 0.174599 0.643488
vt 0.177761 0.651323
vt 0.655457 0.597720
vt 0.657965 0.607171
vt 0.657826 0.682872
vt 0.659801 0.585612
vt 0.652141 0.583947
vt 0.007441 0.670171
vt 0.007061 0.668432
vt 0.007693 0.671589
vt 0.012329 0.669223
vt 0.011863 0.667337
vt 0.012362 0.670646
vt 0.010532 0.669577
vt 0.010108 0.667707
vt 0.010860 0.671122
vt 0.006678 0.666965
vt 0.011243 0.666114
vt 0.009709 0.666222
vt 0.032518 0.708216
vt 0.031655 0.706774
vt 0.033193 0.709439
vt 0.032973 0.705998
vt 0.033839 0.707443
vt 0.034242 0.708610
vt 0.030814 0.705646
vt 0.032059 0.705117
vt 0.007352 0.625249
vt 0.007771 0.623696
vt 0.012128 0.624215
vt 0.011582 0.625539
vt 0.010531 0.624057
vt 0.010142 0.625661
vt 0.008069 0.621870
vt 0.008147 0.620256
vt 0.012403 0.622356
vt 0.012280 0.621035
vt 0.010823 0.622117
vt 0.010914 0.620604
vt 0.042388 0.581535
vt 0.041407 0.582347
vt 0.045072 0.584078
vt 0.044086 0.584645
vt 0.044072 0.583154
vt 0.043029 0.583918
vt 0.043418 0.580452
vt 0.044111 0.579433
vt 0.046627 0.582077
vt 0.046092 0.583012
vt 0.045159 0.582032
vt 0.045937 0.581046
vt 0.101931 0.739834
vt 0.100549 0.738335
vt 0.104448 0.735073
vt 0.105538 0.736678
vt 0.102995 0.736275
vt 0.104393 0.737906
vt 0.099032 0.736469
vt 0.097662 0.734793
vt 0.102768 0.733061
vt 0.101295 0.731689
vt 0.101295 0.734268
vt 0.099825 0.732671
vt 0.216671 0.030896
vt 0.228594 0.038029
vt 0.281337 0.068745
vt 0.268025 0.063006
vt 0.202992 0.024526
vt 0.364318 0.090520
vt 0.354037 0.089844
vt 0.191196 0.018529
vt 0.182237 0.013054
vt 0.562754 0.006168
vt 0.175388 0.006915
vt 0.241243 0.044902
vt 0.255122 0.054639
vt 0.343648 0.088200
vt 0.333323 0.083833
vt 0.294666 0.073254
vt 0.320342 0.079142
vt 0.307212 0.076160
vt 0.502659 0.042632
vt 0.514944 0.035801
vt 0.461784 0.066107
vt 0.448102 0.071257
vt 0.528966 0.029774
vt 0.374615 0.090089
vt 0.550272 0.018848
vt 0.541060 0.024079
vt 0.385044 0.088692
vt 0.557378 0.012911
vt 0.475203 0.058326
vt 0.489633 0.049127
vt 0.395503 0.084591
vt 0.434526 0.075239
vt 0.408629 0.080275
vt 0.421856 0.077710
vn -0.959940 0.257663 -0.110111
vn -0.959437 0.269441 -0.082955
vn -0.958763 0.256486 0.122424
vn -0.967657 0.225925 0.112243
vn -0.945989 0.179412 0.270031
vn -0.803133 0.196823 0.562351
vn -0.831783 0.188933 0.521959
vn -0.959674 0.173307 0.221338
vn -0.964868 0.178084 0.193175
vn -0.985327 0.150324 -0.080829
vn -0.988139 0.152930 -0.013946
vn -0.481332 -0.159392 -0.861924
vn -0.778983 -0.034385 -0.626102
vn -0.713883 -0.015926 -0.700084
vn -0.416886 -0.124255 -0.900426
vn -0.458771 0.181140 0.869895
vn -0.022724 0.114467 0.993167
vn -0.062868 0.105632 0.992416
vn -0.498696 0.172323 0.849474
vn 0.223581 -0.305672 -0.925514
vn 0.504135 -0.359290 -0.785340
vn 0.437881 -0.408845 -0.800691
vn 0.151705 -0.348168 -0.925075
vn 0.591769 -0.141290 0.793629
vn 0.393450 -0.044292 0.918278
vn 0.466163 -0.051806 0.883181
vn 0.652621 -0.159340 0.740740
vn 0.209473 0.033007 0.977257
vn 0.340706 0.006165 0.940150
vn 0.170311 0.080500 0.982097
vn 0.904575 -0.393123 -0.164917
vn 0.904823 -0.339791 0.256588
vn 0.903744 -0.380567 0.196001
vn 0.871168 -0.448783 -0.199147
vn 0.808105 -0.271773 0.522595
vn 0.774391 -0.245106 0.583303
vn -0.983341 0.155312 0.094439
vn -0.921476 0.212416 0.325210
vn -0.987104 0.153063 0.046883
vn 0.266674 0.037655 0.963051
vn -0.886285 0.089904 -0.454330
vn -0.835412 0.105433 -0.539417
vn -0.576166 0.034012 -0.816625
vn -0.645092 0.008198 -0.764061
vn -0.962933 0.209934 0.169376
vn -0.973429 0.165889 -0.157850
vn -0.926298 0.084704 -0.367147
vn -0.956742 0.077392 -0.280456
vn 0.537814 -0.093056 0.837912
vn 0.748777 -0.202904 0.631001
vn -0.834896 0.209455 0.508996
vn -0.503517 0.205312 0.839237
vn 0.464473 -0.036695 0.884827
vn 0.274475 0.074330 0.958717
vn -0.078863 0.146616 0.986045
vn -0.073881 0.209743 0.974961
vn -0.494259 0.261505 0.829050
vn -0.357564 -0.076368 -0.930761
vn 0.281249 -0.247542 -0.927158
vn 0.573495 -0.297147 -0.763418
vn -0.893236 0.286469 -0.346505
vn -0.908449 0.269455 -0.319554
vn -0.835094 0.195758 0.514099
vn -0.818102 0.182699 0.545280
vn -0.926365 0.205321 0.315740
vn -0.923420 0.233509 0.304580
vn -0.370802 0.042212 0.927752
vn -0.633824 0.134326 0.761725
vn -0.646138 0.123382 0.753182
vn -0.381874 0.022655 0.923937
vn -0.980935 0.159145 0.111529
vn -0.903730 0.230053 0.361038
vn 0.753157 -0.179633 0.632841
vn 0.601582 -0.062125 0.796392
vn 0.703445 -0.087197 0.705381
vn 0.822994 -0.203674 0.530281
vn -0.143828 0.028696 -0.989187
vn -0.134004 0.079749 -0.987767
vn 0.216423 -0.065382 -0.974108
vn 0.203555 -0.102690 -0.973663
vn 0.264576 -0.156062 0.951653
vn -0.056941 -0.061512 0.996481
vn -0.082124 -0.079905 0.993414
vn 0.248992 -0.186772 0.950326
vn 0.934354 -0.324328 -0.147626
vn 0.913088 -0.288719 0.287944
vn 0.818941 -0.291641 -0.494248
vn 0.942406 -0.299848 -0.148194
vn 0.795661 -0.318929 -0.514984
vn 0.912814 -0.266261 0.309639
vn 0.864843 -0.295593 0.405797
vn 0.912650 -0.399551 0.086194
vn 0.707450 -0.165060 0.687218
vn 0.846904 -0.460241 -0.266331
vn -0.729646 0.252356 0.635558
vn -0.866778 -0.029218 -0.497837
vn -0.982079 0.076269 -0.172349
vn 0.745219 -0.391412 -0.539857
vn -0.608310 -0.146014 -0.780153
vn 0.394226 -0.414843 -0.820056
vn 0.064625 -0.335388 -0.939861
vn -0.340461 0.231866 0.911222
vn -0.266128 -0.251293 -0.930606
vn -0.143116 -0.271699 -0.951681
vn 0.384664 0.052538 0.921560
vn 0.080980 0.151916 0.985071
vn 0.137059 0.151354 0.978931
vn -0.825783 0.254043 0.503532
vn -0.473000 0.141085 -0.869693
vn -0.454898 0.201671 -0.867408
vn -0.751422 0.229731 -0.618538
vn -0.734344 0.277124 -0.619630
vn -0.027221 -0.171456 -0.984816
vn -0.315945 -0.037581 -0.948033
vn -0.011291 -0.136420 -0.990587
vn 0.309235 -0.223316 -0.924394
vn 0.611450 -0.273916 -0.742360
vn -0.001266 -0.313362 -0.949633
vn -0.368613 -0.205897 -0.906494
vn 0.870557 -0.320939 -0.373001
vn 0.845291 -0.380990 -0.374606
vn 0.577467 -0.252619 -0.776348
vn 0.600532 -0.214025 -0.770425
vn -0.076253 -0.229829 -0.970239
vn 0.570871 -0.288467 0.768696
vn 0.763217 -0.347539 0.544717
vn 0.772248 -0.304087 0.557821
vn 0.584174 -0.247594 0.772941
vn 0.646525 -0.464258 -0.605368
vn 0.356456 -0.409496 -0.839793
vn 0.670997 -0.463904 -0.578408
vn 0.844761 -0.356493 0.399113
vn 0.831943 -0.416028 0.367139
vn 0.898002 -0.436374 0.056298
vn 0.928636 -0.365820 0.061731
vn 0.495237 0.042738 0.867706
vn 0.909732 -0.415070 -0.010214
vn 0.823019 -0.466415 -0.324188
vn -0.660952 0.283077 0.694989
vn -0.231345 0.257815 0.938089
vn 0.901514 -0.317404 0.294156
vn 0.183639 0.164558 0.969122
vn -0.989633 0.088012 -0.113495
vn -0.706592 -0.095804 -0.701106
vn -0.916642 0.002905 -0.399699
vn 0.696312 -0.451632 -0.557834
vn 0.799257 -0.375372 0.469344
vn 0.795356 -0.328325 0.509521
vn -0.978006 0.192270 0.080850
vn -0.989433 0.141523 0.031530
vn -0.957680 0.179570 -0.224953
vn -0.958441 0.230183 -0.168540
vn -0.957608 0.069641 -0.279531
vn -0.948524 0.013103 -0.316434
vn -0.811239 0.030476 -0.583920
vn -0.839664 0.098495 -0.534101
vn -0.211489 0.032640 -0.976835
vn -0.418876 0.089216 -0.903650
vn -0.367151 0.177013 -0.913163
vn -0.239238 0.010915 -0.970900
vn -0.704877 0.183220 -0.685258
vn -0.599047 0.360240 -0.715101
vn -0.900038 0.237157 -0.365633
vn -0.796538 0.459000 -0.393505
vn -0.966102 0.253208 -0.050334
vn -0.873806 0.483676 -0.050204
vn -0.936231 0.228090 0.267296
vn -0.847484 0.455492 0.272578
vn -0.830715 0.160234 0.533140
vn -0.754536 0.374473 0.538930
vn -0.665189 0.065459 0.743801
vn -0.624767 0.246152 0.740996
vn 0.342601 -0.131967 0.930166
vn 0.369991 -0.328871 0.868879
vn 0.079761 -0.376568 0.922949
vn 0.068734 -0.139131 0.987886
vn 0.992127 -0.086096 0.090943
vn 0.910527 -0.146981 0.386441
vn 0.892217 -0.219421 0.394720
vn 0.978072 -0.194329 0.074905
vn 0.745737 -0.205918 0.633620
vn 0.756553 -0.206770 0.620382
vn 0.797423 -0.226045 0.559483
vn 0.811344 -0.183098 0.555154
vn -0.257633 -0.313651 0.913919
vn -0.325893 -0.292304 0.899084
vn -0.656318 -0.146917 0.740042
vn -0.616001 -0.191098 0.764215
vn -0.533911 -0.032861 0.844902
vn -0.535693 0.129129 0.834481
vn -0.956220 0.081456 0.281083
vn -0.935837 0.149508 0.319149
vn -0.809035 0.103558 0.578565
vn -0.828140 -0.006643 0.560483
vn -0.594548 0.611486 0.522110
vn -0.408113 0.768058 0.493489
vn -0.470667 0.851934 0.229525
vn -0.676737 0.686656 0.265576
vn -0.040265 -0.471803 0.880784
vn 0.594175 -0.449794 0.666814
vn 0.616804 -0.303640 0.726193
vn -0.105962 -0.677801 0.727570
vn 0.342951 -0.533008 0.773490
vn 0.744088 0.409665 0.527738
vn -0.652482 0.653932 -0.382935
vn -0.766983 0.414456 -0.489861
vn 0.417162 0.902111 0.110325
vn -0.560381 0.775848 -0.289884
vn 0.314194 0.941310 0.123358
vn -0.435143 0.899235 0.045020
vn -0.497822 0.844778 -0.196271
vn 0.281532 0.959285 0.022653
vn -0.575413 -0.095649 0.812251
vn -0.601356 0.069014 0.795995
vn -0.321267 0.031417 0.946468
vn -0.246499 -0.138921 0.959135
vn -0.853132 0.201584 -0.481176
vn -0.872323 0.262556 -0.412453
vn 0.307823 0.038397 -0.950668
vn -0.080479 0.128304 -0.988464
vn -0.032754 0.132494 -0.990642
vn 0.368345 0.094441 -0.924880
vn -0.292235 0.558241 -0.776509
vn -0.463381 0.474794 -0.748230
vn -0.626654 0.646128 -0.435688
vn -0.402304 0.772057 -0.492015
vn 0.614876 -0.248483 0.748455
vn 0.614369 -0.163122 0.771973
vn -0.482251 0.869368 -0.107857
vn -0.705581 0.705545 -0.066046
vn 0.028963 0.114300 -0.993024
vn 0.413254 0.099985 -0.905110
vn 0.323409 0.006697 -0.946236
vn 0.021917 0.047773 -0.998618
vn -0.082234 -0.038764 -0.995859
vn -0.131896 -0.181677 -0.974473
vn -0.353993 -0.185934 -0.916579
vn -0.232413 -0.101808 -0.967274
vn -0.328320 -0.093117 -0.939966
vn -0.429681 -0.137587 -0.892437
vn 0.798036 0.087478 -0.596227
vn 0.753595 0.041342 -0.656038
vn 0.248723 -0.026931 -0.968200
vn -0.121478 0.104122 -0.987118
vn -0.565928 0.065166 -0.821875
vn -0.627154 0.117797 -0.769936
vn -0.999228 0.035287 -0.017288
vn -0.999076 -0.004203 -0.042777
vn -0.257320 0.299175 -0.918848
vn -0.324549 0.235917 -0.915976
vn 0.818953 -0.242861 0.519938
vn 0.921595 -0.130276 0.365637
vn -0.860332 -0.066656 0.505358
vn 0.293307 -0.114384 0.949151
vn -0.006920 -0.031565 0.999478
vn -0.284541 0.083902 -0.954985
vn -0.281640 0.025630 -0.959178
vn -0.435127 0.213137 -0.874779
vn -0.700549 0.270624 -0.660298
vn -0.663178 0.207761 -0.719048
vn -0.403659 0.188152 -0.895354
vn -0.814373 0.555525 0.167891
vn -0.580310 0.794718 0.177942
vn 0.379622 0.902370 0.204000
vn 0.487694 0.837564 -0.246253
vn -0.355322 0.135128 -0.924925
vn 0.895019 -0.261808 -0.361107
vn 0.636209 -0.161444 -0.754436
vn 0.597178 -0.205811 0.775255
vn 0.766688 -0.264057 0.585204
vn 0.949935 -0.306571 0.060309
vn 0.859169 -0.311779 0.405737
vn -0.110217 0.625913 -0.772065
vn -0.042735 0.683556 -0.728646
vn -0.093373 0.824117 -0.558671
vn -0.209301 0.748149 -0.629656
vn -0.999220 0.011015 0.037925
vn -0.778138 -0.322902 0.538735
vn -0.945047 0.138527 -0.296135
vn 0.966047 0.074760 -0.247316
vn -0.950987 0.135076 -0.278171
vn -0.783547 -0.047131 -0.619542
vn -0.619200 -0.147452 -0.771264
vn -0.600924 -0.121243 -0.790057
vn 0.961007 -0.019669 -0.275824
vn 0.935216 -0.142269 -0.324238
vn 0.698326 -0.058907 -0.713352
vn -0.357070 0.622042 0.696825
vn -0.512641 0.468354 0.719614
vn -0.466486 0.328850 0.821127
vn -0.338183 0.509563 0.791188
vn 0.787792 -0.293263 0.541647
vn -0.969725 -0.000360 0.244201
vn -0.970977 -0.029280 0.237374
vn -0.873229 -0.064372 0.483040
vn -0.545118 -0.359690 0.757278
vn -0.378493 -0.281991 0.881603
vn -0.286068 0.100211 -0.952955
vn -0.563678 0.448566 0.693582
vn -0.539698 0.353706 0.763949
vn -0.677285 0.129711 0.724196
vn -0.746635 0.238174 0.621136
vn 0.997382 0.004768 0.072160
vn -0.498073 0.299806 0.813658
vn -0.368698 0.536177 0.759326
vn -0.371067 0.475526 0.797611
vn 0.727059 -0.346382 0.592794
vn -0.903575 0.005989 0.428387
vn -0.715542 -0.132174 0.685952
vn -0.373696 -0.095911 -0.922579
vn -0.278463 -0.149878 -0.948681
vn -0.368145 -0.151263 -0.917382
vn -0.466586 -0.113698 -0.877137
vn -0.541895 -0.101061 0.834348
vn -0.570525 0.082927 0.817083
vn -0.937176 0.081300 0.339252
vn -0.232213 0.070688 -0.970093
vn -0.455305 -0.168128 0.874317
vn -0.187309 0.669124 0.719158
vn -0.234696 0.595920 0.767982
vn -0.188464 0.629553 0.753753
vn -0.181744 0.681886 0.708520
vn -0.181169 0.758317 0.626206
vn -0.125986 0.857164 0.499396
vn -0.237655 0.905989 0.350292
vn -0.116892 0.181107 -0.976492
vn -0.101308 0.312878 -0.944375
vn -0.019946 0.276370 -0.960844
vn -0.036886 0.203817 -0.978314
vn -0.005225 0.551501 -0.834158
vn -0.036257 0.519815 -0.853509
vn -0.274521 0.949750 0.150380
vn -0.007985 0.418959 -0.907970
vn 0.000621 0.388480 -0.921457
vn -0.144079 0.142727 -0.979219
vn -0.264776 0.058898 -0.962510
vn -0.225461 0.136178 -0.964688
vn -0.317467 0.004149 -0.948260
vn -0.188519 0.075619 -0.979154
vn -0.290347 0.942659 -0.164597
vn -0.231066 0.806863 -0.543674
vn -0.076229 0.699463 0.710591
vn 0.041544 0.847121 0.529774
vn 0.043809 0.863549 0.502358
vn 0.023185 0.770999 0.636414
vn 0.038245 0.791906 0.609444
vn -0.094921 0.671078 -0.735286
vn -0.132077 0.832820 -0.537557
vn -0.345550 0.631983 0.693680
vn -0.185382 0.334169 -0.924102
vn -0.522482 0.490913 0.697149
vn -0.310712 0.707187 0.635094
vn -0.043391 0.946051 0.321098
vn -0.111284 0.987112 0.115006
vn -0.168633 0.576198 -0.799724
vn -0.153709 0.968680 -0.195019
vn -0.057753 0.553949 -0.830545
vn -0.086740 0.454616 -0.886454
vn -0.077021 0.152990 -0.985222
vn -0.019088 0.917243 0.397871
vn -0.100675 0.983770 0.148533
vn 0.011331 0.254557 -0.966991
vn 0.002742 0.208309 -0.978059
vn -0.334083 -0.029344 -0.942087
vn -0.396430 -0.067442 -0.915585
vn -0.259449 -0.043478 -0.964778
vn -0.143841 0.057368 -0.987936
vn -0.114286 0.003835 -0.993440
vn -0.204362 -0.110658 -0.972621
vn -0.037221 0.134331 -0.990237
vn -0.134785 0.961357 -0.240052
vn -0.177906 0.798350 0.575314
vn -0.139787 0.734155 0.664436
vn -0.771130 0.249280 0.585848
vn -0.673698 -0.063891 0.736240
vn -0.864520 -0.002781 0.502591
vn -0.968342 0.040524 0.246317
vn -0.996573 0.062957 -0.053661
vn -0.938196 0.063903 -0.340154
vn -0.768323 0.052361 -0.637917
vn -0.488482 0.052203 -0.871011
vn -0.022391 0.712976 0.700831
vn -0.056645 0.806118 0.589037
vn -0.005026 0.746982 0.664826
vn -0.095822 0.789455 0.606283
vn -0.912484 0.226844 -0.340463
vn -0.820434 0.242516 -0.517759
vn -0.646535 0.127545 -0.752146
vn -0.706543 0.131536 -0.695339
vn -0.919868 0.383731 0.081195
vn -0.946170 0.308023 0.099419
vn -0.935905 0.316043 -0.155558
vn -0.886755 0.390885 -0.246727
vn 0.825989 -0.301912 -0.476015
vn 0.636567 -0.295912 -0.712193
vn 0.656448 -0.308582 -0.688370
vn 0.840972 -0.284820 -0.460047
vn -0.875280 0.266496 -0.403566
vn -0.800724 0.320458 -0.506110
vn -0.658799 0.237842 -0.713733
vn -0.855249 0.368667 -0.364189
vn -0.810055 0.359573 -0.463161
vn -0.685055 0.288489 -0.668935
vn 0.366356 -0.001745 0.930473
vn 0.168038 0.122411 0.978151
vn -0.889719 0.304737 0.339906
vn -0.909747 0.389520 0.143646
vn -0.827170 0.338207 0.448781
vn -0.931013 0.345400 0.117959
vn -0.801239 0.359448 0.478345
vn -0.841666 0.163071 0.514787
vn -0.846595 0.173618 0.503124
vn -0.926836 0.224098 0.301255
vn -0.918346 0.243862 0.311725
vn -0.656357 0.082992 0.749872
vn -0.664953 0.057807 0.744645
vn -0.431444 0.128822 -0.892895
vn -0.500825 0.184914 -0.845566
vn -0.329488 0.082786 -0.940524
vn -0.288784 0.054544 -0.955839
vn -0.459215 0.120520 -0.880112
vn -0.413193 0.115238 -0.903323
vn -0.631326 0.224381 -0.742348
vn -0.705898 0.198790 -0.679846
vn -0.497730 0.058266 -0.865373
vn -0.475583 0.057317 -0.877802
vn -0.365440 0.030229 -0.930344
vn -0.349666 -0.021934 -0.936618
vn -0.157967 0.006559 -0.987423
vn -0.161310 0.023631 -0.986621
vn 0.191361 -0.127649 -0.973184
vn 0.196669 -0.151722 -0.968660
vn -0.343852 0.049702 -0.937708
vn -0.449913 0.056334 -0.891294
vn 0.083430 0.203317 0.975552
vn -0.960390 0.258295 -0.104566
vn -0.909848 0.237868 -0.339993
vn -0.745490 0.182449 -0.641060
vn -0.481267 0.098784 -0.870990
vn -0.388867 -0.018660 0.921105
vn 0.810785 -0.474831 -0.342292
vn 0.830184 -0.431747 -0.352689
vn 0.873776 -0.481803 0.066194
vn 0.864329 -0.500845 0.045713
vn 0.190417 -0.117520 -0.974644
vn 0.566271 -0.280491 -0.775024
vn 0.552679 -0.317329 -0.770616
vn -0.162192 0.001767 -0.986758
vn 0.829638 -0.452270 0.327342
vn 0.845370 -0.459768 0.271961
vn -0.961441 0.251149 0.112050
vn 0.543454 -0.318759 -0.776564
vn 0.478845 -0.245297 -0.842933
vn 0.170635 -0.131980 -0.976455
vn 0.884538 -0.281966 -0.371602
vn 0.680464 -0.210493 -0.701898
vn 0.659598 -0.258396 -0.705806
vn 0.233367 -0.152891 -0.960294
vn -0.132097 -0.002854 -0.991233
vn -0.143408 -0.006334 -0.989643
vn 0.938295 -0.305814 -0.161492
vn 0.953440 -0.260735 -0.151558
vn -0.868971 0.337849 -0.361590
vn -0.698526 0.210834 -0.683820
vn 0.903400 -0.263055 0.338631
vn 0.646232 -0.141499 0.749908
vn 0.917632 -0.397316 -0.009593
vn 0.968381 -0.235362 -0.082728
vn 0.836032 -0.403880 -0.371391
vn 0.077679 0.075484 0.994117
vn -0.007531 0.118758 0.992895
vn 0.437442 -0.361145 0.823540
vn 0.333973 -0.134647 0.932916
vn 0.647974 -0.114263 0.753043
vn 0.657511 -0.318451 0.682838
vn 0.899073 -0.367738 0.237565
vn 0.932853 -0.188955 0.306726
vn 0.915160 -0.192738 0.354027
vn 0.617395 -0.096606 0.780699
vn -0.187996 0.039116 -0.981391
vn 0.279717 -0.050922 -0.958731
vn 0.250605 -0.157750 -0.955150
vn -0.171149 -0.041992 -0.984350
vn -0.766296 0.133074 -0.628555
vn -0.522324 0.054699 -0.850991
vn -0.087525 -0.158768 -0.983429
vn 0.319028 -0.282968 -0.904517
vn -0.875529 0.310048 -0.370565
vn -0.658786 0.180645 -0.730320
vn -0.942880 0.207114 -0.260924
vn -0.317550 -0.028582 -0.947811
vn -0.036379 -0.150740 -0.987904
vn -0.082389 -0.126975 0.988478
vn 0.254989 -0.245518 0.935255
vn 0.553828 -0.339836 0.760122
vn 0.742224 -0.388577 0.545996
vn -0.104397 -0.178971 0.978300
vn 0.236771 -0.298971 0.924422
vn 0.494580 -0.398934 0.772167
vn 0.522924 -0.378035 0.763963
vn 0.210899 -0.331899 0.919437
vn -0.410967 -0.056697 0.909886
vn 0.715273 -0.414578 0.562592
vn 0.803178 -0.424455 0.418023
vn 0.803081 -0.412107 0.430382
vn 0.788269 -0.281868 0.546976
vn 0.322531 -0.255294 -0.911482
vn -0.806702 0.324612 0.493820
vn -0.951228 0.280182 0.129088
vn 0.599292 -0.288212 -0.746848
vn 0.358742 -0.123246 -0.925265
vn -0.142910 0.025481 -0.989408
vn -0.295035 0.022783 -0.955215
vn -0.425167 0.049364 -0.903768
vn -0.051554 0.252372 0.966256
vn 0.593437 -0.200911 -0.779402
vn 0.300397 0.001795 0.953813
vn -0.128014 -0.219646 0.967144
vn 0.163069 -0.355238 0.920443
vn -0.142852 -0.267757 0.952838
vn -0.114566 -0.147909 0.982343
vn 0.080328 -0.168621 0.982402
vn -0.266239 -0.024098 0.963606
vn -0.401214 -0.131479 0.906499
vn -0.461517 0.292587 0.837493
vn -0.454259 0.314111 0.833656
vn -0.095036 0.176321 0.979734
vn -0.543040 0.181731 0.819806
vn -0.426450 -0.099872 0.898981
vn -0.649128 0.016656 0.760497
vn -0.813709 0.164335 0.557558
vn -0.603115 0.026765 0.797205
vn 0.800002 -0.389897 0.456045
vn 0.688665 -0.420512 0.590686
vn -0.756042 0.181224 0.628934
vn 0.687549 0.029721 0.725530
vn 0.370472 0.180679 0.911101
vn 0.539695 0.245177 0.805368
vn 0.840462 0.139164 0.523695
vn -0.047630 0.281136 0.958485
vn -0.537681 0.310556 0.783871
vn -0.439017 0.370864 0.818367
vn 0.121295 0.347250 0.929895
vn -0.872687 0.251234 0.418688
vn -0.850866 0.262119 0.455324
vn -0.969080 0.177848 0.171039
vn -0.974134 0.184340 0.130695
vn -0.988058 0.137579 -0.069374
vn -0.990176 0.137001 -0.027957
vn 0.647135 -0.456899 -0.610295
vn 0.352018 -0.409854 -0.841489
vn 0.897419 -0.423304 -0.124306
vn 0.812949 -0.458266 -0.359313
vn 0.836423 -0.108467 0.537244
vn 0.933009 -0.341948 0.112103
vn 0.907212 -0.225093 0.355387
vn 0.990736 -0.090603 0.101162
vn 0.983111 -0.169968 -0.067846
vn 0.950389 -0.192904 -0.244027
vn 0.852980 -0.216439 -0.474952
vn 0.953939 0.030091 0.298488
vn 0.657342 -0.247829 -0.711676
vn 0.379053 -0.251880 -0.890436
vn -0.047428 -0.301693 -0.952225
vn -0.473238 -0.149601 -0.868139
vn -0.808640 0.003882 -0.588291
vn -0.953997 0.090354 -0.285877
vn -0.818266 0.063877 -0.571279
vn -0.419339 -0.111835 -0.900915
vn -0.032427 -0.207011 -0.977801
vn -0.971951 0.114921 -0.205195
vn -0.050298 0.748596 0.661116
vn -0.188531 0.842015 0.505438
vn -0.075131 0.823933 0.561684
vn -0.129004 0.800331 0.585516
vn -0.272967 0.942782 0.191443
vn -0.292797 0.904018 -0.311482
vn -0.224463 0.782053 0.581386
vn -0.311677 0.723964 0.615413
vn -0.076764 0.767761 0.636121
vn -0.182651 0.795771 0.577397
vn -0.143361 0.801345 0.580770
vn -0.031535 0.771263 0.635735
vn -0.435030 0.619874 0.653073
vn -0.515430 0.548264 0.658588
vn -0.428464 0.645625 0.632129
vn -0.192651 0.811077 0.552305
vn -0.248360 0.806268 0.536889
vn -0.286160 0.698903 0.655475
vn -0.331564 0.727637 0.600508
vn -0.363492 0.838719 -0.405493
vn -0.220813 0.665953 -0.712565
vn -0.223594 0.817795 0.530299
vn -0.457849 0.321123 0.829008
vn -0.511047 0.448056 0.733537
vn -0.415673 0.547817 0.726025
vn -0.329044 0.477363 0.814773
vn 0.071612 0.724713 0.685320
vn -0.014807 0.598856 0.800719
vn -0.189087 0.659107 0.727890
vn 0.189769 0.523203 0.830811
vn 0.228433 0.696508 0.680217
vn -0.586094 0.584504 0.561115
vn -0.560699 0.719997 0.408928
vn -0.416179 0.757865 0.502430
vn -0.267271 0.074296 0.960753
vn -0.476725 0.110513 0.872078
vn -0.293617 0.183833 0.938080
vn -0.041303 0.114751 0.992535
vn -0.634199 0.175667 0.752949
vn -0.678776 0.320192 0.660863
vn 0.083034 0.282762 0.955589
vn -0.133474 0.402708 0.905544
vn -0.000001 0.231751 0.972775
vn -0.000001 0.506942 0.861980
vn -0.338786 0.824262 0.453669
vn -0.332101 0.847791 0.413472
vn -0.153935 0.813524 0.560788
vn 0.080049 0.778699 0.622271
vn -0.288405 0.850690 0.439487
vn -0.265166 0.899561 0.347097
vn -0.305157 0.851860 0.425692
vn -0.649106 0.456718 0.608334
vn -0.131084 0.933822 -0.332858
vn -0.364190 0.784217 -0.502363
vn -0.548673 0.835345 0.034011
vn -0.224218 0.971778 0.073305
vn 0.079488 0.708569 -0.701150
vn 0.092114 0.367467 -0.925464
vn 0.152598 0.415484 -0.896709
vn 0.225327 0.676730 -0.700903
vn 0.294435 0.646629 -0.703690
vn 0.167753 0.428009 -0.888069
vn 0.051868 0.489240 -0.870606
vn 0.194125 0.709123 -0.677834
vn 0.135661 0.797020 0.588520
vn -0.167964 0.005876 0.985776
vn -0.000000 0.681295 -0.732009
vn 0.000000 0.329275 -0.944234
vn -0.441485 0.885896 0.142409
vn -0.145166 -0.102939 0.984038
vn -0.007877 0.771514 0.636164
vn -0.125398 0.604699 -0.786520
vn 0.031917 0.812914 -0.581508
vn -0.205587 0.816206 0.539947
vn -0.000000 0.017280 0.999851
vn -0.000001 0.691970 0.721927
vn -0.000001 -0.136270 0.990672
vn -0.000000 0.720860 0.693081
vn 0.097920 0.745654 0.659099
vn 0.211188 0.734956 0.644391
vn -0.000000 0.759998 0.649925
vn 0.075131 0.823935 0.561682
vn 0.188531 0.842017 0.505435
vn 0.311678 0.723966 0.615410
vn 0.224462 0.782053 0.581386
vn 0.076765 0.767763 0.636119
vn 0.031539 0.771251 0.635749
vn 0.143358 0.801340 0.580778
vn 0.182651 0.795771 0.577397
vn 0.428464 0.645624 0.632130
vn 0.515428 0.548266 0.658588
vn 0.435036 0.619874 0.653069
vn 0.192649 0.811074 0.552309
vn 0.056645 0.806118 0.589037
vn 0.248359 0.806267 0.536891
vn 0.331573 0.727629 0.600513
vn 0.286166 0.698896 0.655480
vn 0.209301 0.748152 -0.629652
vn 0.220811 0.665963 -0.712556
vn 0.363478 0.838732 -0.405479
vn 0.292797 0.904018 -0.311482
vn 0.223594 0.817794 0.530301
vn 0.457839 0.321129 0.829011
vn 0.329047 0.477341 0.814784
vn 0.415693 0.547796 0.726030
vn 0.511042 0.448081 0.733526
vn 0.189087 0.659105 0.727892
vn 0.014806 0.598855 0.800721
vn -0.071611 0.724713 0.685319
vn -0.189768 0.523201 0.830812
vn -0.228433 0.696508 0.680217
vn 0.586092 0.584507 0.561112
vn 0.416181 0.757867 0.502425
vn 0.560692 0.720006 0.408920
vn 0.267273 0.074296 0.960752
vn 0.041304 0.114751 0.992535
vn 0.293602 0.183831 0.938085
vn 0.476725 0.110516 0.872078
vn 0.634194 0.175682 0.752950
vn 0.678772 0.320199 0.660864
vn -0.083035 0.282763 0.955589
vn 0.133475 0.402701 0.905547
vn 0.338794 0.824246 0.453693
vn 0.332080 0.847793 0.413485
vn 0.153960 0.813526 0.560778
vn -0.080047 0.778702 0.622266
vn 0.288405 0.850707 0.439454
vn 0.265175 0.899559 0.347097
vn 0.649103 0.456718 0.608337
vn 0.305155 0.851858 0.425698
vn 0.548661 0.835354 0.033992
vn 0.364192 0.784223 -0.502353
vn 0.131106 0.933821 -0.332850
vn 0.224230 0.971775 0.073313
vn -0.079494 0.708572 -0.701147
vn -0.225344 0.676727 -0.700900
vn -0.152610 0.415486 -0.896706
vn -0.092125 0.367465 -0.925463
vn -0.294428 0.646636 -0.703686
vn -0.194112 0.709115 -0.677848
vn -0.051869 0.489239 -0.870606
vn -0.167733 0.428026 -0.888065
vn -0.135662 0.797022 0.588517
vn 0.167963 0.005876 0.985776
vn 0.441473 0.885903 0.142398
vn 0.145165 -0.102938 0.984038
vn 0.007876 0.771514 0.636164
vn 0.125393 0.604702 -0.786519
vn -0.031908 0.812913 -0.581511
vn 0.205586 0.816208 0.539944
vn 0.095822 0.789460 0.606277
vn 0.272966 0.942783 0.191440
vn -0.097910 0.745648 0.659108
vn -0.211189 0.734957 0.644389
vn -0.219590 -0.240747 -0.945421
vn -0.133662 -0.268673 -0.953913
vn -0.104859 -0.235988 -0.966082
vn -0.206394 -0.191146 -0.959617
vn -0.101810 -0.551045 -0.828241
vn 0.000000 -0.564554 -0.825396
vn 0.000000 -0.043196 -0.999067
vn -0.164331 -0.073042 -0.983697
vn 0.123426 -0.589176 -0.798522
vn 0.024770 -0.564626 -0.824975
vn -0.040391 -0.157367 -0.986714
vn 0.127688 -0.219195 -0.967290
vn 0.154339 -0.581342 -0.798887
vn 0.226698 -0.210771 -0.950886
vn 0.267862 -0.546004 -0.793807
vn 0.369269 -0.168198 -0.913975
vn 0.605447 -0.489695 -0.627402
vn 0.695558 -0.094285 -0.712257
vn 0.844624 -0.054222 -0.532606
vn 0.743878 -0.469398 -0.475722
vn 0.891308 -0.448138 -0.068873
vn 0.995585 0.016715 -0.092362
vn 0.988004 0.029793 0.151530
vn 0.889825 -0.432037 0.146819
vn 0.924853 0.040566 0.378156
vn 0.832835 -0.418727 0.362013
vn 0.836124 0.020855 0.548143
vn 0.734256 -0.419138 0.534033
vn 0.723688 -0.010960 0.690040
vn 0.623002 -0.428250 0.654577
vn 0.422610 -0.065730 0.903925
vn 0.315769 -0.053565 0.947323
vn 0.312456 -0.119426 0.942395
vn 0.412766 -0.148501 0.898650
vn 0.130871 -0.312740 0.940780
vn 0.260141 -0.340041 0.903714
vn 0.258417 0.015952 0.965902
vn 0.125721 0.026772 0.991704
vn 0.231619 -0.077345 0.969727
vn 0.101136 -0.056432 0.993271
vn 0.209854 -0.081255 0.974351
vn 0.077704 -0.039555 0.996192
vn 0.513296 -0.147128 0.845506
vn 0.608935 -0.142859 0.780250
vn 0.625059 -0.156988 0.764628
vn 0.522043 -0.161983 0.837397
vn 0.682121 -0.296516 -0.668423
vn 0.673210 -0.397930 -0.623250
vn 0.835154 -0.363417 -0.412851
vn 0.840781 -0.271446 -0.468406
vn 0.413248 -0.389189 -0.823261
vn 0.243172 -0.372626 -0.895554
vn 0.207925 -0.422023 -0.882420
vn 0.388640 -0.456141 -0.800559
vn 0.740223 -0.141490 0.657306
vn 0.749036 -0.155123 0.644113
vn 0.970768 -0.187407 0.149960
vn 0.982823 -0.115942 0.143585
vn 0.986392 -0.149799 -0.067756
vn 0.970819 -0.238201 -0.027748
vn 0.189205 -0.047871 0.980770
vn 0.035693 -0.033658 0.998796
vn 0.399665 -0.314967 -0.860851
vn 0.240172 -0.318597 -0.916959
vn 0.085780 -0.290490 -0.953026
vn 0.053685 -0.328452 -0.942994
vn 0.972104 -0.229494 0.048437
vn 0.964033 -0.187151 0.188717
vn 0.789538 -0.095184 0.606275
vn 0.863578 -0.162704 0.477243
vn 0.879674 -0.109878 0.462710
vn 0.394678 -0.009868 0.918766
vn 0.338651 -0.103347 0.935219
vn 0.388418 -0.371509 0.843275
vn 0.856920 -0.133009 0.497993
vn 0.934018 -0.115324 0.338098
vn 0.934277 -0.167788 0.314600
vn 0.478012 -0.037256 0.877563
vn 0.449623 -0.412130 0.792457
vn 0.934293 -0.144568 0.325879
vn 0.734443 -0.412804 -0.538690
vn 0.546616 -0.399781 -0.735790
vn 0.559227 -0.456737 -0.691850
vn 0.686440 -0.096338 0.720777
vn 0.562589 -0.089144 0.821917
vn -0.016003 0.032353 0.999348
vn 0.000000 0.033384 0.999443
vn 0.000000 -0.332608 0.943065
vn -0.016534 -0.311229 0.950191
vn -0.038498 -0.033957 0.998682
vn -0.000000 -0.023717 0.999719
vn 0.000000 -0.180688 -0.983540
vn -0.087302 -0.012008 0.996110
vn -0.052620 -0.013342 0.998526
vn -0.000000 -0.007213 0.999974
vn 0.000000 0.001281 0.999999
vn -0.212052 -0.313374 -0.925651
vn -0.178768 -0.321812 -0.929774
vn 0.932661 -0.302682 -0.196284
vn 0.952983 -0.282615 -0.109327
vn 0.882217 -0.346970 -0.318285
vn 0.514890 -0.434548 0.738956
vn 0.598412 -0.029477 0.800646
vn 0.510070 -0.040758 0.859167
vn 0.451644 -0.431112 0.781127
vn 0.945374 -0.209592 -0.249679
vn 0.431690 -0.134041 0.892007
vn 0.556287 -0.302351 -0.774034
vn 0.552440 -0.124809 -0.824155
vn 0.453880 -0.512903 -0.728645
vn 0.950647 -0.005422 -0.310229
vn 0.844837 -0.459188 -0.274585
vn -0.017450 -0.370284 -0.928755
vn 0.000000 -0.244190 -0.969727
vn -0.000000 -0.325892 -0.945407
vn 0.930574 -0.108935 -0.349520
vn 0.949651 0.301909 -0.083743
vn 0.919561 0.386403 -0.071412
vn 0.976236 -0.025689 -0.215184
vn 0.902563 0.415509 -0.112839
vn 0.998510 0.045289 -0.030454
vn 0.930247 0.325987 -0.168444
vn 0.999988 0.001746 -0.004667
vn 0.957668 0.217461 -0.188633
vn 0.997952 -0.048987 -0.041142
vn 0.995861 -0.090451 0.008978
vn 0.978770 0.041508 -0.200714
vn 0.982574 -0.127959 0.134818
vn 0.986117 -0.094929 -0.136244
vn -0.015229 0.109338 0.993888
vn -0.031533 0.244199 0.969212
vn -0.184190 0.244308 0.952044
vn -0.175664 0.048930 0.983233
vn 0.011520 0.340562 0.940151
vn -0.109679 0.384131 0.916741
vn 0.029322 0.451706 0.891685
vn 0.092717 0.383886 0.918714
vn 0.185727 0.403256 0.896041
vn 0.156026 0.491184 0.856968
vn 0.353009 0.597577 0.719921
vn 0.417472 0.490030 0.765237
vn 0.635062 0.350069 0.688584
vn 0.522487 0.490900 0.697155
vn 0.482029 -0.249103 -0.839997
vn 0.817832 -0.192803 -0.542197
vn 0.686077 -0.330513 -0.648120
vn 0.414518 -0.303415 -0.857971
vn 0.267387 -0.222646 -0.937514
vn 0.368145 -0.151263 -0.917382
vn 0.600929 -0.121243 -0.790054
vn 0.814373 0.555526 0.167890
vn 0.580311 0.794717 0.177944
vn 0.721743 0.289225 0.628837
vn 0.910534 0.016723 0.413097
vn 0.828779 0.156598 0.537217
vn 0.471579 0.453891 0.756040
vn -0.080846 0.477551 0.874877
vn -0.167001 0.445709 0.879463
vn -0.185027 0.344762 0.920274
vn 0.672425 0.226441 0.704677
vn 0.800431 0.042767 0.597898
vn 0.986068 -0.110261 0.124549
vn 0.982600 -0.154170 0.103575
vn 0.960989 -0.155221 0.228926
vn 0.970869 -0.093337 0.220687
vn 0.115112 0.548501 -0.828189
vn 0.010057 0.496136 -0.868187
vn -0.023376 -0.329383 -0.943907
vn 0.198712 -0.381543 -0.902740
vn -0.175051 -0.305012 -0.936122
vn -0.201212 -0.313913 -0.927886
vn -0.177196 -0.311988 -0.933416
vn -0.135327 -0.290521 -0.947251
vn 0.313460 0.400236 0.861135
vn 0.306045 0.504207 0.807534
vn 0.136243 0.559524 0.817540
vn 0.276654 0.554240 0.785036
vn 0.199178 -0.314620 -0.928085
vn 0.486058 -0.324400 -0.811488
vn 0.410259 -0.410707 -0.814252
vn 0.808257 -0.105535 0.579295
vn 0.937042 -0.188596 0.293912
vn 0.088605 0.687168 0.721075
vn 0.099094 0.744726 0.659973
vn 0.003936 0.695359 0.718652
vn 0.003600 0.653846 0.756619
vn -0.085599 0.667302 0.739852
vn -0.081639 0.630430 0.771941
vn 0.269108 -0.169273 0.948118
vn 0.228951 -0.280379 0.932185
vn 0.439335 -0.318117 0.840111
vn 0.440394 -0.258121 0.859899
vn -0.033722 -0.130942 0.990816
vn 0.093955 -0.018608 0.995403
vn 0.731422 -0.042206 0.680618
vn 0.710292 -0.070045 0.700414
vn 0.808674 -0.083377 0.582319
vn 0.816397 -0.084450 0.571283
vn 0.570035 -0.286578 0.770021
vn 0.607520 -0.321921 0.726145
vn 0.741554 -0.331351 0.583355
vn 0.679736 -0.248171 0.690195
vn 0.599970 -0.000215 0.800022
vn 0.579419 -0.046867 0.813681
vn 0.184550 0.727137 0.661221
vn 0.177477 0.793647 0.581916
vn 0.351365 0.034049 0.935619
vn 0.215351 0.082253 0.973067
vn 0.199043 -0.016428 0.979853
vn 0.332406 -0.020276 0.942918
vn 0.022909 0.105198 0.994187
vn -0.106114 0.125818 0.986362
vn -0.114700 0.118691 0.986284
vn 0.048216 0.115078 0.992186
vn -0.019331 -0.290492 -0.956682
vn 0.973792 -0.092322 0.207860
vn 0.938485 -0.071471 0.337843
vn 0.935327 -0.100189 0.339302
vn 0.988609 -0.145302 0.039252
vn 0.974326 -0.150734 0.167238
vn 0.028251 0.522768 0.852007
vn 0.151251 0.340286 0.928078
vn 0.227488 0.349806 0.908782
vn 0.847515 -0.320900 0.422778
vn 0.758769 -0.198346 0.620426
vn 0.982314 -0.173263 0.070993
vn 0.967235 -0.150122 0.204744
vn 0.540055 -0.190196 0.819858
vn 0.448306 -0.179927 0.875585
vn 0.669508 -0.098170 0.736289
vn 0.613282 -0.159396 0.773614
vn -0.203149 0.237854 0.949819
vn 0.745167 -0.062179 0.663973
vn 0.861324 -0.097699 0.498573
vn 0.102263 0.296122 0.949660
vn 0.793012 -0.336567 -0.507793
vn 0.861648 -0.246182 -0.443800
vn 0.955195 -0.194711 -0.222915
vn 0.918723 -0.274574 -0.283825
vn 0.895611 -0.231403 -0.379913
vn 0.970441 -0.181856 -0.158659
vn 0.913642 -0.252481 -0.318608
vn 0.977085 -0.193768 -0.088085
vn 0.881735 -0.100309 0.460958
vn 0.929938 -0.127080 0.345059
vn 0.421203 0.082555 0.903201
vn 0.318619 -0.112499 0.941183
vn 0.436715 -0.023800 0.899285
vn 0.466659 0.014477 0.884319
vn 0.073384 -0.070492 0.994809
vn 0.295183 -0.115663 0.948414
vn 0.000006 0.245350 0.969435
vn 0.000007 0.148405 0.988927
vn -0.192326 0.116976 0.974334
vn -0.106860 0.016692 0.994134
vn 0.033012 -0.004054 0.999447
vn -0.090662 -0.144272 -0.985376
vn -0.273416 -0.120915 -0.954266
vn -0.343628 -0.032658 -0.938538
vn -0.157353 -0.037848 -0.986817
vn 0.332604 0.335215 0.881479
vn 0.458766 0.277901 0.843982
vn 0.469226 0.357724 0.807378
vn 0.185762 0.068400 0.980211
vn -0.088723 0.020763 0.995840
vn -0.237581 0.369878 -0.898190
vn -0.000000 0.345931 -0.938260
vn -0.164966 0.441796 -0.881818
vn -0.221446 0.423734 -0.878300
vn 0.687448 -0.046195 0.724763
vn 0.591434 0.160227 0.790274
vn 0.665415 0.038448 0.745483
vn 0.752306 -0.185559 0.632142
vn 0.875159 -0.225092 0.428287
vn 0.466070 -0.124038 0.876010
vn -0.000952 -0.143125 -0.989704
vn -0.041056 -0.037946 -0.998436
vn 0.988883 -0.109100 0.101033
vn 0.194879 0.004665 0.980816
vn 0.083662 0.219331 0.972057
vn 0.113643 0.121647 0.986046
vn 0.941794 -0.196891 -0.272503
vn 0.990703 -0.129515 -0.041645
vn 0.880171 -0.114963 0.460525
vn 0.007985 -0.139070 -0.990250
vn -0.032055 -0.028991 -0.999066
vn 0.987457 -0.142852 0.067251
vn 0.992581 -0.104186 0.062676
vn 0.990048 -0.138060 0.027269
vn 0.989418 -0.144465 -0.013463
vn 0.760215 -0.270823 -0.590532
vn 0.793343 -0.289657 -0.535449
vn 0.258473 -0.293971 -0.920203
vn 0.561552 -0.300555 -0.770925
vn -0.000000 -0.327550 -0.944834
vn 0.973455 -0.216386 -0.074581
vn -0.086104 0.454996 -0.886321
vn -0.146489 0.090048 0.985105
vn 0.000001 0.119016 0.992892
vn -0.000000 -0.328045 -0.944662
vn 0.632302 -0.310177 -0.709918
vn 0.367724 -0.277314 -0.887624
vn 0.000000 0.027863 0.999612
vn 0.150835 -0.217658 -0.964300
vn 0.203604 -0.239701 -0.949257
vn 0.614335 -0.018055 0.788839
vn 0.479665 0.017242 0.877282
vn 0.342854 0.041250 0.938483
vn 0.897386 -0.079531 0.434019
vn 0.707152 -0.293425 -0.643303
vn 0.614575 -0.390318 -0.685529
vn 0.121335 0.779157 0.614973
vn 0.204944 0.810130 0.549260
vn 0.932516 -0.146965 0.329872
vn 0.035176 -0.266188 -0.963279
vn 0.840715 -0.265912 -0.471688
vn 0.265242 0.738539 0.619844
vn 0.210756 0.817943 0.535305
vn -0.160797 -0.335918 -0.928065
vn -0.096460 -0.308502 -0.946320
vn 0.955863 -0.151090 0.251987
vn 0.944626 -0.035859 0.326185
vn 0.955822 -0.161183 0.245815
vn 0.435149 0.899232 0.045027
vn 0.497831 0.844771 -0.196282
vn 0.937178 0.081300 0.339245
vn 0.771118 0.249291 0.585859
vn 0.618098 -0.141388 0.773281
vn 0.000005 0.123988 0.992284
vn 0.939501 -0.213487 0.267882
vn 0.175373 -0.208235 -0.962228
vn 0.278465 -0.149876 -0.948680
vn 0.999220 0.011011 0.037927
vn 0.945049 0.138522 -0.296131
vn 0.560381 0.775845 -0.289894
vn 0.652485 0.653934 -0.382928
vn 0.950987 0.135078 -0.278169
vn 0.766985 0.414451 -0.489861
vn 0.000003 0.116779 0.993158
vn -0.053265 -0.212748 -0.975654
vn -0.206930 -0.208620 -0.955854
vn 0.021315 -0.199080 -0.979751
vn 0.047575 -0.196269 -0.979395
vn -0.000129 -0.127994 -0.991775
vn 0.038171 -0.078176 -0.996209
vn 0.114955 -0.182625 -0.976439
vn 0.059982 -0.206465 -0.976614
vn 0.114287 0.003836 -0.993440
vn 0.204364 -0.110657 -0.972620
vn -0.205375 0.691158 0.692909
vn -0.095427 0.717760 0.689721
vn 0.011668 0.744694 0.667305
vn 0.212072 0.821120 0.529894
vn 0.129004 0.800332 0.585514
vn 0.177906 0.798352 0.575312
vn -0.293307 0.308756 -0.904787
vn -0.000000 0.298443 -0.954427
vn -0.246319 0.349523 -0.903970
vn -0.145150 0.382067 -0.912664
vn -0.073114 0.391195 -0.917399
vn -0.000000 -0.347434 -0.937705
vn -0.000000 -0.303375 -0.952871
vn -0.166685 -0.300417 -0.939131
vn -0.064925 -0.275889 -0.958995
vn 0.017375 -0.222838 -0.974701
vn 0.077743 -0.202270 -0.976239
vn -0.203040 0.652377 0.730191
vn -0.181308 0.615662 0.766869
vn -0.000001 0.336026 0.941853
vn 0.000000 -0.103057 -0.994676
vn -0.000000 -0.023759 -0.999718
vn 0.310728 0.707189 0.635084
vn 0.026095 0.457054 -0.889056
vn -0.042257 0.404403 -0.913604
vn -0.039806 0.320914 -0.946272
vn -0.047440 0.324342 -0.944750
vn -0.015144 0.232435 -0.972494
vn -0.035079 0.203896 -0.978364
vn -0.030150 0.136566 -0.990172
vn -0.038637 0.077643 -0.996232
vn 0.036257 0.519815 -0.853509
vn 0.110217 0.625916 -0.772063
vn 0.000005 0.669180 0.743100
vn -0.000005 0.629500 0.777001
vn -0.041677 0.007730 -0.999101
vn -0.359347 0.123465 -0.925000
vn -0.241679 0.149459 -0.958777
vn -0.211824 0.064171 -0.975199
vn -0.370931 0.053890 -0.927095
vn 0.109105 -0.219214 -0.969557
vn -0.256117 0.267787 -0.928813
vn -0.333090 0.227945 -0.914927
vn -0.147067 0.303868 -0.941295
vn -0.127486 0.170277 -0.977115
vn -0.087607 0.059089 -0.994401
vn -0.015171 0.076938 -0.996920
vn 0.037222 0.134331 -0.990237
vn -0.011331 0.254557 -0.966991
vn -0.031883 0.242515 -0.969624
vn -0.025743 0.340116 -0.940031
vn -0.000621 0.388482 -0.921456
vn -0.028055 0.188105 -0.981748
vn -0.002742 0.208309 -0.978059
vn -0.000000 0.047442 -0.998874
vn -0.000000 0.118516 -0.992952
vn -0.000001 0.217565 -0.976046
vn 0.228399 0.632276 0.740312
vn 0.103336 0.632490 0.767644
vn 0.012203 0.612111 0.790678
vn -0.082106 0.577770 0.812059
vn -0.167977 0.543949 0.822133
vn -0.000007 0.442765 0.896638
vn 0.000003 0.696375 0.717678
vn -0.000012 0.540490 0.841351
vn -0.000000 -0.203705 -0.979032
vn 0.219591 -0.240748 -0.945421
vn 0.206395 -0.191147 -0.959617
vn 0.104859 -0.235988 -0.966082
vn 0.133663 -0.268673 -0.953912
vn 0.101810 -0.551045 -0.828241
vn 0.164330 -0.073042 -0.983697
vn -0.123426 -0.589177 -0.798521
vn -0.127688 -0.219196 -0.967289
vn 0.040391 -0.157367 -0.986714
vn -0.024770 -0.564627 -0.824975
vn -0.154339 -0.581343 -0.798887
vn -0.226698 -0.210772 -0.950886
vn -0.267862 -0.546005 -0.793806
vn -0.369269 -0.168198 -0.913975
vn -0.605447 -0.489694 -0.627402
vn -0.743877 -0.469397 -0.475724
vn -0.844624 -0.054221 -0.532607
vn -0.695558 -0.094284 -0.712257
vn -0.891308 -0.448136 -0.068871
vn -0.889825 -0.432037 0.146818
vn -0.988004 0.029793 0.151530
vn -0.995585 0.016715 -0.092362
vn -0.924852 0.040566 0.378157
vn -0.832834 -0.418727 0.362015
vn -0.836124 0.020856 0.548144
vn -0.734256 -0.419137 0.534034
vn -0.723688 -0.010960 0.690040
vn -0.623002 -0.428249 0.654577
vn -0.422610 -0.065729 0.903925
vn -0.412766 -0.148500 0.898650
vn -0.312456 -0.119426 0.942395
vn -0.315769 -0.053564 0.947323
vn -0.130871 -0.312740 0.940780
vn -0.125721 0.026772 0.991704
vn -0.258417 0.015952 0.965902
vn -0.260141 -0.340041 0.903714
vn -0.101137 -0.056432 0.993271
vn -0.231619 -0.077346 0.969727
vn -0.209854 -0.081255 0.974351
vn -0.077704 -0.039555 0.996192
vn -0.513296 -0.147128 0.845506
vn -0.522043 -0.161982 0.837397
vn -0.625059 -0.156988 0.764628
vn -0.608936 -0.142859 0.780249
vn -0.835152 -0.363418 -0.412855
vn -0.673210 -0.397930 -0.623250
vn -0.682122 -0.296512 -0.668424
vn -0.840780 -0.271443 -0.468409
vn -0.413248 -0.389189 -0.823261
vn -0.388639 -0.456142 -0.800559
vn -0.207924 -0.422023 -0.882419
vn -0.243173 -0.372626 -0.895554
vn -0.749037 -0.155122 0.644112
vn -0.740223 -0.141490 0.657305
vn -0.970769 -0.187403 0.149960
vn -0.970820 -0.238200 -0.027746
vn -0.986392 -0.149799 -0.067756
vn -0.982823 -0.115942 0.143584
vn -0.189205 -0.047871 0.980770
vn -0.035692 -0.033658 0.998796
vn -0.240172 -0.318597 -0.916959
vn -0.399666 -0.314966 -0.860851
vn -0.053685 -0.328452 -0.942994
vn -0.085780 -0.290490 -0.953025
vn -0.972104 -0.229494 0.048442
vn -0.964033 -0.187151 0.188720
vn -0.789539 -0.095184 0.606273
vn -0.879674 -0.109879 0.462709
vn -0.863579 -0.162702 0.477242
vn -0.338650 -0.103348 0.935219
vn -0.394678 -0.009868 0.918766
vn -0.388417 -0.371509 0.843275
vn -0.856920 -0.133008 0.497993
vn -0.934278 -0.167785 0.314599
vn -0.934018 -0.115324 0.338099
vn -0.478012 -0.037256 0.877563
vn -0.449623 -0.412131 0.792457
vn -0.934293 -0.144568 0.325877
vn -0.546617 -0.399781 -0.735789
vn -0.734442 -0.412806 -0.538690
vn -0.559227 -0.456739 -0.691849
vn -0.686440 -0.096339 0.720776
vn -0.562589 -0.089144 0.821917
vn 0.016003 0.032353 0.999348
vn 0.016534 -0.311229 0.950191
vn 0.038498 -0.033958 0.998682
vn 0.052620 -0.013342 0.998526
vn 0.087302 -0.012008 0.996110
vn 0.178768 -0.321812 -0.929774
vn 0.212052 -0.313374 -0.925651
vn -0.932660 -0.302682 -0.196288
vn -0.952982 -0.282617 -0.109328
vn -0.882216 -0.346973 -0.318286
vn -0.514890 -0.434548 0.738956
vn -0.451644 -0.431113 0.781127
vn -0.510070 -0.040758 0.859167
vn -0.598412 -0.029476 0.800646
vn -0.945374 -0.209591 -0.249681
vn -0.431690 -0.134042 0.892007
vn -0.556288 -0.302349 -0.774034
vn -0.552441 -0.124809 -0.824155
vn -0.453881 -0.512903 -0.728644
vn -0.950646 -0.005421 -0.310229
vn -0.844838 -0.459188 -0.274581
vn 0.017450 -0.370283 -0.928755
vn -0.930574 -0.108938 -0.349521
vn -0.976235 -0.025692 -0.215185
vn -0.919563 0.386398 -0.071416
vn -0.949651 0.301908 -0.083754
vn -0.902565 0.415507 -0.112828
vn -0.998510 0.045288 -0.030452
vn -0.930252 0.325977 -0.168432
vn -0.999988 0.001745 -0.004663
vn -0.957669 0.217459 -0.188633
vn -0.997952 -0.048985 -0.041144
vn -0.995860 -0.090452 0.008983
vn -0.978770 0.041508 -0.200717
vn -0.982573 -0.127963 0.134816
vn -0.986116 -0.094931 -0.136247
vn 0.015226 0.109335 0.993888
vn 0.175672 0.048927 0.983232
vn 0.184205 0.244304 0.952042
vn 0.031539 0.244200 0.969212
vn -0.011517 0.340569 0.940149
vn 0.109691 0.384143 0.916735
vn -0.029316 0.451730 0.891673
vn -0.092726 0.383898 0.918708
vn -0.156007 0.491216 0.856953
vn -0.185730 0.403254 0.896042
vn -0.352977 0.597591 0.719925
vn -0.635062 0.350068 0.688584
vn -0.417453 0.490053 0.765233
vn -0.482025 -0.249104 -0.839999
vn -0.414516 -0.303414 -0.857972
vn -0.686076 -0.330513 -0.648121
vn -0.817830 -0.192805 -0.542199
vn -0.267387 -0.222646 -0.937514
vn -0.721740 0.289218 0.628843
vn -0.828789 0.156593 0.537204
vn -0.910527 0.016733 0.413110
vn -0.471587 0.453879 0.756042
vn 0.185035 0.344767 0.920270
vn 0.167015 0.445707 0.879461
vn 0.080855 0.477550 0.874876
vn -0.672442 0.226420 0.704667
vn -0.800437 0.042742 0.597891
vn -0.986068 -0.110261 0.124547
vn -0.970869 -0.093336 0.220686
vn -0.960989 -0.155219 0.228929
vn -0.982600 -0.154173 0.103576
vn -0.115108 0.548502 -0.828189
vn -0.010070 0.496133 -0.868188
vn -0.198711 -0.381543 -0.902740
vn 0.023377 -0.329384 -0.943907
vn 0.175052 -0.305012 -0.936122
vn 0.135326 -0.290521 -0.947251
vn 0.177195 -0.311988 -0.933416
vn 0.201212 -0.313912 -0.927886
vn -0.313481 0.400230 0.861130
vn -0.306060 0.504223 0.807519
vn -0.136244 0.559557 0.817517
vn -0.276641 0.554287 0.785006
vn -0.410258 -0.410708 -0.814253
vn -0.486058 -0.324400 -0.811488
vn -0.199177 -0.314620 -0.928086
vn -0.937041 -0.188588 0.293918
vn -0.808262 -0.105553 0.579285
vn -0.088635 0.687163 0.721076
vn -0.003634 0.653863 0.756604
vn -0.003973 0.695359 0.718652
vn -0.099114 0.744711 0.659986
vn 0.081656 0.630435 0.771935
vn 0.085610 0.667300 0.739853
vn -0.269109 -0.169277 0.948117
vn -0.440404 -0.258135 0.859890
vn -0.439351 -0.318105 0.840107
vn -0.228954 -0.280383 0.932183
vn 0.033728 -0.130947 0.990816
vn -0.093957 -0.018618 0.995402
vn -0.731422 -0.042199 0.680618
vn -0.816396 -0.084442 0.571286
vn -0.808674 -0.083378 0.582318
vn -0.710293 -0.070044 0.700413
vn -0.570043 -0.286584 0.770014
vn -0.679732 -0.248184 0.690195
vn -0.741554 -0.331356 0.583353
vn -0.607526 -0.321908 0.726146
vn -0.599972 -0.000211 0.800021
vn -0.579419 -0.046865 0.813681
vn -0.184557 0.727107 0.661252
vn -0.177466 0.793636 0.581934
vn -0.351362 0.034054 0.935620
vn -0.332407 -0.020276 0.942918
vn -0.199042 -0.016429 0.979853
vn -0.215356 0.082250 0.973066
vn -0.022911 0.105189 0.994188
vn -0.048219 0.115071 0.992186
vn 0.114703 0.118686 0.986284
vn 0.106120 0.125815 0.986362
vn 0.019331 -0.290493 -0.956682
vn -0.973792 -0.092320 0.207859
vn -0.935327 -0.100188 0.339301
vn -0.938483 -0.071466 0.337848
vn -0.974326 -0.150731 0.167240
vn -0.988609 -0.145300 0.039252
vn -0.028268 0.522773 0.852003
vn -0.227497 0.349797 0.908783
vn -0.151271 0.340289 0.928074
vn -0.847516 -0.320896 0.422780
vn -0.758769 -0.198346 0.620426
vn -0.967234 -0.150125 0.204746
vn -0.982313 -0.173264 0.070995
vn -0.540071 -0.190196 0.819847
vn -0.448323 -0.179933 0.875575
vn -0.613279 -0.159400 0.773616
vn -0.669514 -0.098179 0.736283
vn 0.203158 0.237859 0.949816
vn -0.745168 -0.062172 0.663973
vn -0.861322 -0.097693 0.498579
vn -0.102276 0.296125 0.949658
vn -0.793012 -0.336566 -0.507795
vn -0.918723 -0.274574 -0.283825
vn -0.955196 -0.194706 -0.222914
vn -0.861648 -0.246180 -0.443800
vn -0.970442 -0.181856 -0.158656
vn -0.895612 -0.231403 -0.379910
vn -0.977084 -0.193772 -0.088083
vn -0.913643 -0.252482 -0.318606
vn -0.881735 -0.100312 0.460957
vn -0.929938 -0.127084 0.345058
vn -0.421219 0.082540 0.903195
vn -0.318622 -0.112505 0.941181
vn -0.466660 0.014481 0.884318
vn -0.436716 -0.023800 0.899285
vn -0.073380 -0.070499 0.994809
vn -0.295187 -0.115660 0.948413
vn 0.192334 0.116970 0.974333
vn -0.033011 -0.004055 0.999447
vn 0.106860 0.016692 0.994134
vn 0.090661 -0.144272 -0.985376
vn 0.157353 -0.037848 -0.986817
vn 0.343627 -0.032658 -0.938538
vn 0.273416 -0.120914 -0.954266
vn -0.332616 0.335208 0.881477
vn -0.469238 0.357727 0.807371
vn -0.458771 0.277891 0.843982
vn -0.185760 0.068391 0.980212
vn 0.088728 0.020759 0.995840
vn 0.237579 0.369882 -0.898189
vn 0.221426 0.423749 -0.878298
vn 0.164981 0.441790 -0.881818
vn -0.687454 -0.046205 0.724756
vn -0.591450 0.160209 0.790266
vn -0.665423 0.038433 0.745476
vn -0.752305 -0.185558 0.632143
vn -0.875153 -0.225097 0.428298
vn -0.466074 -0.124022 0.876010
vn 0.000952 -0.143125 -0.989704
vn 0.041056 -0.037946 -0.998436
vn -0.988884 -0.109095 0.101031
vn -0.194884 0.004665 0.980815
vn -0.083669 0.219326 0.972058
vn -0.113651 0.121641 0.986046
vn -0.990703 -0.129514 -0.041643
vn -0.941794 -0.196890 -0.272504
vn -0.880170 -0.114960 0.460526
vn -0.007985 -0.139070 -0.990250
vn 0.032055 -0.028991 -0.999066
vn -0.992581 -0.104185 0.062675
vn -0.987456 -0.142857 0.067251
vn -0.990048 -0.138061 0.027268
vn -0.989419 -0.144458 -0.013466
vn -0.793343 -0.289657 -0.535449
vn -0.760216 -0.270823 -0.590531
vn -0.561552 -0.300555 -0.770925
vn -0.258472 -0.293971 -0.920203
vn -0.973455 -0.216386 -0.074582
vn 0.086115 0.454983 -0.886327
vn 0.146494 0.090048 0.985105
vn -0.367723 -0.277313 -0.887625
vn -0.632302 -0.310176 -0.709919
vn -0.150835 -0.217658 -0.964300
vn -0.203605 -0.239701 -0.949257
vn -0.614337 -0.018052 0.788837
vn -0.342853 0.041253 0.938483
vn -0.479664 0.017244 0.877283
vn -0.897383 -0.079525 0.434027
vn -0.707152 -0.293425 -0.643302
vn -0.614574 -0.390318 -0.685529
vn -0.121355 0.779145 0.614985
vn -0.204941 0.810124 0.549270
vn -0.932516 -0.146964 0.329872
vn -0.035176 -0.266188 -0.963279
vn -0.840715 -0.265912 -0.471688
vn -0.265238 0.738514 0.619876
vn -0.210761 0.817937 0.535313
vn 0.160797 -0.335917 -0.928065
vn 0.096460 -0.308502 -0.946320
vn -0.944625 -0.035857 0.326186
vn -0.955864 -0.151094 0.251983
vn -0.955822 -0.161185 0.245811
vn -0.618099 -0.141368 0.773285
vn -0.939498 -0.213490 0.267890
vn -0.175372 -0.208234 -0.962228
vn 0.206930 -0.208621 -0.955854
vn 0.053265 -0.212749 -0.975654
vn -0.021315 -0.199080 -0.979751
vn -0.047575 -0.196269 -0.979395
vn 0.000127 -0.127995 -0.991775
vn -0.059983 -0.206464 -0.976614
vn -0.114955 -0.182625 -0.976439
vn -0.038173 -0.078179 -0.996208
vn 0.095443 0.717766 0.689712
vn 0.205378 0.691163 0.692902
vn -0.011686 0.744692 0.667306
vn -0.212073 0.821118 0.529896
vn 0.293307 0.308757 -0.904787
vn 0.246312 0.349529 -0.903969
vn 0.145153 0.382078 -0.912659
vn 0.073126 0.391198 -0.917397
vn 0.166684 -0.300417 -0.939131
vn 0.064925 -0.275889 -0.958994
vn -0.017375 -0.222838 -0.974701
vn -0.077743 -0.202270 -0.976239
vn 0.181325 0.615652 0.766873
vn 0.203045 0.652372 0.730194
vn -0.026094 0.457056 -0.889055
vn 0.042254 0.404403 -0.913604
vn 0.047440 0.324341 -0.944750
vn 0.039806 0.320913 -0.946272
vn 0.035079 0.203896 -0.978364
vn 0.015144 0.232435 -0.972494
vn 0.038637 0.077643 -0.996232
vn 0.030150 0.136566 -0.990172
vn 0.041677 0.007730 -0.999101
vn 0.359346 0.123465 -0.925001
vn 0.370931 0.053890 -0.927095
vn 0.211825 0.064171 -0.975199
vn 0.241679 0.149459 -0.958777
vn -0.109105 -0.219213 -0.969558
vn 0.333089 0.227945 -0.914928
vn 0.256116 0.267786 -0.928814
vn 0.147066 0.303867 -0.941295
vn 0.087607 0.059089 -0.994401
vn 0.127485 0.170276 -0.977115
vn 0.015172 0.076939 -0.996920
vn 0.025743 0.340115 -0.940032
vn 0.031883 0.242515 -0.969624
vn 0.028055 0.188105 -0.981748
vn -0.228398 0.632279 0.740309
vn -0.103370 0.632493 0.767637
vn -0.012239 0.612109 0.790679
vn 0.082114 0.577768 0.812060
vn 0.168000 0.543943 0.822133
vn 0.959940 0.257663 -0.110110
vn 0.967657 0.225925 0.112243
vn 0.958763 0.256486 0.122424
vn 0.959437 0.269441 -0.082956
vn 0.945989 0.179412 0.270031
vn 0.959674 0.173307 0.221339
vn 0.831783 0.188932 0.521960
vn 0.803133 0.196823 0.562351
vn 0.964868 0.178084 0.193175
vn 0.988139 0.152930 -0.013947
vn 0.985327 0.150324 -0.080829
vn 0.481332 -0.159392 -0.861925
vn 0.416886 -0.124255 -0.900426
vn 0.713883 -0.015926 -0.700084
vn 0.778983 -0.034385 -0.626102
vn 0.458771 0.181140 0.869895
vn 0.498697 0.172323 0.849474
vn 0.062868 0.105632 0.992416
vn 0.022724 0.114467 0.993167
vn -0.223581 -0.305672 -0.925514
vn -0.151706 -0.348168 -0.925075
vn -0.437881 -0.408844 -0.800691
vn -0.504135 -0.359290 -0.785340
vn -0.591769 -0.141290 0.793629
vn -0.652621 -0.159340 0.740740
vn -0.466163 -0.051807 0.883181
vn -0.393451 -0.044293 0.918278
vn -0.209474 0.033007 0.977257
vn -0.170311 0.080500 0.982097
vn -0.340707 0.006165 0.940149
vn -0.904575 -0.393123 -0.164918
vn -0.871168 -0.448783 -0.199147
vn -0.903744 -0.380567 0.196002
vn -0.904823 -0.339791 0.256588
vn -0.774390 -0.245106 0.583304
vn -0.808105 -0.271772 0.522596
vn 0.983341 0.155312 0.094439
vn 0.987104 0.153062 0.046884
vn 0.921476 0.212416 0.325210
vn -0.266674 0.037655 0.963051
vn 0.886285 0.089904 -0.454330
vn 0.645092 0.008198 -0.764061
vn 0.576167 0.034012 -0.816624
vn 0.835412 0.105434 -0.539417
vn 0.973429 0.165890 -0.157850
vn 0.962933 0.209934 0.169376
vn 0.926298 0.084704 -0.367147
vn 0.956742 0.077392 -0.280456
vn -0.537814 -0.093056 0.837912
vn -0.748777 -0.202905 0.631001
vn 0.834896 0.209455 0.508996
vn 0.503517 0.205312 0.839237
vn -0.464474 -0.036695 0.884826
vn -0.274475 0.074331 0.958717
vn 0.078863 0.146616 0.986045
vn 0.073881 0.209743 0.974961
vn 0.494259 0.261505 0.829050
vn 0.357563 -0.076368 -0.930761
vn -0.281248 -0.247541 -0.927158
vn -0.573495 -0.297147 -0.763418
vn 0.908449 0.269455 -0.319553
vn 0.893236 0.286469 -0.346504
vn 0.835094 0.195758 0.514098
vn 0.923420 0.233509 0.304580
vn 0.926365 0.205321 0.315740
vn 0.818102 0.182699 0.545280
vn 0.370801 0.042212 0.927752
vn 0.381873 0.022655 0.923937
vn 0.646138 0.123381 0.753182
vn 0.633823 0.134325 0.761725
vn 0.903729 0.230053 0.361039
vn 0.980935 0.159145 0.111529
vn -0.753157 -0.179633 0.632840
vn -0.822994 -0.203674 0.530281
vn -0.703445 -0.087197 0.705380
vn -0.601583 -0.062125 0.796391
vn 0.143828 0.028696 -0.989187
vn -0.203556 -0.102690 -0.973663
vn -0.216423 -0.065382 -0.974108
vn 0.134004 0.079749 -0.987767
vn -0.264575 -0.156062 0.951654
vn -0.248993 -0.186772 0.950325
vn 0.082124 -0.079905 0.993414
vn 0.056940 -0.061512 0.996481
vn -0.934354 -0.324328 -0.147627
vn -0.913088 -0.288719 0.287944
vn -0.818941 -0.291641 -0.494248
vn -0.795660 -0.318929 -0.514985
vn -0.942406 -0.299848 -0.148194
vn -0.912813 -0.266261 0.309639
vn -0.864843 -0.295593 0.405797
vn -0.912650 -0.399551 0.086194
vn -0.707451 -0.165061 0.687218
vn -0.846904 -0.460241 -0.266330
vn 0.729645 0.252357 0.635558
vn 0.866778 -0.029218 -0.497837
vn 0.982079 0.076269 -0.172349
vn -0.745219 -0.391412 -0.539857
vn 0.608310 -0.146013 -0.780154
vn -0.064625 -0.335388 -0.939861
vn -0.394226 -0.414842 -0.820056
vn 0.340461 0.231866 0.911222
vn 0.266128 -0.251293 -0.930606
vn 0.143116 -0.271699 -0.951681
vn -0.384664 0.052538 0.921560
vn -0.080980 0.151916 0.985070
vn -0.137059 0.151354 0.978931
vn 0.825783 0.254043 0.503532
vn 0.472999 0.141085 -0.869694
vn 0.454897 0.201671 -0.867409
vn 0.734344 0.277124 -0.619631
vn 0.751421 0.229731 -0.618538
vn 0.027221 -0.171456 -0.984816
vn 0.011291 -0.136420 -0.990587
vn 0.315945 -0.037581 -0.948033
vn -0.309234 -0.223316 -0.924394
vn -0.611450 -0.273915 -0.742361
vn 0.368613 -0.205897 -0.906494
vn 0.001266 -0.313362 -0.949633
vn -0.870556 -0.320938 -0.373002
vn -0.600531 -0.214025 -0.770426
vn -0.577466 -0.252618 -0.776349
vn -0.845290 -0.380990 -0.374608
vn 0.076253 -0.229829 -0.970239
vn -0.570872 -0.288468 0.768695
vn -0.584174 -0.247594 0.772941
vn -0.772248 -0.304087 0.557820
vn -0.763217 -0.347539 0.544717
vn -0.646525 -0.464258 -0.605368
vn -0.670997 -0.463904 -0.578408
vn -0.356456 -0.409496 -0.839793
vn -0.844761 -0.356493 0.399113
vn -0.928636 -0.365820 0.061731
vn -0.898002 -0.436374 0.056298
vn -0.831943 -0.416028 0.367139
vn -0.495237 0.042738 0.867706
vn -0.823019 -0.466415 -0.324187
vn -0.909732 -0.415070 -0.010213
vn 0.231345 0.257815 0.938089
vn 0.660952 0.283077 0.694990
vn -0.901513 -0.317404 0.294157
vn -0.183639 0.164559 0.969122
vn 0.989633 0.088012 -0.113495
vn 0.706592 -0.095804 -0.701106
vn 0.916642 0.002905 -0.399699
vn -0.696312 -0.451632 -0.557834
vn -0.795356 -0.328325 0.509521
vn -0.799257 -0.375372 0.469344
vn 0.978006 0.192270 0.080850
vn 0.958442 0.230184 -0.168538
vn 0.957680 0.179570 -0.224952
vn 0.989433 0.141522 0.031530
vn 0.957608 0.069641 -0.279531
vn 0.839663 0.098495 -0.534101
vn 0.811239 0.030476 -0.583920
vn 0.948524 0.013103 -0.316433
vn 0.211490 0.032640 -0.976835
vn 0.239239 0.010915 -0.970899
vn 0.367151 0.177013 -0.913163
vn 0.418876 0.089216 -0.903650
vn 0.599048 0.360240 -0.715101
vn 0.704877 0.183221 -0.685258
vn 0.796537 0.459000 -0.393506
vn 0.900039 0.237157 -0.365633
vn 0.966102 0.253208 -0.050334
vn 0.873806 0.483676 -0.050204
vn 0.936231 0.228090 0.267296
vn 0.847483 0.455492 0.272579
vn 0.830715 0.160234 0.533140
vn 0.754536 0.374473 0.538930
vn 0.624767 0.246152 0.740996
vn 0.665189 0.065458 0.743800
vn -0.342601 -0.131967 0.930166
vn -0.068734 -0.139131 0.987886
vn -0.079761 -0.376568 0.922949
vn -0.369991 -0.328871 0.868879
vn -0.992127 -0.086096 0.090943
vn -0.978072 -0.194329 0.074904
vn -0.892217 -0.219421 0.394720
vn -0.910527 -0.146981 0.386441
vn -0.745737 -0.205917 0.633620
vn -0.811344 -0.183098 0.555154
vn -0.797423 -0.226045 0.559483
vn -0.756553 -0.206770 0.620382
vn 0.257633 -0.313651 0.913919
vn 0.616001 -0.191098 0.764215
vn 0.656318 -0.146917 0.740042
vn 0.325893 -0.292303 0.899084
vn 0.535694 0.129129 0.834481
vn 0.533911 -0.032861 0.844902
vn 0.956220 0.081456 0.281083
vn 0.828139 -0.006643 0.560483
vn 0.809036 0.103558 0.578565
vn 0.935838 0.149508 0.319148
vn 0.594548 0.611486 0.522110
vn 0.676737 0.686656 0.265577
vn 0.470667 0.851934 0.229525
vn 0.408114 0.768059 0.493487
vn 0.040265 -0.471803 0.880784
vn -0.594176 -0.449794 0.666814
vn -0.342951 -0.533008 0.773490
vn 0.105955 -0.677802 0.727570
vn -0.616805 -0.303630 0.726196
vn -0.744081 0.409657 0.527754
vn -0.417147 0.902121 0.110301
vn -0.314189 0.941311 0.123361
vn -0.281515 0.959289 0.022652
vn 0.575412 -0.095649 0.812251
vn 0.246499 -0.138921 0.959135
vn 0.321266 0.031417 0.946468
vn 0.601355 0.069014 0.795995
vn 0.853131 0.201584 -0.481176
vn 0.872323 0.262557 -0.412452
vn -0.307824 0.038397 -0.950668
vn -0.368346 0.094442 -0.924880
vn 0.032754 0.132494 -0.990642
vn 0.080479 0.128304 -0.988464
vn 0.292235 0.558242 -0.776508
vn 0.402305 0.772058 -0.492014
vn 0.626654 0.646128 -0.435688
vn 0.463381 0.474795 -0.748230
vn -0.614876 -0.248483 0.748454
vn -0.614369 -0.163122 0.771973
vn 0.482251 0.869368 -0.107857
vn 0.705581 0.705545 -0.066046
vn -0.413255 0.099985 -0.905110
vn -0.028964 0.114300 -0.993024
vn -0.323408 0.006697 -0.946236
vn 0.131894 -0.181676 -0.974473
vn 0.082234 -0.038764 -0.995859
vn -0.021917 0.047773 -0.998618
vn 0.353994 -0.185935 -0.916579
vn 0.429682 -0.137587 -0.892437
vn 0.328319 -0.093116 -0.939966
vn 0.232413 -0.101808 -0.967274
vn -0.753595 0.041342 -0.656037
vn -0.798037 0.087478 -0.596226
vn -0.248723 -0.026931 -0.968200
vn 0.121478 0.104122 -0.987118
vn 0.627154 0.117797 -0.769937
vn 0.565928 0.065166 -0.821876
vn 0.999076 -0.004203 -0.042777
vn 0.999228 0.035287 -0.017288
vn 0.324549 0.235918 -0.915975
vn 0.257320 0.299175 -0.918848
vn -0.921595 -0.130276 0.365637
vn -0.818953 -0.242861 0.519938
vn 0.860331 -0.066656 0.505358
vn 0.006920 -0.031565 0.999478
vn -0.293306 -0.114383 0.949151
vn 0.281639 0.025630 -0.959178
vn 0.284541 0.083902 -0.954985
vn 0.435126 0.213137 -0.874779
vn 0.403659 0.188152 -0.895354
vn 0.663177 0.207761 -0.719049
vn 0.700549 0.270624 -0.660299
vn -0.487696 0.837562 -0.246257
vn -0.379624 0.902369 0.203998
vn 0.355322 0.135128 -0.924925
vn -0.895018 -0.261808 -0.361108
vn -0.636209 -0.161443 -0.754436
vn -0.597178 -0.205811 0.775255
vn -0.766688 -0.264057 0.585204
vn -0.859169 -0.311779 0.405738
vn -0.949935 -0.306571 0.060310
vn 0.093370 0.824116 -0.558672
vn 0.042735 0.683557 -0.728645
vn 0.778141 -0.322904 0.538729
vn -0.966047 0.074760 -0.247316
vn 0.619200 -0.147454 -0.771264
vn 0.783547 -0.047132 -0.619543
vn -0.961007 -0.019669 -0.275824
vn -0.935216 -0.142269 -0.324238
vn -0.698326 -0.058907 -0.713351
vn 0.357070 0.622042 0.696825
vn 0.338182 0.509562 0.791189
vn 0.466485 0.328849 0.821127
vn 0.512641 0.468353 0.719614
vn -0.787792 -0.293263 0.541647
vn 0.969725 -0.000360 0.244201
vn 0.970977 -0.029280 0.237374
vn 0.873229 -0.064372 0.483040
vn 0.378492 -0.281990 0.881604
vn 0.545117 -0.359690 0.757279
vn 0.286068 0.100211 -0.952955
vn 0.563671 0.448564 0.693589
vn 0.746630 0.238179 0.621140
vn 0.677284 0.129711 0.724197
vn 0.539697 0.353706 0.763950
vn -0.997382 0.004768 0.072160
vn 0.498073 0.299806 0.813659
vn 0.371066 0.475525 0.797613
vn 0.368697 0.536177 0.759327
vn -0.727058 -0.346382 0.592795
vn 0.715541 -0.132173 0.685953
vn 0.903580 0.005994 0.428378
vn 0.373695 -0.095910 -0.922580
vn 0.466588 -0.113698 -0.877137
vn 0.541894 -0.101061 0.834348
vn 0.570526 0.082927 0.817082
vn 0.232213 0.070688 -0.970093
vn 0.455305 -0.168128 0.874317
vn 0.234695 0.595918 0.767984
vn 0.187309 0.669122 0.719160
vn 0.188464 0.629552 0.753754
vn 0.181744 0.681887 0.708519
vn 0.237655 0.905990 0.350289
vn 0.125986 0.857167 0.499392
vn 0.181170 0.758320 0.626201
vn 0.116892 0.181108 -0.976492
vn 0.036886 0.203817 -0.978314
vn 0.019945 0.276370 -0.960845
vn 0.101308 0.312878 -0.944375
vn 0.005225 0.551500 -0.834158
vn 0.274521 0.949750 0.150379
vn 0.007985 0.418959 -0.907970
vn 0.225460 0.136178 -0.964688
vn 0.264776 0.058897 -0.962510
vn 0.144078 0.142727 -0.979219
vn 0.317468 0.004150 -0.948260
vn 0.188519 0.075619 -0.979154
vn 0.290347 0.942659 -0.164596
vn 0.231066 0.806863 -0.543673
vn 0.076229 0.699464 0.710591
vn -0.041544 0.847120 0.529775
vn -0.038244 0.791907 0.609443
vn -0.023185 0.771000 0.636413
vn -0.043809 0.863549 0.502359
vn 0.132076 0.832819 -0.537558
vn 0.094921 0.671077 -0.735286
vn 0.345552 0.631978 0.693684
vn 0.185382 0.334169 -0.924102
vn 0.043391 0.946052 0.321098
vn 0.111284 0.987112 0.115007
vn 0.168633 0.576199 -0.799723
vn 0.153709 0.968681 -0.195017
vn 0.057753 0.553950 -0.830544
vn 0.086740 0.454617 -0.886453
vn 0.077022 0.152990 -0.985222
vn 0.100670 0.983770 0.148533
vn 0.019086 0.917243 0.397870
vn 0.334083 -0.029344 -0.942087
vn 0.396430 -0.067442 -0.915584
vn 0.259447 -0.043479 -0.964778
vn 0.143843 0.057367 -0.987936
vn 0.134779 0.961359 -0.240050
vn 0.139788 0.734155 0.664437
vn 0.673698 -0.063891 0.736240
vn 0.864520 -0.002781 0.502591
vn 0.968342 0.040524 0.246317
vn 0.996573 0.062957 -0.053661
vn 0.938196 0.063903 -0.340153
vn 0.768323 0.052361 -0.637917
vn 0.488481 0.052203 -0.871011
vn 0.022391 0.712978 0.700829
vn 0.005028 0.746986 0.664821
vn 0.912484 0.226845 -0.340463
vn 0.706543 0.131536 -0.695338
vn 0.646535 0.127545 -0.752147
vn 0.820433 0.242517 -0.517760
vn 0.919869 0.383731 0.081193
vn 0.886755 0.390885 -0.246728
vn 0.935905 0.316043 -0.155559
vn 0.946170 0.308023 0.099417
vn -0.825989 -0.301912 -0.476015
vn -0.840972 -0.284819 -0.460048
vn -0.656448 -0.308582 -0.688370
vn -0.636567 -0.295912 -0.712193
vn 0.800724 0.320458 -0.506110
vn 0.875279 0.266496 -0.403567
vn 0.658799 0.237843 -0.713733
vn 0.685055 0.288490 -0.668935
vn 0.810054 0.359574 -0.463161
vn 0.855249 0.368667 -0.364189
vn -0.366356 -0.001745 0.930473
vn -0.168038 0.122411 0.978151
vn 0.889719 0.304737 0.339904
vn 0.827171 0.338208 0.448780
vn 0.909747 0.389520 0.143646
vn 0.801239 0.359448 0.478345
vn 0.931012 0.345401 0.117959
vn 0.841667 0.163071 0.514786
vn 0.918346 0.243862 0.311724
vn 0.926836 0.224098 0.301255
vn 0.846596 0.173618 0.503123
vn 0.656357 0.082992 0.749872
vn 0.664954 0.057807 0.744644
vn 0.431444 0.128821 -0.892895
vn 0.288784 0.054543 -0.955839
vn 0.329487 0.082786 -0.940524
vn 0.500824 0.184914 -0.845566
vn 0.459214 0.120520 -0.880112
vn 0.705897 0.198790 -0.679847
vn 0.631326 0.224381 -0.742348
vn 0.413192 0.115238 -0.903323
vn 0.497731 0.058266 -0.865372
vn 0.349666 -0.021934 -0.936618
vn 0.365440 0.030228 -0.930344
vn 0.475583 0.057317 -0.877802
vn 0.157966 0.006559 -0.987423
vn -0.196669 -0.151722 -0.968660
vn -0.191360 -0.127648 -0.973184
vn 0.161310 0.023631 -0.986621
vn 0.343852 0.049702 -0.937708
vn 0.449913 0.056334 -0.891294
vn -0.083430 0.203318 0.975552
vn 0.960390 0.258295 -0.104567
vn 0.909848 0.237868 -0.339993
vn 0.745490 0.182449 -0.641060
vn 0.481267 0.098784 -0.870990
vn 0.388866 -0.018660 0.921106
vn -0.810785 -0.474831 -0.342292
vn -0.864329 -0.500844 0.045713
vn -0.873776 -0.481803 0.066195
vn -0.830184 -0.431747 -0.352689
vn -0.552678 -0.317329 -0.770616
vn -0.566270 -0.280491 -0.775025
vn -0.190416 -0.117519 -0.974644
vn 0.162193 0.001767 -0.986758
vn -0.829638 -0.452270 0.327342
vn -0.845370 -0.459768 0.271962
vn 0.961441 0.251149 0.112051
vn -0.543453 -0.318758 -0.776565
vn -0.170636 -0.131981 -0.976455
vn -0.478847 -0.245298 -0.842932
vn -0.884537 -0.281966 -0.371604
vn -0.659597 -0.258395 -0.705807
vn -0.680463 -0.210493 -0.701899
vn 0.143407 -0.006334 -0.989644
vn 0.132097 -0.002854 -0.991233
vn -0.233367 -0.152891 -0.960294
vn -0.938295 -0.305814 -0.161492
vn -0.953440 -0.260735 -0.151558
vn 0.868971 0.337850 -0.361589
vn 0.698528 0.210834 -0.683819
vn -0.646232 -0.141499 0.749908
vn -0.903400 -0.263055 0.338631
vn -0.917632 -0.397316 -0.009594
vn -0.836031 -0.403880 -0.371393
vn -0.968380 -0.235362 -0.082728
vn -0.077679 0.075484 0.994117
vn 0.007531 0.118758 0.992895
vn -0.437443 -0.361145 0.823540
vn -0.657512 -0.318451 0.682838
vn -0.647975 -0.114263 0.753042
vn -0.333974 -0.134647 0.932916
vn -0.899073 -0.367738 0.237565
vn -0.932853 -0.188955 0.306726
vn -0.915160 -0.192738 0.354027
vn -0.617395 -0.096607 0.780699
vn 0.187995 0.039116 -0.981391
vn 0.171148 -0.041992 -0.984350
vn -0.250606 -0.157750 -0.955150
vn -0.279717 -0.050922 -0.958731
vn 0.522324 0.054699 -0.850991
vn 0.766296 0.133074 -0.628555
vn 0.087525 -0.158768 -0.983429
vn -0.319029 -0.282968 -0.904516
vn 0.658786 0.180644 -0.730321
vn 0.875529 0.310049 -0.370565
vn 0.942880 0.207114 -0.260925
vn 0.036379 -0.150740 -0.987904
vn 0.317550 -0.028582 -0.947811
vn -0.254990 -0.245519 0.935254
vn 0.082389 -0.126974 0.988478
vn -0.742224 -0.388577 0.545996
vn -0.553830 -0.339837 0.760121
vn -0.236772 -0.298971 0.924422
vn 0.104397 -0.178970 0.978300
vn -0.494580 -0.398934 0.772167
vn -0.210899 -0.331899 0.919437
vn -0.522925 -0.378036 0.763963
vn 0.410967 -0.056697 0.909886
vn -0.715272 -0.414578 0.562593
vn -0.803081 -0.412107 0.430382
vn -0.803178 -0.424454 0.418023
vn -0.788269 -0.281868 0.546976
vn -0.322531 -0.255294 -0.911482
vn 0.806702 0.324613 0.493820
vn 0.951228 0.280182 0.129088
vn -0.358741 -0.123246 -0.925265
vn -0.599293 -0.288212 -0.746848
vn 0.142909 0.025481 -0.989408
vn 0.295036 0.022783 -0.955215
vn 0.425169 0.049364 -0.903767
vn 0.051554 0.252372 0.966256
vn -0.593438 -0.200910 -0.779401
vn -0.300397 0.001795 0.953812
vn 0.128014 -0.219646 0.967144
vn -0.163069 -0.355238 0.920443
vn -0.080328 -0.168621 0.982402
vn 0.114566 -0.147909 0.982343
vn 0.142852 -0.267757 0.952838
vn 0.266239 -0.024099 0.963606
vn 0.401215 -0.131479 0.906499
vn 0.461517 0.292586 0.837494
vn 0.454260 0.314111 0.833656
vn 0.095036 0.176321 0.979734
vn 0.543041 0.181731 0.819805
vn 0.426451 -0.099872 0.898980
vn 0.649129 0.016657 0.760496
vn 0.813709 0.164335 0.557558
vn 0.603117 0.026764 0.797204
vn -0.800002 -0.389897 0.456045
vn -0.688665 -0.420511 0.590686
vn 0.756042 0.181224 0.628935
vn 0.962597 0.091353 -0.255072
vn 0.981012 0.128639 -0.145146
vn 0.961168 0.183384 -0.206218
vn 0.933146 0.135197 -0.333107
vn 0.329341 0.367302 0.869841
vn 0.439016 0.370863 0.818368
vn -0.121294 0.347250 0.929895
vn -0.278339 0.382331 0.881107
vn 0.971800 0.203987 -0.118297
vn 0.987975 0.154569 -0.003688
vn 0.969949 0.238196 0.049624
vn 0.975627 0.219057 -0.012889
vn 0.933452 0.355266 0.049531
vn 0.913336 0.359041 0.192109
vn 0.820163 0.444869 0.359755
vn 0.911404 0.373970 0.171726
vn 0.970376 0.241553 0.004796
vn 0.965206 0.260461 0.023193
vn 0.963632 0.264432 -0.038595
vn 0.970888 0.235814 -0.042045
vn 0.814489 0.077457 -0.574986
vn 0.766045 0.182218 -0.616418
vn 0.562865 0.161731 -0.810571
vn 0.576819 0.035975 -0.816080
vn 0.926652 0.166486 -0.337044
vn 0.941549 0.195704 -0.274199
vn 0.945660 0.192361 -0.262153
vn 0.919655 0.169426 -0.354301
vn 0.957330 0.220126 -0.187256
vn 0.940926 0.195953 -0.276154
vn 0.892647 0.123356 -0.433548
vn 0.898161 0.135017 -0.418422
vn 0.950994 0.288234 0.111944
vn 0.941965 0.335710 0.000662
vn 0.953912 0.298888 -0.026805
vn 0.660562 0.121558 -0.740866
vn 0.610589 0.124888 -0.782038
vn 0.796879 0.116533 -0.592794
vn 0.829474 0.104867 -0.548612
vn 0.384138 0.088660 -0.919009
vn 0.368599 0.103584 -0.923799
vn -0.414818 -0.121016 -0.901821
vn -0.411203 -0.070118 -0.908843
vn 0.070537 0.045702 -0.996462
vn 0.088879 0.024284 -0.995746
vn -0.697936 -0.327954 -0.636657
vn -0.755773 -0.278763 -0.592536
vn -0.388798 -0.196776 -0.900064
vn -0.302584 -0.247999 -0.920293
vn -0.887047 -0.351355 -0.299495
vn -0.928045 -0.371246 0.030137
vn -0.952161 -0.303781 0.033276
vn -0.913262 -0.298387 -0.277341
vn -0.896652 -0.259135 0.358977
vn -0.922763 -0.288046 0.256004
vn -0.915213 -0.316432 0.249513
vn -0.902817 -0.268616 0.335808
vn -0.905474 -0.252562 0.341070
vn -0.954352 -0.288924 -0.075735
vn -0.931957 -0.360373 -0.039843
vn -0.890857 -0.319852 0.322597
vn -0.687549 0.029721 0.725529
vn -0.840463 0.139164 0.523694
vn -0.539695 0.245177 0.805368
vn -0.370473 0.180678 0.911101
vn 0.047631 0.281136 0.958485
vn 0.537680 0.310556 0.783872
vn 0.850866 0.262118 0.455325
vn 0.872687 0.251233 0.418689
vn 0.969080 0.177848 0.171039
vn 0.974134 0.184340 0.130695
vn 0.990176 0.137002 -0.027957
vn 0.988058 0.137579 -0.069375
vn -0.937375 -0.239823 0.252613
vn -0.918708 -0.246138 0.308855
vn -0.951383 -0.237426 0.196215
vn -0.966804 -0.198041 0.161459
vn -0.640892 -0.745610 -0.182546
vn -0.565098 -0.808493 -0.164329
vn -0.618811 -0.753999 -0.220361
vn -0.642973 -0.740632 -0.195063
vn 0.437047 0.028487 0.898988
vn 0.529476 0.039444 0.847408
vn 0.327301 -0.096725 0.939957
vn 0.225056 -0.069072 0.971894
vn -0.989612 -0.131629 -0.057813
vn -0.983111 -0.169968 -0.067847
vn -0.950389 -0.192903 -0.244027
vn -0.962824 -0.056443 -0.264168
vn -0.647136 -0.456898 -0.610295
vn -0.352019 -0.409854 -0.841488
vn -0.897420 -0.423304 -0.124305
vn -0.812950 -0.458266 -0.359312
vn -0.836424 -0.108467 0.537243
vn -0.976898 -0.178159 -0.118027
vn -0.975114 -0.054199 -0.214975
vn -0.839284 0.060949 0.540266
vn -0.869092 -0.096031 0.485240
vn 0.699925 0.020742 0.713915
vn 0.747380 -0.047824 0.662673
vn 0.328674 0.037192 0.943711
vn 0.195081 0.146762 0.969744
vn -0.453290 -0.069902 0.888618
vn -0.271235 0.162742 0.948655
vn 0.668590 -0.643473 -0.372734
vn 0.808184 -0.476407 -0.346231
vn 0.902576 -0.411577 0.126338
vn 0.788661 -0.597368 0.145482
vn -0.232880 0.317933 0.919068
vn 0.307426 -0.051002 0.950204
vn 0.348562 0.022785 0.937009
vn -0.240399 0.280864 0.929152
vn 0.681547 -0.628118 -0.375449
vn 0.791828 -0.577265 0.199432
vn 0.762205 -0.615677 0.199964
vn 0.669105 -0.659888 -0.341828
vn -0.301215 0.365928 0.880549
vn 0.186998 0.030715 0.981880
vn 0.214085 0.048836 0.975594
vn -0.285249 0.356184 0.889812
vn 0.781478 -0.246288 0.573267
vn 0.783050 -0.023011 0.621533
vn 0.394661 0.091761 0.914233
vn 0.689740 -0.443139 0.572613
vn 0.605323 -0.350185 0.714811
vn 0.313662 -0.110195 0.943119
vn 0.978114 -0.138709 0.155089
vn 0.899621 -0.216153 -0.379421
vn -0.269773 0.134191 0.953528
vn 0.715263 0.032086 0.698118
vn 0.225125 0.152382 0.962340
vn 0.802393 -0.573974 0.163457
vn 0.674099 -0.615338 -0.408595
vn -0.277436 0.336189 0.900003
vn 0.207322 0.034379 0.977669
vn 0.643022 -0.358762 0.676618
vn 0.617248 -0.309049 0.723529
vn 0.619060 -0.310037 0.721555
vn 0.752137 -0.647228 0.124044
vn 0.686246 -0.676495 -0.267249
vn -0.298598 0.302277 0.905245
vn -0.772471 0.380416 0.508500
vn -0.851195 -0.078930 0.518881
vn -0.713533 0.567799 0.410458
vn -0.766232 0.488153 0.417846
vn -0.314023 0.141624 0.938793
vn -0.847592 -0.008236 0.530584
vn -0.692889 0.584418 0.422328
vn -0.733269 0.519406 0.438788
vn -0.726548 0.533030 0.433598
vn -0.857556 0.471740 -0.205087
vn -0.830978 0.510897 -0.220138
vn -0.863905 0.459606 -0.205986
vn -0.821002 0.515547 -0.245291
vn 0.977593 -0.116598 0.175262
vn 0.887126 -0.196066 -0.417811
vn 0.873849 -0.231385 -0.427609
vn 0.975061 -0.131281 0.178946
vn -0.938998 0.248083 -0.238198
vn -0.859675 0.445183 -0.250542
vn -0.967983 -0.157371 -0.195561
vn -0.958677 -0.224542 -0.174697
vn -0.400200 0.275356 0.874082
vn 0.193072 -0.091713 0.976889
vn -0.831615 0.385066 0.400177
vn -0.920497 0.338576 -0.195067
vn -0.643867 0.004080 0.765126
vn 0.050405 -0.276836 0.959594
vn -0.928419 0.043184 0.369018
vn -0.999204 -0.003138 -0.039776
vn -0.684258 -0.308588 0.660731
vn -0.284894 -0.597489 0.749562
vn -0.888000 -0.314728 0.335264
vn -0.941601 -0.332684 0.052046
vn -0.555453 -0.740292 0.378734
vn -0.635022 -0.772432 0.009842
vn 0.784405 -0.614858 0.081593
vn 0.729647 -0.645439 -0.225883
vn 0.726193 -0.488485 0.483762
vn 0.592151 -0.390627 0.704818
vn 0.570491 -0.383067 0.726499
vn 0.384348 -0.531748 0.754666
vn 0.196656 -0.789596 0.581261
vn 0.100646 -0.959023 0.264850
vn 0.061060 -0.995225 -0.076156
vn -0.527464 -0.125595 -0.840243
vn -0.673899 -0.266955 -0.688908
vn 0.081204 -0.254039 -0.963779
vn -0.064649 -0.171527 -0.983056
vn -0.013675 -0.236074 -0.971639
vn -0.080420 -0.239789 -0.967489
vn -0.571431 0.157268 -0.805440
vn -0.556021 0.008949 -0.831120
vn -0.593865 0.224549 -0.772595
vn -0.610738 0.195777 -0.767249
vn -0.160445 -0.139143 -0.977188
vn -0.143353 -0.138915 -0.979874
vn 0.063741 -0.210109 -0.975598
vn 0.518351 -0.234577 -0.822366
vn 0.491267 -0.423144 -0.761319
vn 0.324185 -0.473753 -0.818818
vn 0.466289 -0.538914 -0.701531
vn 0.002796 -0.253410 -0.967355
vn -0.519533 -0.197757 -0.831251
vn -0.045300 -0.184831 -0.981726
vn 0.452584 -0.209089 -0.866862
vn -0.174082 -0.159377 -0.971748
vn -0.601406 0.165895 -0.781530
vn 0.321398 -0.494448 -0.807604
vn 0.279427 -0.438613 -0.854131
vn 0.309258 -0.446117 -0.839845
vn -0.554203 0.165969 -0.815667
vn -0.538752 -0.191682 -0.820369
vn 0.435830 -0.236997 -0.868265
vn 0.492971 -0.253800 -0.832205
vn -0.127294 -0.264502 -0.955947
vn -0.655903 0.110356 -0.746735
vn -0.339290 -0.420267 -0.841581
vn -0.846329 -0.137372 -0.514642
vn -0.553290 -0.672150 -0.492021
vn -0.861690 -0.352232 -0.365272
vn 0.545089 -0.574879 -0.610240
vn 0.372368 -0.494435 -0.785415
vn 0.331658 -0.503418 -0.797856
vn 0.091891 -0.633935 -0.767908
vn 0.024124 -0.897282 -0.440797
vn -0.991979 -0.078581 -0.099007
vn -0.980427 -0.057164 -0.188401
vn -0.844151 0.005031 0.536082
vn -0.817254 0.027723 0.575611
vn 0.934010 -0.229119 -0.274098
vn 0.971661 -0.125001 0.200625
vn 0.978687 -0.091808 0.183696
vn 0.924291 -0.148973 -0.351417
vn -0.287600 0.012575 0.957668
vn -0.328671 0.079564 0.941087
vn 0.219750 0.068143 0.973173
vn 0.085640 0.053279 0.994901
vn 0.675759 -0.635948 -0.372720
vn 0.814379 -0.450105 -0.366324
vn 0.917482 -0.386596 0.093647
vn 0.786860 -0.605708 0.118192
vn 0.367309 0.006777 0.930074
vn -0.246970 0.306952 0.919122
vn -0.187121 0.347898 0.918669
vn 0.357885 -0.074073 0.930823
vn 0.786330 -0.237273 0.570427
vn 0.750875 -0.047528 0.658732
vn 0.310016 0.052690 0.949270
vn 0.595389 -0.307422 0.742296
vn 0.599738 -0.336990 0.725777
vn 0.195416 0.016107 0.980588
vn 0.194738 0.024385 0.980552
vn 0.637251 -0.390976 0.664116
vn 0.200036 -0.091220 0.975533
vn 0.892699 -0.255708 -0.371081
vn 0.975161 -0.164186 0.148671
vn -0.338773 0.069500 0.938298
vn 0.696041 0.002076 0.717999
vn 0.166890 0.054411 0.984473
vn 0.757163 -0.629789 0.173409
vn 0.659893 -0.649388 -0.377937
vn 0.212695 -0.019484 0.976924
vn -0.248152 0.340886 0.906762
vn 0.670592 -0.386007 0.633486
vn 0.785136 -0.575870 0.227894
vn 0.788445 -0.558107 0.258596
vn 0.707974 -0.630625 -0.317939
vn 0.699068 -0.629092 -0.339923
vn -0.273230 0.337248 0.900893
vn -0.274642 0.344974 0.897533
vn 0.769686 -0.603290 0.208864
vn 0.697909 -0.677196 -0.233085
vn -0.362292 0.207852 0.908593
vn 0.742787 -0.004751 0.669511
vn 0.702730 0.008816 0.711402
vn 0.596260 -0.401135 0.695388
vn -0.828634 -0.179131 0.530357
vn -0.745932 0.491603 0.449346
vn -0.806954 0.365333 0.464065
vn -0.701670 0.544422 0.459635
vn -0.691733 0.555236 0.461755
vn -0.351656 0.009735 0.936079
vn -0.846022 -0.140983 0.514170
vn -0.615874 0.667533 0.418448
vn -0.664836 0.606890 0.435520
vn -0.741984 0.628013 -0.234647
vn -0.787219 0.581455 -0.205417
vn 0.976116 -0.094502 0.195621
vn 0.917754 -0.161827 -0.362683
vn 0.198842 0.075362 0.977130
vn -0.314834 0.070392 0.946533
vn -0.833729 0.502640 -0.228581
vn -0.838723 0.484363 -0.248869
vn -0.923725 0.318388 -0.212982
vn -0.461823 0.125927 0.877987
vn 0.096176 -0.133282 0.986401
vn -0.870891 0.193614 0.451733
vn -0.980317 0.151459 -0.126642
vn -0.689889 -0.236118 0.684326
vn -0.345085 -0.554574 0.757208
vn -0.873666 -0.289655 0.390907
vn -0.935490 -0.330116 0.126025
vn -0.564040 -0.734784 0.376764
vn -0.608447 -0.789931 0.076163
vn 0.772639 -0.616108 0.153103
vn 0.710985 -0.673862 -0.201022
vn 0.683280 -0.463351 0.564300
vn 0.512047 -0.332220 0.792110
vn 0.423960 -0.410365 0.807378
vn 0.294941 -0.790910 0.536164
vn 0.264886 -0.939187 0.218547
vn 0.216261 -0.973267 -0.077352
vn -0.896084 0.380939 -0.227857
vn -0.959699 -0.233438 -0.156477
vn -0.940908 -0.312033 -0.131631
vn -0.700569 -0.188210 -0.688317
vn 0.247660 -0.345098 -0.905302
vn -0.025193 -0.143326 -0.989355
vn -0.576765 -0.101952 -0.810523
vn -0.080923 -0.206191 -0.975160
vn -0.535987 0.241261 -0.809019
vn -0.607994 0.003708 -0.793933
vn -0.018004 -0.279117 -0.960088
vn 0.022831 -0.295675 -0.955016
vn 0.499460 -0.298498 -0.813289
vn 0.503388 -0.423316 -0.753263
vn -0.185752 -0.120760 -0.975148
vn 0.315616 -0.452483 -0.834054
vn 0.326732 -0.464535 -0.823076
vn -0.168951 -0.142089 -0.975329
vn 0.408758 -0.571816 -0.711297
vn -0.108626 -0.271529 -0.956280
vn -0.606411 -0.287856 -0.741218
vn -0.041344 -0.223046 -0.973931
vn 0.511106 -0.212685 -0.832788
vn -0.178377 -0.114922 -0.977228
vn -0.565164 0.248901 -0.786536
vn 0.337665 -0.474544 -0.812890
vn -0.580880 0.187923 -0.792000
vn -0.591893 0.207381 -0.778881
vn -0.621991 0.085647 -0.778327
vn 0.284466 -0.449981 -0.846520
vn -0.610615 -0.249714 -0.751526
vn 0.582126 -0.196839 -0.788913
vn 0.740579 -0.308210 -0.597117
vn -0.208008 -0.324615 -0.922691
vn -0.716101 -0.011975 -0.697894
vn -0.538624 -0.723078 -0.432485
vn -0.881050 -0.373826 -0.289836
vn 0.495487 -0.625220 -0.602987
vn 0.285946 -0.515486 -0.807780
vn 0.198665 -0.580146 -0.789913
vn 0.164439 -0.890772 -0.423657
vn 0.485347 -0.000446 0.874321
vn -0.412214 0.075159 0.907982
vn -0.193223 0.196761 0.961223
vn 0.292280 0.148997 0.944655
vn -0.190429 0.255488 0.947873
vn 0.324942 -0.075246 0.942736
vn 0.371254 -0.031148 0.928009
vn -0.209651 0.181715 0.960742
vn -0.254928 0.305297 0.917499
vn 0.234043 0.015074 0.972109
vn 0.228758 0.019027 0.973297
vn -0.244009 0.309513 0.919054
vn 0.801291 -0.267953 0.534915
vn 0.820890 -0.075807 0.566033
vn 0.419198 0.008045 0.907859
vn 0.699966 -0.421827 0.576289
vn 0.649962 -0.320762 0.688957
vn 0.327653 -0.087679 0.940721
vn -0.213841 0.065564 0.974666
vn 0.799665 -0.056966 0.597738
vn 0.349090 0.053820 0.935542
vn -0.219553 0.292069 0.930856
vn 0.209856 -0.013656 0.977637
vn 0.683499 -0.387545 0.618577
vn -0.277981 0.298949 0.912883
vn 0.801995 -0.596686 0.027749
vn 0.911295 -0.411337 -0.018527
vn 0.814405 -0.559711 0.153191
vn 0.821243 -0.556124 0.127615
vn 0.648039 -0.325879 0.688366
vn 0.782796 -0.092119 0.615423
vn 0.863820 -0.133544 0.485779
vn 0.984387 -0.174152 -0.025574
vn 0.631267 -0.366979 0.683249
vn 0.810138 -0.581872 0.071422
vn 0.797174 -0.594303 0.106384
vn -0.823575 -0.008726 0.567140
vn -0.780957 0.292983 0.551604
vn -0.772518 0.470013 0.426972
vn -0.739163 0.507707 0.442574
vn -0.195234 0.055695 0.979174
vn -0.797897 -0.063927 0.599395
vn -0.667895 0.551794 0.499439
vn -0.723241 0.514264 0.460929
vn -0.692046 0.546545 0.471552
vn 0.979975 -0.196232 -0.033810
vn -0.790519 0.057280 0.609753
vn 0.968790 -0.244134 -0.042944
vn -0.853641 0.003455 0.520850
vn -0.351784 0.264986 0.897792
vn 0.242077 -0.071562 0.967614
vn -0.819087 0.393459 0.417476
vn -0.624196 0.046880 0.779860
vn 0.013638 -0.275674 0.961155
vn -0.930560 0.129017 0.342656
vn -0.719147 -0.268310 0.640966
vn -0.370599 -0.606107 0.703769
vn -0.917009 -0.285757 0.278275
vn -0.603706 -0.742287 0.290773
vn 0.745610 -0.476074 0.466283
vn 0.807894 -0.586333 0.059340
vn 0.631918 -0.363367 0.684576
vn 0.584897 -0.365388 0.724146
vn 0.364123 -0.531162 0.765036
vn 0.148977 -0.838547 0.524066
vn 0.081635 -0.976733 0.198315
vn -0.982585 -0.104385 -0.153725
vn -0.979195 -0.138122 -0.148661
vn 0.968234 -0.220336 -0.118217
vn 0.725436 -0.260374 -0.637141
vn 0.714678 -0.241263 -0.656527
vn -0.018612 -0.195525 -0.980522
vn -0.123862 -0.129099 -0.983866
vn -0.602523 -0.131721 -0.787157
vn -0.614921 -0.248329 -0.748468
vn 0.656242 -0.589163 -0.471416
vn 0.759008 -0.434806 -0.484615
vn -0.133197 -0.182391 -0.974162
vn -0.126316 -0.165711 -0.978051
vn -0.586411 0.205615 -0.783482
vn -0.643209 0.054227 -0.763768
vn 0.686872 -0.567771 -0.453700
vn 0.691470 -0.582814 -0.426846
vn -0.578340 0.197468 -0.791536
vn -0.583046 0.206283 -0.785815
vn -0.147933 -0.095903 -0.984337
vn -0.135658 -0.102687 -0.985420
vn -0.069841 -0.194530 -0.978407
vn 0.412914 -0.206213 -0.887118
vn 0.409555 -0.363436 -0.836767
vn 0.327601 -0.389926 -0.860602
vn 0.465863 -0.448469 -0.762789
vn -0.046212 -0.173697 -0.983714
vn 0.807470 -0.211341 -0.550751
vn -0.661612 -0.151663 -0.734349
vn -0.146869 -0.147865 -0.978042
vn 0.363655 -0.174490 -0.915045
vn 0.652579 -0.564711 -0.505215
vn -0.185822 -0.100115 -0.977470
vn -0.582998 0.220184 -0.782069
vn 0.291955 -0.419309 -0.859618
vn 0.731284 -0.605172 -0.314627
vn -0.582773 0.172335 -0.794152
vn 0.306470 -0.378773 -0.873274
vn 0.324630 -0.198285 -0.924824
vn 0.305391 -0.184626 -0.934157
vn 0.242780 -0.371855 -0.895981
vn -0.942773 0.248153 -0.222709
vn -0.984434 -0.106772 -0.139607
vn -0.875563 0.402604 -0.267018
vn -0.854160 0.453078 -0.255209
vn -0.642838 -0.175434 -0.745642
vn -0.974851 -0.182037 -0.128563
vn -0.820517 0.530012 -0.214101
vn -0.853180 0.466017 -0.234333
vn -0.831833 0.508586 -0.222246
vn 0.759590 -0.218452 -0.612618
vn -0.188306 -0.170936 -0.967120
vn -0.666645 0.145575 -0.731022
vn -0.918170 0.318743 -0.235302
vn -0.349548 -0.344252 -0.871382
vn -0.807678 -0.022084 -0.589211
vn -0.988066 0.095200 -0.121086
vn -0.602133 -0.644677 -0.470985
vn -0.876002 -0.304215 -0.374263
vn -0.954324 -0.297307 -0.029581
vn -0.663505 -0.747011 -0.041666
vn 0.763423 -0.583935 -0.276053
vn 0.548075 -0.479743 -0.685172
vn 0.293241 -0.406587 -0.865272
vn 0.196357 -0.434149 -0.879181
vn 0.037689 -0.581797 -0.812460
vn -0.032883 -0.893521 -0.447816
vn 0.008715 -0.993697 -0.111764
vn -0.179528 0.220232 0.958784
vn 0.278758 -0.090336 0.956103
vn 0.275687 -0.006392 0.961226
vn -0.239506 0.286157 0.927767
vn 0.384242 0.021498 0.922982
vn 0.456440 -0.033872 0.889109
vn 0.816645 -0.268017 0.511133
vn 0.817826 -0.045741 0.573646
vn 0.723049 -0.432139 0.538939
vn 0.697658 -0.365107 0.616417
vn 0.467044 -0.211444 0.858581
vn -0.334317 0.061941 0.940423
vn -0.161582 0.273475 0.948210
vn -0.238396 0.263133 0.934842
vn 0.383556 -0.053852 0.921946
vn 0.697209 -0.318527 0.642215
vn 0.750311 -0.309908 0.583944
vn -0.003076 0.031631 0.999495
vn 0.844248 -0.519893 0.130216
vn 0.813019 -0.567783 0.128929
vn 0.872080 -0.107640 0.477379
vn 0.936679 -0.140262 0.320871
vn 0.872397 -0.203309 0.444509
vn 0.492564 0.006566 0.870251
vn 0.914895 -0.403392 0.015549
vn 0.991883 -0.126955 -0.007067
vn 0.866261 -0.496523 0.055296
vn 0.804926 -0.588324 0.077266
vn -0.886732 -0.011377 0.462143
vn -0.700346 0.507527 0.501928
vn -0.729218 0.443264 0.521305
vn -0.672852 0.519579 0.526600
vn -0.704698 0.475649 0.526459
vn -0.692344 0.472019 0.545764
vn 0.824290 -0.038875 0.564832
vn 0.264852 0.098739 0.959220
vn -0.393414 0.125053 0.910817
vn -0.914105 -0.037922 0.403701
vn 0.994456 -0.104998 -0.005747
vn 0.975999 0.213241 -0.044199
vn 0.990697 0.093799 -0.098593
vn 0.970394 0.135688 0.199811
vn 0.961170 0.250555 0.115651
vn -0.605515 0.091514 0.790555
vn -0.979900 0.035274 0.196347
vn -0.012989 0.107394 0.994132
vn 0.463792 -0.144551 0.874072
vn -0.814281 0.302666 0.495317
vn -0.077161 -0.068521 0.994661
vn 0.420715 -0.281012 0.862572
vn -0.886448 -0.035219 0.461486
vn -0.253070 -0.560213 0.788744
vn 0.179613 -0.796059 0.577952
vn -0.626123 -0.684933 0.372607
vn 0.059683 -0.974113 0.218042
vn -0.962499 -0.136327 -0.234542
vn -0.911988 -0.066350 -0.404816
vn 0.989362 -0.141800 -0.032494
vn 0.795261 -0.134803 -0.591090
vn 0.737512 -0.169934 -0.653604
vn -0.467835 -0.153177 -0.870441
vn 0.047285 -0.169369 -0.984418
vn -0.064280 -0.174725 -0.982517
vn -0.565174 -0.199315 -0.800532
vn 0.706874 -0.571236 -0.417156
vn 0.694402 -0.621342 -0.362961
vn -0.248302 -0.114934 -0.961840
vn -0.202826 -0.248828 -0.947073
vn -0.631394 0.062947 -0.772903
vn -0.670870 0.182275 -0.718825
vn 0.415865 -0.331511 -0.846851
vn -0.073352 -0.138079 -0.987701
vn -0.055618 -0.196854 -0.978854
vn 0.398421 -0.167509 -0.901777
vn 0.328869 -0.486580 -0.809373
vn 0.444550 -0.569497 -0.691410
vn 0.069683 -0.357666 -0.931246
vn 0.790785 -0.428950 -0.436647
vn 0.817598 -0.158167 -0.553639
vn -0.535053 0.107097 -0.838003
vn -0.569012 -0.192997 -0.799361
vn 0.722613 -0.523087 -0.451897
vn -0.180062 -0.105760 -0.977953
vn -0.628407 0.193124 -0.753530
vn 0.280881 -0.349157 -0.893977
vn 0.262930 -0.411378 -0.872718
vn 0.716884 -0.629273 -0.300156
vn -0.467895 -0.114257 -0.876367
vn 0.378370 -0.159478 -0.911813
vn 0.402055 -0.180021 -0.897744
vn 0.736737 -0.169641 -0.654554
vn -0.869370 0.436016 -0.232563
vn -0.974011 -0.115422 -0.194888
vn -0.905869 0.379363 -0.188377
vn -0.874897 0.463041 -0.141946
vn -0.890040 0.439440 -0.121328
vn -0.875832 0.467908 -0.118235
vn 0.387445 -0.133903 -0.912116
vn 0.058187 -0.263084 -0.963017
vn -0.487699 -0.040003 -0.872095
vn -0.962738 0.241335 -0.122038
vn 0.058494 -0.378047 -0.923937
vn -0.546512 -0.209769 -0.810754
vn -0.995707 -0.083236 -0.040494
vn 0.061441 -0.864298 -0.499213
vn -0.537622 -0.676665 -0.503077
vn -0.683583 -0.729095 0.033690
vn -0.020349 -0.998384 -0.053054
vn 0.351443 -0.491086 0.797071
vn -0.719972 -0.681714 -0.130024
vn -0.750152 -0.645682 0.142709
vn 0.524113 -0.850017 -0.052694
vn -0.754367 -0.644952 -0.122342
vn 0.118025 -0.830717 -0.544039
vn 0.963754 0.230205 -0.134847
vn 0.965838 0.229751 -0.119882
vn 0.555378 -0.132291 0.821008
vn 0.882164 -0.434229 -0.182294
vn 0.787667 0.396446 0.471605
vn 0.786827 0.427436 0.445199
vn 0.672717 0.488830 0.555425
vn 0.684648 0.392877 0.613926
vn 0.943328 0.292216 0.157297
vn 0.924423 0.332050 0.187577
vn 0.825642 0.333860 0.454811
vn 0.843100 0.303451 0.443959
vn 0.942327 0.311036 0.123601
vn 0.957023 0.252977 0.141807
vn 0.945833 0.169800 0.276710
vn 0.961437 0.275001 -0.003722
vn 0.968368 0.207034 0.139285
vn 0.942450 0.138841 -0.304158
vn 0.948457 0.234009 -0.213703
vn 0.959716 0.280723 -0.011828
vn 0.958543 0.278540 -0.060090
vn 0.822943 -0.117967 0.555741
vn 0.658912 -0.076523 0.748318
vn 0.278954 -0.290019 -0.915464
vn 0.840483 -0.449010 -0.303280
vn -0.933008 -0.341948 0.112104
vn -0.990736 -0.090603 0.101162
vn -0.907212 -0.225094 0.355387
vn 0.402023 -0.268875 -0.875262
vn 0.701117 -0.273014 -0.658710
vn 0.975787 0.089192 -0.199714
vn 0.948908 0.215652 -0.230366
vn 0.878356 0.017412 -0.477690
vn 0.988119 -0.153553 0.006509
vn 0.974908 -0.118661 -0.188343
vn 0.902931 0.275755 -0.329659
vn 0.985964 -0.140780 -0.089758
vn 0.818266 0.063879 -0.571280
vn 0.971951 0.114922 -0.205195
vn 0.963114 0.097276 -0.250897
vn 0.837553 0.059024 -0.543159
vn 0.825354 -0.392696 -0.405686
vn 0.925662 -0.317462 -0.205836
vn 0.903213 -0.429194 -0.000049
vn 0.543455 -0.316851 -0.777343
vn 0.914029 -0.210127 0.346984
vn 0.846093 -0.111578 0.521227
vn -0.987913 -0.154989 0.002519
vn 0.944836 -0.259685 -0.199624
vn 0.760263 -0.084506 -0.644096
vn 0.699018 -0.322153 -0.638429
vn 0.535543 -0.291802 -0.792493
vn 0.783991 0.049368 -0.618806
vn 0.577608 0.028504 0.815817
vn 0.779287 -0.053735 0.624359
vn 0.581727 -0.049389 -0.811883
vn 0.339412 0.043816 -0.939617
vn 0.302123 -0.067063 -0.950907
vn 0.949473 -0.190724 0.249248
vn 0.926729 0.193737 -0.321930
vn 0.937896 0.229149 -0.260463
vn 0.912073 -0.349480 -0.214445
vn 0.591272 -0.299867 -0.748650
vn 0.913947 -0.373400 -0.158976
vn -0.933190 -0.353467 -0.064936
vn -0.714828 -0.573713 -0.399843
vn -0.982952 -0.182539 0.022018
vn -0.971278 0.018658 0.237213
vn -0.618164 -0.007306 -0.786015
vn -0.657342 -0.247830 -0.711675
vn -0.379053 -0.251880 -0.890435
vn -0.360256 -0.026134 -0.932487
vn 0.115133 -0.211202 -0.970638
vn 0.897568 -0.284600 0.336712
vn 0.849377 0.011521 -0.527661
vn 0.373161 0.143209 -0.916647
vn 0.371316 0.143858 -0.917295
vn 0.560092 0.158618 -0.813103
vn 0.575411 0.142324 -0.805386
vn 0.772222 0.144222 -0.618768
vn 0.791654 0.054650 -0.608521
vn 0.601277 -0.024352 -0.798670
vn 0.549123 0.034565 -0.835027
vn 0.439947 -0.213918 -0.872173
vn 0.728062 0.165729 -0.665177
vn 0.714118 -0.173479 -0.678189
vn 0.766146 -0.085377 0.636970
vn 0.636781 0.065363 0.768269
vn -0.969080 -0.215700 -0.119823
vn -0.941671 0.140808 0.305661
vn -0.987984 -0.084950 0.129116
vn -0.940427 -0.338098 0.035890
vn 0.965225 0.252938 -0.066059
vn -0.916508 -0.288926 -0.276651
vn -0.854891 -0.497360 -0.147629
vn -0.820639 -0.395045 0.412906
vn -0.888898 -0.315810 0.331851
vn -0.984864 -0.158646 0.069822
vn -0.869585 -0.453360 -0.195668
vn -0.929829 -0.365382 -0.043743
vn -0.765825 -0.212573 0.606898
vn -0.907052 -0.208135 0.365973
vn -0.844716 -0.466531 0.262303
vn -0.946344 -0.319234 -0.050219
vn -0.856850 -0.463054 -0.226691
vn 0.538182 -0.841595 0.045580
vn 0.853141 -0.379100 0.358377
vn 0.912224 -0.320224 -0.255546
vn 0.412712 -0.718420 -0.559948
vn -0.853081 -0.510397 0.108384
vn 0.344826 -0.769628 0.537372
vn 0.657202 -0.246892 0.712131
vn -0.766710 -0.035113 0.641033
vn -0.296883 -0.894070 -0.335410
vn -0.036643 -0.979958 -0.195803
vn -0.379565 -0.237085 -0.894271
vn -0.302951 -0.952999 0.003637
vn 0.070034 -0.514538 0.854603
vn 0.452001 -0.130561 0.882411
vn 0.902017 0.186246 -0.389458
vn -0.091305 -0.307789 0.947064
vn -0.174216 -0.218716 0.960111
vn 0.897445 0.187478 -0.399305
vn 0.760261 0.175027 -0.625596
vn 0.852598 -0.175268 0.492298
vn 0.955460 0.269744 -0.119729
vn 0.957146 0.272742 -0.097382
vn 0.953283 0.295743 -0.061551
vn -0.563480 -0.177565 0.806822
vn -0.003349 -0.067767 0.997696
vn -0.238687 -0.136652 0.961434
vn -0.823290 -0.195689 0.532823
vn 0.189257 0.461691 0.866616
vn -0.406803 0.509978 0.757914
vn -0.943075 -0.255480 0.212932
vn 0.982189 -0.011194 -0.187565
vn 0.966133 0.048311 0.253481
vn 0.944980 0.234968 -0.227604
vn 0.931758 0.202535 -0.301343
vn -0.974743 -0.197116 -0.104982
vn -0.847945 -0.177071 -0.499635
vn -0.865687 -0.239734 -0.439447
vn -0.960340 -0.245331 0.132517
vn -0.954459 -0.253752 0.156898
vn -0.943135 -0.308220 0.124485
vn -0.964010 -0.249827 0.090950
vn 0.221028 0.043078 0.974316
vn 0.402991 0.068681 0.912623
vn 0.475566 0.120516 0.871386
vn -0.679261 -0.293708 0.672562
vn -0.888715 -0.269157 0.371133
vn -0.268437 -0.340789 -0.901002
vn -0.635912 -0.454603 -0.623661
vn 0.183889 -0.108925 -0.976893
vn 0.176351 -0.262920 -0.948564
vn 0.949490 0.313290 -0.017861
vn 0.960450 0.123272 -0.249680
vn 0.909342 0.191345 -0.369438
vn 0.840203 0.049304 -0.540025
vn 0.809752 -0.033809 -0.585797
vn 0.126917 0.124242 -0.984102
vn 0.068901 0.083994 -0.994081
vn 0.471408 0.580844 0.663623
vn 0.473145 0.600100 0.644991
vn 0.968019 -0.198314 0.153660
vn 0.987453 0.149258 0.051568
vn 0.782744 0.240623 0.573944
vn 0.710360 0.152805 0.687051
vn 0.120896 -0.041903 -0.991780
vn -0.709160 -0.659037 -0.250524
vn -0.526033 -0.786587 -0.323374
vn -0.223045 -0.755116 -0.616483
vn -0.908821 -0.415986 -0.031630
vn -0.828592 -0.529195 -0.182722
vn -0.769888 -0.523481 -0.365019
vn -0.866519 -0.465880 -0.179168
vn 0.736284 0.124886 0.665048
vn 0.877119 0.019950 0.479858
vn -0.648846 -0.437891 0.622295
vn -0.872931 -0.381115 0.304538
vn -0.375657 -0.015469 -0.926630
vn 0.084895 0.081589 -0.993044
vn 0.946677 0.318533 0.048373
vn 0.955814 0.286685 0.065045
vn -0.817839 -0.238197 -0.523834
vn -0.852980 -0.216439 -0.474952
vn -0.953939 0.030090 0.298487
vn -0.672034 -0.101893 -0.733477
vn -0.313617 0.016858 -0.949400
vn -0.727324 -0.139218 -0.672026
vn -0.764421 -0.572825 -0.295857
vn 0.047428 -0.301693 -0.952225
vn 0.597199 -0.034063 -0.801370
vn 0.419340 -0.111834 -0.900915
vn 0.473239 -0.149600 -0.868139
vn 0.808640 0.003882 -0.588291
vn 0.953997 0.090355 -0.285877
vn -0.766917 -0.639361 -0.055275
vn -0.748057 -0.645223 0.155236
vn -0.736855 -0.665735 0.117651
vn -0.964736 -0.245480 -0.094990
vn -0.849759 0.407253 0.334745
vn -0.870412 0.344011 0.352191
vn -0.527076 0.625083 0.575728
vn -0.477393 0.650078 0.591180
vn -0.713552 -0.699522 0.038890
vn -0.520674 -0.769402 0.370025
vn 0.967056 -0.165790 0.193173
vn 0.961592 -0.207500 0.179678
vn -0.788590 -0.572807 0.223648
vn 0.954349 0.207288 0.215059
vn 0.857307 0.360622 0.367391
vn -0.921433 -0.165148 -0.351693
vn -0.990528 0.081379 -0.110599
vn -0.832416 -0.488703 0.261251
vn -0.850971 -0.466972 0.240387
vn -0.859375 -0.502136 0.096612
vn -0.824616 -0.528656 0.201324
vn 0.115288 0.107116 -0.987540
vn -0.869969 -0.480935 0.108888
vn 0.369794 0.129453 -0.920051
vn 0.606483 0.069333 0.792068
vn -0.994740 -0.048079 0.090453
vn -0.976745 -0.201136 0.074250
vn -0.923837 0.230783 0.305393
vn -0.635811 0.574139 0.515857
vn -0.823286 0.297293 0.483546
vn -0.810069 0.271126 0.519884
vn -0.980985 -0.169291 -0.094916
vn -0.365625 0.516413 0.774362
vn -0.254335 0.642547 0.722805
vn -0.731556 0.408288 0.546010
vn -0.373083 0.530365 0.761263
vn -0.628886 -0.531744 -0.567231
vn -0.740527 0.287254 0.607540
vn -0.980902 -0.184571 -0.061358
vn -0.853237 -0.329364 0.404359
vn -0.878075 -0.381445 0.288934
vn -0.846786 -0.521195 -0.106342
vn -0.820700 -0.544147 -0.174231
vn -0.875815 -0.323816 0.357899
vn -0.898083 -0.413304 0.150424
vn -0.869280 -0.493386 0.030377
vn -0.966909 -0.221857 0.125966
vn -0.844836 -0.531760 -0.059027
vn -0.797290 -0.600423 -0.061818
vn -0.325999 0.435304 0.839187
vn -0.624931 -0.521791 -0.580685
vn 0.646003 0.142673 0.749883
vn 0.700758 0.205621 0.683124
vn 0.962243 0.269813 0.035907
vn -0.096967 -0.664862 -0.740645
vn -0.049589 -0.624174 -0.779710
vn -0.614216 -0.632613 -0.471740
vn -0.961272 -0.275494 0.007688
vn -0.044206 -0.752403 -0.657218
vn -0.436930 -0.882471 -0.174175
vn -0.788056 -0.564381 0.245851
vn 0.056336 -0.966400 -0.250792
vn -0.175212 -0.981340 0.079201
vn -0.393540 -0.715543 0.577170
vn 0.121418 -0.989341 0.080392
vn 0.836297 0.106974 -0.537739
vn -0.005618 -0.759016 0.651047
vn -0.283536 0.459710 0.841590
vn -0.662788 0.313232 0.680146
vn -0.845982 0.209327 0.490404
vn -0.858880 0.145480 0.491081
vn -0.791468 -0.083422 0.605491
vn -0.468669 -0.181575 0.864512
vn -0.166193 -0.146337 0.975175
vn -0.784840 -0.259855 -0.562585
vn -0.917837 -0.396690 0.014580
vn -0.895951 -0.339446 -0.286440
vn -0.725835 -0.661631 -0.188172
vn 0.916959 0.350642 0.190358
vn 0.980386 0.096182 0.172027
vn 0.665067 0.450821 0.595354
vn 0.626131 0.503280 0.595541
vn 0.982621 0.157550 0.098150
vn 0.167566 0.579063 0.797877
vn 0.095456 0.593950 0.798819
vn 0.898522 -0.241598 -0.366455
vn 0.464523 0.457550 0.758200
vn 0.969279 0.110219 0.219889
vn 0.719467 0.355697 0.596529
vn 0.302106 0.619465 0.724566
vn 0.510260 -0.551523 -0.659892
vn 0.527101 -0.528494 -0.665476
vn 0.901721 -0.285128 -0.324962
vn -0.003256 0.480726 0.876865
vn 0.904529 -0.343992 -0.251985
vn 0.955369 0.097792 0.278760
vn 0.541374 -0.631795 -0.554752
vn 0.936658 -0.112229 0.331778
vn 0.861940 -0.492756 -0.119379
vn 0.521236 -0.821087 -0.232656
vn 0.680271 -0.401862 0.612976
vn 0.733254 -0.672715 0.098964
vn 0.418793 -0.903412 0.091975
vn 0.308734 -0.675489 0.669626
vn -0.024544 0.490790 0.870932
vn 0.412570 0.447432 0.793468
vn 0.582216 0.457216 0.672293
vn 0.605906 0.438000 0.664104
vn 0.651874 0.256201 0.713737
vn 0.419590 0.051190 0.906269
vn 0.114503 -0.093045 0.989056
vn 0.687714 0.525177 0.501238
vn 0.501689 0.591062 0.631628
vn -0.869556 -0.452382 0.198047
vn -0.965152 -0.206602 0.160617
vn 0.717511 0.278358 0.638510
vn 0.059678 0.713304 0.698309
vn 0.140657 0.675949 0.723401
vn 0.704231 0.343938 0.621100
vn 0.032427 -0.207011 -0.977801
vn -0.932764 -0.353534 0.070461
vn -0.432947 0.663655 0.610016
vn -0.943598 -0.316976 0.095650
vn -0.976460 -0.195088 0.092011
vn 0.435084 0.623636 0.649446
vn -0.921085 -0.210836 0.327338
vn 0.012376 -0.054502 -0.998437
vn -0.899323 -0.276159 0.339051
vn -0.845335 -0.219028 0.487273
vn -0.854226 -0.247321 0.457308
vn -0.895980 -0.228835 0.380597
vn -0.874324 -0.484563 0.027525
vn -0.841700 0.442962 0.308748
vn -0.999143 0.041376 0.000689
vn 0.028700 0.723725 0.689491
vn -0.096613 0.754604 0.649029
vn -0.695149 0.307925 0.649577
vn -0.767720 -0.620315 -0.160674
vn 0.803355 0.265377 0.533100
vn 0.676283 0.360488 0.642410
vn -0.806009 -0.521701 -0.279604
vn -0.682616 -0.696526 -0.221104
vn -0.870143 -0.454057 0.191532
vn -0.663346 -0.729978 -0.164635
vn -0.884207 -0.296513 -0.360914
vn -0.914264 -0.315656 -0.253935
vn -0.891163 -0.434975 -0.128938
vn 0.584305 0.097953 0.805601
vn -0.719496 -0.599211 -0.351101
vn -0.740138 -0.653667 -0.157844
vn -0.825365 -0.008967 -0.564528
vn -0.995047 0.072941 -0.067538
vn -0.265265 0.073992 -0.961332
vn -0.293611 0.113600 -0.949151
vn -0.582792 0.094704 -0.807084
vn 0.942634 -0.069995 -0.326409
vn 0.916892 -0.325995 -0.230297
vn -0.913311 -0.251596 -0.320253
vn 0.916922 0.105253 -0.384936
vn 0.872361 -0.270478 -0.407220
vn 0.718248 -0.339343 -0.607426
vn 0.897186 0.165892 -0.409313
vn -0.815372 -0.432870 -0.384437
vn -0.769436 -0.197944 -0.607279
vn -0.930040 -0.181773 0.319349
vn -0.953073 -0.155135 0.259970
vn -0.983877 -0.115041 -0.136940
vn -0.830315 -0.403181 -0.384737
vn -0.833700 -0.079262 -0.546500
vn -0.970258 -0.058266 -0.234955
vn -0.623371 -0.011615 -0.781840
vn -0.877936 -0.403028 -0.258450
vn -0.921606 -0.385206 0.047531
vn -0.871099 -0.228755 0.434577
vn -0.916085 -0.269690 0.296741
vn -0.944489 -0.278142 0.174865
vn -0.799029 0.035585 -0.600239
vn -0.908864 -0.356493 0.216516
vn 0.923942 -0.353559 -0.146040
vn 0.930453 -0.189156 0.313811
vn 0.935910 -0.264802 0.232278
vn 0.867240 -0.258070 -0.425788
vn 0.862306 -0.287392 -0.416935
vn -0.818266 0.363138 0.445613
vn 0.963415 0.258617 0.070341
vn 0.796629 -0.331177 -0.505671
vn 0.050300 0.748597 0.661115
vn 0.714828 -0.676499 -0.177115
vn 0.748409 -0.658982 0.075012
vn 0.751783 -0.574496 0.323691
vn 0.851410 -0.524500 -0.000312
vn 0.820336 -0.545418 -0.171956
vn 0.827938 -0.517214 0.216814
vn 0.828848 -0.557946 0.041329
vn 0.791110 -0.576276 -0.205061
vn 0.786578 -0.523588 0.327339
vn 0.653524 -0.635412 -0.411289
vn 0.738292 -0.578550 -0.346705
vn 0.687416 -0.589362 -0.424396
vn 0.699784 -0.694847 -0.165804
vn 0.732752 -0.677985 0.058400
vn 0.744081 -0.604873 0.283676
vn 0.851022 -0.524238 0.030600
vn 0.816021 -0.546152 -0.189283
vn 0.825499 -0.498574 0.264528
vn 0.646184 -0.664154 -0.375960
vn 0.716440 -0.570833 -0.401079
vn 0.749891 -0.659297 0.054684
vn 0.764020 -0.579449 0.283746
vn 0.844144 -0.497636 0.199445
vn 0.861998 -0.506772 -0.011860
vn 0.833435 -0.551535 0.034586
vn 0.804386 -0.518705 0.289669
vn 0.707318 -0.683509 -0.180323
vn 0.642366 -0.646470 -0.411634
vn 0.833520 -0.518370 -0.191146
vn 0.759396 -0.537519 -0.366593
vn 0.794285 -0.571072 -0.207336
vn 0.683872 -0.579433 -0.443369
vn 0.757791 -0.652490 -0.003077
vn 0.774261 -0.583738 0.244480
vn 0.851607 -0.496043 0.169432
vn 0.856673 -0.512371 -0.059891
vn 0.827128 -0.561059 -0.032733
vn 0.815234 -0.524560 0.245421
vn 0.712026 -0.662358 -0.233028
vn 0.632487 -0.617934 -0.467032
vn 0.734130 -0.548307 -0.400516
vn 0.813785 -0.529820 -0.238839
vn 0.781012 -0.567996 -0.259615
vn 0.673142 -0.564779 -0.477393
vn -0.253391 0.508608 0.822868
vn -0.467615 0.471735 0.747531
vn -0.379221 0.624008 0.683232
vn -0.216142 0.679263 0.701345
vn -0.476017 0.543108 0.691695
vn -0.246331 0.645722 0.722748
vn -0.023700 0.547917 0.836197
vn 0.213978 0.579997 0.786014
vn -0.066629 0.685186 0.725314
vn 0.132660 0.647738 0.750225
vn -0.021850 0.676742 0.735896
vn 0.222805 0.636568 0.738336
vn -0.055059 -0.875728 -0.479656
vn -0.000000 -0.906409 -0.422401
vn 0.069366 -0.899668 -0.431029
vn 0.024628 -0.879754 -0.474791
vn 0.079748 -0.895994 -0.436846
vn 0.132744 -0.896672 -0.422325
vn 0.308542 -0.930015 -0.199688
vn 0.262145 -0.925292 -0.274069
vn 0.327605 -0.943400 0.051694
vn 0.333334 -0.942405 -0.027579
vn 0.307855 -0.942033 0.133412
vn 0.266547 -0.942943 0.199529
vn 0.225279 -0.942150 0.248201
vn 0.055333 -0.933020 0.355545
vn 0.102554 -0.938109 0.330809
vn 0.149773 -0.938337 0.311595
vn 0.154368 -0.950411 0.269982
vn 0.000000 -0.953552 0.301230
vn -0.007397 -0.936802 0.349781
vn 0.159988 -0.947035 0.278440
vn 0.186948 -0.942176 0.278126
vn 0.211747 -0.912200 -0.350790
vn 0.326312 -0.939153 -0.107292
vn 0.055059 -0.875729 -0.479654
vn -0.024628 -0.879755 -0.474790
vn -0.069366 -0.899668 -0.431029
vn -0.079748 -0.895994 -0.436846
vn -0.132743 -0.896668 -0.422333
vn -0.262145 -0.925294 -0.274064
vn -0.308541 -0.930013 -0.199697
vn -0.333337 -0.942405 -0.027570
vn -0.327605 -0.943400 0.051689
vn -0.307855 -0.942033 0.133411
vn -0.266547 -0.942943 0.199527
vn -0.225280 -0.942150 0.248198
vn -0.102554 -0.938108 0.330812
vn -0.055333 -0.933020 0.355545
vn -0.149773 -0.938337 0.311595
vn -0.154368 -0.950412 0.269979
vn 0.007397 -0.936802 0.349781
vn -0.186948 -0.942176 0.278130
vn -0.159988 -0.947033 0.278448
vn -0.211747 -0.912199 -0.350794
vn -0.326312 -0.939155 -0.107280
vn -0.000000 -1.000000 0.000000
vn 0.000003 0.996067 0.088599
vn -0.962597 0.091352 -0.255072
vn -0.933146 0.135197 -0.333107
vn -0.961168 0.183384 -0.206219
vn -0.981012 0.128638 -0.145146
vn -0.329341 0.367303 0.869841
vn 0.278339 0.382332 0.881107
vn -0.971800 0.203986 -0.118297
vn -0.975628 0.219054 -0.012888
vn -0.969949 0.238195 0.049624
vn -0.987975 0.154569 -0.003688
vn -0.933452 0.355267 0.049532
vn -0.911403 0.373972 0.171726
vn -0.820163 0.444870 0.359755
vn -0.913336 0.359041 0.192110
vn -0.970376 0.241552 0.004795
vn -0.970888 0.235813 -0.042045
vn -0.963632 0.264432 -0.038596
vn -0.965206 0.260461 0.023192
vn -0.814489 0.077456 -0.574986
vn -0.576818 0.035975 -0.816080
vn -0.562864 0.161731 -0.810572
vn -0.766044 0.182219 -0.616419
vn -0.926652 0.166486 -0.337044
vn -0.919655 0.169426 -0.354301
vn -0.945659 0.192362 -0.262155
vn -0.941549 0.195704 -0.274200
vn -0.940926 0.195953 -0.276155
vn -0.957329 0.220126 -0.187257
vn -0.898161 0.135019 -0.418422
vn -0.892648 0.123356 -0.433547
vn -0.950994 0.288234 0.111945
vn -0.953912 0.298886 -0.026806
vn -0.941966 0.335708 0.000662
vn -0.660562 0.121558 -0.740865
vn -0.829474 0.104866 -0.548612
vn -0.796877 0.116533 -0.592795
vn -0.610590 0.124887 -0.782038
vn -0.384140 0.088660 -0.919008
vn -0.368601 0.103585 -0.923799
vn 0.414818 -0.121014 -0.901821
vn -0.088880 0.024285 -0.995746
vn -0.070536 0.045702 -0.996462
vn 0.411204 -0.070118 -0.908843
vn 0.697936 -0.327955 -0.636657
vn 0.302584 -0.248000 -0.920293
vn 0.388798 -0.196776 -0.900064
vn 0.755772 -0.278763 -0.592537
vn 0.887047 -0.351355 -0.299496
vn 0.913262 -0.298386 -0.277341
vn 0.952161 -0.303781 0.033277
vn 0.928045 -0.371246 0.030137
vn 0.896652 -0.259134 0.358977
vn 0.902817 -0.268616 0.335809
vn 0.915213 -0.316432 0.249513
vn 0.922763 -0.288046 0.256004
vn 0.905474 -0.252562 0.341070
vn 0.890856 -0.319854 0.322597
vn 0.931957 -0.360374 -0.039841
vn 0.954351 -0.288925 -0.075736
vn 0.918708 -0.246138 0.308855
vn 0.937375 -0.239823 0.252614
vn 0.951382 -0.237426 0.196215
vn 0.966804 -0.198041 0.161460
vn 0.640892 -0.745611 -0.182544
vn 0.642973 -0.740633 -0.195062
vn 0.618812 -0.753998 -0.220360
vn 0.565097 -0.808493 -0.164328
vn -0.437047 0.028486 0.898988
vn -0.225055 -0.069073 0.971895
vn -0.327300 -0.096726 0.939957
vn -0.529475 0.039443 0.847408
vn 0.989612 -0.131629 -0.057813
vn 0.962824 -0.056443 -0.264168
vn 0.976898 -0.178159 -0.118028
vn 0.869092 -0.096031 0.485239
vn 0.839284 0.060949 0.540266
vn 0.975115 -0.054199 -0.214974
vn -0.699925 0.020742 0.713915
vn -0.195081 0.146762 0.969744
vn -0.328674 0.037191 0.943711
vn -0.747381 -0.047824 0.662673
vn 0.271235 0.162741 0.948655
vn 0.453289 -0.069904 0.888618
vn -0.668590 -0.643474 -0.372732
vn -0.788661 -0.597368 0.145482
vn -0.902576 -0.411578 0.126337
vn -0.808184 -0.476407 -0.346230
vn 0.232878 0.317931 0.919069
vn 0.240398 0.280865 0.929152
vn -0.348564 0.022784 0.937008
vn -0.307425 -0.051002 0.950204
vn -0.681547 -0.628118 -0.375447
vn -0.669105 -0.659888 -0.341827
vn -0.762205 -0.615677 0.199966
vn -0.791828 -0.577265 0.199433
vn 0.301215 0.365928 0.880549
vn 0.285249 0.356183 0.889813
vn -0.214086 0.048835 0.975593
vn -0.186999 0.030715 0.981880
vn -0.781479 -0.246288 0.573265
vn -0.394663 0.091760 0.914233
vn -0.783051 -0.023010 0.621532
vn -0.689739 -0.443142 0.572613
vn -0.313662 -0.110196 0.943119
vn -0.605323 -0.350184 0.714811
vn -0.978115 -0.138707 0.155087
vn -0.899621 -0.216151 -0.379422
vn 0.269774 0.134192 0.953528
vn -0.225126 0.152382 0.962340
vn -0.715263 0.032088 0.698118
vn -0.674099 -0.615339 -0.408593
vn -0.802394 -0.573974 0.163457
vn 0.277436 0.336188 0.900004
vn -0.207323 0.034377 0.977668
vn -0.643022 -0.358761 0.676619
vn -0.619060 -0.310037 0.721555
vn -0.617248 -0.309048 0.723529
vn -0.752136 -0.647228 0.124045
vn -0.686246 -0.676494 -0.267249
vn 0.298599 0.302278 0.905244
vn 0.772470 0.380419 0.508499
vn 0.851194 -0.078930 0.518881
vn 0.766232 0.488154 0.417845
vn 0.713533 0.567797 0.410460
vn 0.314023 0.141623 0.938793
vn 0.847592 -0.008238 0.530585
vn 0.692888 0.584417 0.422331
vn 0.726548 0.533029 0.433599
vn 0.733269 0.519406 0.438787
vn 0.857556 0.471739 -0.205086
vn 0.830978 0.510897 -0.220136
vn 0.863905 0.459606 -0.205987
vn 0.821001 0.515548 -0.245291
vn -0.977593 -0.116596 0.175261
vn -0.887126 -0.196066 -0.417811
vn -0.873849 -0.231385 -0.427608
vn -0.975061 -0.131281 0.178946
vn 0.938997 0.248088 -0.238196
vn 0.859674 0.445184 -0.250544
vn 0.967983 -0.157371 -0.195561
vn 0.958677 -0.224540 -0.174699
vn -0.193073 -0.091713 0.976889
vn 0.400202 0.275357 0.874081
vn 0.831615 0.385065 0.400177
vn 0.920498 0.338576 -0.195067
vn -0.050405 -0.276836 0.959594
vn 0.643869 0.004081 0.765125
vn 0.928419 0.043185 0.369016
vn 0.999204 -0.003136 -0.039777
vn 0.284894 -0.597488 0.749562
vn 0.684259 -0.308585 0.660731
vn 0.888001 -0.314728 0.335263
vn 0.941601 -0.332684 0.052044
vn 0.555453 -0.740293 0.378732
vn 0.635023 -0.772431 0.009836
vn -0.729649 -0.645437 -0.225885
vn -0.784406 -0.614857 0.081595
vn -0.726192 -0.488486 0.483762
vn -0.592151 -0.390627 0.704818
vn -0.570489 -0.383067 0.726500
vn -0.384347 -0.531746 0.754668
vn -0.196655 -0.789598 0.581259
vn -0.100647 -0.959024 0.264846
vn -0.061059 -0.995224 -0.076162
vn 0.527465 -0.125596 -0.840242
vn 0.064650 -0.171527 -0.983056
vn -0.081203 -0.254039 -0.963779
vn 0.673899 -0.266955 -0.688909
vn 0.013675 -0.236075 -0.971639
vn 0.556021 0.008950 -0.831120
vn 0.571430 0.157270 -0.805440
vn 0.080419 -0.239787 -0.967489
vn 0.593865 0.224548 -0.772595
vn 0.143356 -0.138914 -0.979874
vn 0.160446 -0.139142 -0.977188
vn 0.610737 0.195776 -0.767250
vn -0.063741 -0.210112 -0.975597
vn -0.491267 -0.423146 -0.761318
vn -0.518351 -0.234578 -0.822366
vn -0.002794 -0.253409 -0.967355
vn -0.466288 -0.538912 -0.701533
vn -0.324185 -0.473752 -0.818818
vn 0.519532 -0.197756 -0.831252
vn -0.452584 -0.209090 -0.866862
vn 0.045300 -0.184831 -0.981726
vn 0.601405 0.165895 -0.781531
vn 0.174082 -0.159376 -0.971748
vn -0.321399 -0.494447 -0.807604
vn -0.279428 -0.438613 -0.854130
vn -0.309259 -0.446119 -0.839844
vn 0.554203 0.165969 -0.815668
vn 0.538752 -0.191681 -0.820369
vn -0.435830 -0.236997 -0.868265
vn -0.492971 -0.253799 -0.832206
vn 0.127293 -0.264501 -0.955948
vn 0.655902 0.110356 -0.746736
vn 0.846328 -0.137369 -0.514643
vn 0.339288 -0.420261 -0.841585
vn 0.861691 -0.352229 -0.365271
vn 0.553290 -0.672148 -0.492023
vn -0.545089 -0.574876 -0.610243
vn -0.372367 -0.494436 -0.785414
vn -0.331659 -0.503417 -0.797856
vn -0.091893 -0.633935 -0.767908
vn -0.024124 -0.897281 -0.440801
vn 0.991979 -0.078581 -0.099007
vn 0.817254 0.027723 0.575610
vn 0.844151 0.005030 0.536082
vn 0.980427 -0.057163 -0.188400
vn -0.934010 -0.229119 -0.274098
vn -0.924291 -0.148975 -0.351415
vn -0.978686 -0.091806 0.183697
vn -0.971661 -0.125003 0.200623
vn 0.287599 0.012576 0.957668
vn -0.085639 0.053279 0.994901
vn -0.219750 0.068143 0.973173
vn 0.328671 0.079564 0.941087
vn -0.675759 -0.635947 -0.372721
vn -0.786861 -0.605707 0.118194
vn -0.917483 -0.386595 0.093648
vn -0.814378 -0.450105 -0.366325
vn -0.367309 0.006778 0.930074
vn -0.357886 -0.074073 0.930823
vn 0.187120 0.347897 0.918670
vn 0.246970 0.306952 0.919122
vn -0.786330 -0.237272 0.570428
vn -0.310015 0.052692 0.949270
vn -0.750875 -0.047527 0.658732
vn -0.595390 -0.307422 0.742296
vn -0.194738 0.024385 0.980552
vn -0.195416 0.016105 0.980588
vn -0.599739 -0.336992 0.725775
vn -0.637249 -0.390975 0.664117
vn -0.200036 -0.091219 0.975533
vn -0.975161 -0.164190 0.148671
vn -0.892699 -0.255710 -0.371082
vn 0.338773 0.069502 0.938298
vn -0.166890 0.054411 0.984473
vn -0.696041 0.002077 0.717999
vn -0.659894 -0.649388 -0.377937
vn -0.757163 -0.629789 0.173410
vn -0.212696 -0.019484 0.976924
vn 0.248152 0.340886 0.906762
vn -0.670591 -0.386005 0.633489
vn -0.785136 -0.575870 0.227892
vn -0.699068 -0.629092 -0.339924
vn -0.707974 -0.630625 -0.317939
vn -0.788445 -0.558106 0.258596
vn 0.273231 0.337247 0.900894
vn 0.274643 0.344974 0.897532
vn -0.697909 -0.677197 -0.233081
vn -0.769686 -0.603290 0.208867
vn 0.362291 0.207852 0.908594
vn -0.742788 -0.004752 0.669510
vn -0.702730 0.008818 0.711402
vn -0.596259 -0.401134 0.695390
vn 0.745929 0.491604 0.449350
vn 0.828633 -0.179131 0.530358
vn 0.806953 0.365334 0.464067
vn 0.701670 0.544422 0.459635
vn 0.691734 0.555235 0.461755
vn 0.846021 -0.140984 0.514171
vn 0.351655 0.009734 0.936079
vn 0.615873 0.667533 0.418450
vn 0.664837 0.606890 0.435519
vn 0.741984 0.628014 -0.234645
vn 0.787219 0.581455 -0.205417
vn -0.976116 -0.094501 0.195622
vn -0.917754 -0.161828 -0.362683
vn -0.198841 0.075362 0.977130
vn 0.314834 0.070392 0.946533
vn 0.833729 0.502640 -0.228582
vn 0.923725 0.318389 -0.212982
vn 0.838723 0.484363 -0.248869
vn -0.096175 -0.133283 0.986401
vn 0.461824 0.125929 0.877987
vn 0.870890 0.193615 0.451734
vn 0.980318 0.151459 -0.126641
vn 0.345087 -0.554578 0.757204
vn 0.689890 -0.236119 0.684325
vn 0.873667 -0.289659 0.390902
vn 0.935489 -0.330119 0.126020
vn 0.564040 -0.734782 0.376768
vn 0.608449 -0.789930 0.076163
vn -0.710985 -0.673863 -0.201022
vn -0.772638 -0.616109 0.153102
vn -0.683278 -0.463353 0.564300
vn -0.512047 -0.332222 0.792109
vn -0.423961 -0.410369 0.807375
vn -0.294942 -0.790914 0.536157
vn -0.264887 -0.939184 0.218557
vn -0.216256 -0.973268 -0.077345
vn 0.896083 0.380942 -0.227857
vn 0.959699 -0.233438 -0.156477
vn 0.940907 -0.312036 -0.131632
vn 0.700569 -0.188210 -0.688317
vn 0.576765 -0.101951 -0.810523
vn 0.025193 -0.143326 -0.989355
vn -0.247658 -0.345098 -0.905302
vn 0.080922 -0.206192 -0.975160
vn 0.018003 -0.279118 -0.960088
vn 0.607991 0.003709 -0.793935
vn 0.535988 0.241260 -0.809018
vn -0.022830 -0.295675 -0.955016
vn -0.503388 -0.423316 -0.753262
vn -0.499460 -0.298499 -0.813289
vn 0.185751 -0.120761 -0.975148
vn 0.168950 -0.142089 -0.975329
vn -0.326732 -0.464535 -0.823076
vn -0.315616 -0.452483 -0.834054
vn 0.108626 -0.271530 -0.956280
vn -0.408759 -0.571818 -0.711295
vn 0.606409 -0.287856 -0.741220
vn -0.511106 -0.212685 -0.832788
vn 0.041345 -0.223046 -0.973931
vn 0.178377 -0.114922 -0.977228
vn 0.565165 0.248901 -0.786535
vn -0.337665 -0.474544 -0.812890
vn 0.591893 0.207382 -0.778881
vn 0.580881 0.187923 -0.791999
vn 0.621991 0.085648 -0.778326
vn -0.284468 -0.449981 -0.846520
vn 0.610615 -0.249714 -0.751527
vn -0.582126 -0.196841 -0.788913
vn -0.740579 -0.308210 -0.597117
vn 0.716102 -0.011975 -0.697893
vn 0.208007 -0.324616 -0.922690
vn 0.881050 -0.373827 -0.289837
vn 0.538622 -0.723076 -0.432489
vn -0.495487 -0.625222 -0.602985
vn -0.285948 -0.515487 -0.807779
vn -0.198668 -0.580147 -0.789912
vn -0.164438 -0.890769 -0.423664
vn -0.485345 -0.000446 0.874322
vn -0.292279 0.148997 0.944655
vn 0.193223 0.196762 0.961223
vn 0.412213 0.075158 0.907982
vn 0.190427 0.255487 0.947873
vn 0.209649 0.181713 0.960743
vn -0.371253 -0.031149 0.928009
vn -0.324943 -0.075248 0.942735
vn 0.254928 0.305297 0.917500
vn 0.244008 0.309513 0.919055
vn -0.228758 0.019028 0.973297
vn -0.234043 0.015075 0.972109
vn -0.801290 -0.267953 0.534916
vn -0.419198 0.008046 0.907859
vn -0.820890 -0.075807 0.566033
vn -0.699966 -0.421826 0.576290
vn -0.327654 -0.087681 0.940720
vn -0.649964 -0.320763 0.688954
vn 0.213840 0.065565 0.974666
vn -0.349091 0.053820 0.935542
vn -0.799666 -0.056964 0.597737
vn -0.209857 -0.013657 0.977637
vn 0.219552 0.292068 0.930856
vn -0.683499 -0.387546 0.618577
vn 0.277982 0.298948 0.912884
vn -0.911295 -0.411337 -0.018527
vn -0.801995 -0.596686 0.027747
vn -0.648042 -0.325879 0.688364
vn -0.821244 -0.556124 0.127613
vn -0.814406 -0.559711 0.153189
vn -0.782795 -0.092118 0.615424
vn -0.863819 -0.133544 0.485780
vn -0.984387 -0.174152 -0.025574
vn -0.810138 -0.581872 0.071420
vn -0.631267 -0.366980 0.683249
vn -0.797175 -0.594302 0.106384
vn 0.823576 -0.008725 0.567139
vn 0.780957 0.292982 0.551605
vn 0.772519 0.470010 0.426972
vn 0.739162 0.507706 0.442576
vn 0.797897 -0.063925 0.599395
vn 0.195233 0.055695 0.979174
vn 0.667895 0.551794 0.499439
vn 0.723239 0.514264 0.460931
vn 0.692045 0.546545 0.471553
vn -0.979975 -0.196231 -0.033809
vn 0.790519 0.057281 0.609753
vn -0.968791 -0.244133 -0.042943
vn 0.853642 0.003454 0.520849
vn -0.242078 -0.071565 0.967614
vn 0.351784 0.264986 0.897792
vn 0.819089 0.393456 0.417474
vn -0.013643 -0.275671 0.961155
vn 0.624197 0.046883 0.779859
vn 0.930561 0.129018 0.342652
vn 0.370595 -0.606106 0.703772
vn 0.719147 -0.268310 0.640966
vn 0.917010 -0.285756 0.278272
vn 0.603705 -0.742285 0.290779
vn -0.807896 -0.586330 0.059340
vn -0.745610 -0.476072 0.466284
vn -0.631917 -0.363369 0.684575
vn -0.584896 -0.365388 0.724147
vn -0.364122 -0.531161 0.765038
vn -0.148978 -0.838545 0.524069
vn -0.081637 -0.976731 0.198324
vn 0.982585 -0.104385 -0.153725
vn 0.979194 -0.138123 -0.148661
vn -0.968234 -0.220336 -0.118216
vn -0.714678 -0.241262 -0.656528
vn -0.725436 -0.260372 -0.637141
vn 0.018612 -0.195524 -0.980522
vn 0.614921 -0.248329 -0.748469
vn 0.602522 -0.131721 -0.787157
vn 0.123862 -0.129098 -0.983866
vn -0.759008 -0.434805 -0.484615
vn -0.656241 -0.589163 -0.471418
vn 0.133198 -0.182391 -0.974162
vn 0.643210 0.054228 -0.763767
vn 0.586411 0.205615 -0.783482
vn 0.126317 -0.165711 -0.978051
vn -0.686872 -0.567770 -0.453700
vn -0.691470 -0.582813 -0.426846
vn 0.578341 0.197469 -0.791535
vn 0.135658 -0.102687 -0.985420
vn 0.147934 -0.095903 -0.984336
vn 0.583047 0.206284 -0.785814
vn 0.069840 -0.194531 -0.978407
vn -0.409556 -0.363436 -0.836767
vn -0.412912 -0.206213 -0.887119
vn 0.046212 -0.173697 -0.983714
vn -0.465866 -0.448473 -0.762785
vn -0.327601 -0.389925 -0.860602
vn -0.807471 -0.211340 -0.550751
vn 0.661612 -0.151664 -0.734349
vn -0.363654 -0.174488 -0.915046
vn 0.146868 -0.147865 -0.978042
vn -0.652578 -0.564711 -0.505215
vn 0.582998 0.220184 -0.782069
vn 0.185821 -0.100116 -0.977470
vn -0.291956 -0.419309 -0.859617
vn -0.731283 -0.605174 -0.314624
vn 0.582773 0.172336 -0.794151
vn -0.306470 -0.378772 -0.873274
vn -0.324629 -0.198285 -0.924824
vn -0.305391 -0.184625 -0.934157
vn -0.242781 -0.371855 -0.895981
vn 0.942773 0.248154 -0.222709
vn 0.984433 -0.106773 -0.139609
vn 0.875564 0.402603 -0.267020
vn 0.854159 0.453079 -0.255208
vn 0.642837 -0.175435 -0.745643
vn 0.974851 -0.182036 -0.128564
vn 0.820517 0.530012 -0.214102
vn 0.853179 0.466019 -0.234332
vn 0.831832 0.508587 -0.222248
vn -0.759591 -0.218451 -0.612618
vn 0.188306 -0.170934 -0.967121
vn 0.666643 0.145574 -0.731023
vn 0.918170 0.318740 -0.235303
vn 0.807675 -0.022083 -0.589215
vn 0.349548 -0.344250 -0.871383
vn 0.988066 0.095199 -0.121089
vn 0.876002 -0.304218 -0.374263
vn 0.602133 -0.644674 -0.470990
vn 0.954324 -0.297306 -0.029582
vn 0.663506 -0.747010 -0.041663
vn -0.763423 -0.583935 -0.276053
vn -0.548076 -0.479747 -0.685168
vn -0.293240 -0.406587 -0.865273
vn -0.196356 -0.434148 -0.879182
vn -0.037692 -0.581792 -0.812464
vn 0.032881 -0.893519 -0.447819
vn -0.008716 -0.993697 -0.111758
vn 0.179528 0.220232 0.958785
vn 0.239505 0.286156 0.927767
vn -0.275687 -0.006392 0.961226
vn -0.278758 -0.090336 0.956103
vn -0.384242 0.021496 0.922982
vn -0.817825 -0.045742 0.573646
vn -0.816646 -0.268018 0.511133
vn -0.456440 -0.033872 0.889109
vn -0.723048 -0.432141 0.538940
vn -0.467044 -0.211443 0.858582
vn -0.697658 -0.365107 0.616418
vn 0.334317 0.061942 0.940423
vn 0.161582 0.273475 0.948210
vn -0.383555 -0.053852 0.921947
vn 0.238395 0.263132 0.934842
vn -0.750311 -0.309908 0.583944
vn -0.697209 -0.318527 0.642215
vn 0.003077 0.031632 0.999495
vn -0.844248 -0.519894 0.130217
vn -0.813019 -0.567782 0.128933
vn -0.872080 -0.107639 0.477379
vn -0.492564 0.006567 0.870252
vn -0.872397 -0.203308 0.444510
vn -0.936679 -0.140262 0.320872
vn -0.914895 -0.403391 0.015551
vn -0.991883 -0.126956 -0.007066
vn -0.866261 -0.496523 0.055297
vn -0.804925 -0.588324 0.077271
vn 0.700346 0.507529 0.501926
vn 0.886732 -0.011376 0.462144
vn 0.729219 0.443266 0.521302
vn 0.672851 0.519580 0.526601
vn 0.692343 0.472019 0.545765
vn 0.704698 0.475650 0.526459
vn -0.264852 0.098739 0.959221
vn -0.824289 -0.038875 0.564833
vn 0.393413 0.125055 0.910817
vn 0.914105 -0.037922 0.403701
vn -0.994456 -0.104997 -0.005748
vn -0.975999 0.213241 -0.044199
vn -0.961170 0.250555 0.115651
vn -0.970394 0.135687 0.199811
vn -0.990697 0.093799 -0.098593
vn 0.605515 0.091516 0.790554
vn 0.979900 0.035274 0.196347
vn -0.463793 -0.144548 0.874072
vn 0.012989 0.107396 0.994132
vn 0.814281 0.302664 0.495319
vn -0.420717 -0.281011 0.862572
vn 0.077160 -0.068518 0.994662
vn 0.886448 -0.035221 0.461486
vn -0.179612 -0.796056 0.577957
vn 0.253072 -0.560212 0.788744
vn 0.626123 -0.684932 0.372611
vn -0.059684 -0.974111 0.218049
vn 0.962499 -0.136328 -0.234542
vn 0.911988 -0.066351 -0.404816
vn -0.989362 -0.141800 -0.032496
vn -0.737511 -0.169933 -0.653606
vn -0.795260 -0.134804 -0.591092
vn 0.467835 -0.153177 -0.870441
vn 0.565175 -0.199315 -0.800531
vn 0.064280 -0.174725 -0.982517
vn -0.047286 -0.169369 -0.984418
vn -0.706874 -0.571237 -0.417153
vn -0.694403 -0.621341 -0.362959
vn 0.248300 -0.114935 -0.961840
vn 0.670870 0.182275 -0.718825
vn 0.631392 0.062948 -0.772905
vn 0.202823 -0.248827 -0.947074
vn -0.415864 -0.331509 -0.846853
vn -0.398421 -0.167509 -0.901777
vn 0.055618 -0.196855 -0.978854
vn 0.073350 -0.138080 -0.987701
vn -0.069683 -0.357667 -0.931246
vn -0.444551 -0.569499 -0.691408
vn -0.328869 -0.486581 -0.809373
vn -0.790786 -0.428949 -0.436646
vn -0.817599 -0.158169 -0.553638
vn 0.569012 -0.192997 -0.799361
vn 0.535052 0.107096 -0.838003
vn -0.722613 -0.523087 -0.451896
vn 0.628408 0.193124 -0.753530
vn 0.180062 -0.105761 -0.977953
vn -0.262929 -0.411381 -0.872717
vn -0.280880 -0.349158 -0.893977
vn -0.716885 -0.629274 -0.300151
vn 0.467894 -0.114255 -0.876368
vn -0.736736 -0.169642 -0.654555
vn -0.402054 -0.180020 -0.897745
vn -0.378369 -0.159477 -0.911814
vn 0.974010 -0.115422 -0.194889
vn 0.869369 0.436016 -0.232567
vn 0.905867 0.379363 -0.188381
vn 0.874897 0.463043 -0.141942
vn 0.875832 0.467908 -0.118238
vn 0.890040 0.439441 -0.121324
vn -0.387446 -0.133904 -0.912116
vn -0.058186 -0.263082 -0.963017
vn 0.487698 -0.040002 -0.872096
vn 0.962738 0.241332 -0.122040
vn 0.546509 -0.209767 -0.810756
vn -0.058493 -0.378039 -0.923940
vn 0.995707 -0.083239 -0.040495
vn 0.537624 -0.676663 -0.503078
vn -0.061444 -0.864300 -0.499209
vn 0.683583 -0.729095 0.033691
vn 0.020347 -0.998385 -0.053049
vn 0.719971 -0.681716 -0.130020
vn -0.351439 -0.491086 0.797073
vn -0.524111 -0.850019 -0.052686
vn 0.750149 -0.645685 0.142712
vn -0.118022 -0.830711 -0.544050
vn 0.754366 -0.644952 -0.122345
vn -0.965838 0.229752 -0.119881
vn -0.963754 0.230206 -0.134847
vn -0.882165 -0.434228 -0.182295
vn -0.555377 -0.132289 0.821009
vn -0.787667 0.396447 0.471605
vn -0.684648 0.392877 0.613926
vn -0.672716 0.488832 0.555425
vn -0.786825 0.427439 0.445200
vn -0.943328 0.292215 0.157298
vn -0.825642 0.333861 0.454810
vn -0.924422 0.332051 0.187579
vn -0.942327 0.311036 0.123601
vn -0.843099 0.303452 0.443960
vn -0.945833 0.169800 0.276710
vn -0.957023 0.252978 0.141807
vn -0.961437 0.275002 -0.003723
vn -0.948457 0.234010 -0.213704
vn -0.942449 0.138841 -0.304159
vn -0.968368 0.207034 0.139284
vn -0.959716 0.280724 -0.011828
vn -0.958543 0.278540 -0.060089
vn -0.658912 -0.076523 0.748318
vn -0.822943 -0.117967 0.555742
vn -0.278953 -0.290018 -0.915464
vn -0.840477 -0.449013 -0.303293
vn -0.701116 -0.273013 -0.658711
vn -0.402022 -0.268874 -0.875263
vn -0.948908 0.215652 -0.230366
vn -0.975787 0.089192 -0.199713
vn -0.878356 0.017411 -0.477690
vn -0.902930 0.275755 -0.329660
vn -0.974908 -0.118662 -0.188345
vn -0.988119 -0.153554 0.006510
vn -0.985963 -0.140781 -0.089759
vn -0.837553 0.059024 -0.543159
vn -0.963114 0.097275 -0.250897
vn -0.925662 -0.317461 -0.205837
vn -0.825354 -0.392694 -0.405688
vn -0.543455 -0.316851 -0.777343
vn -0.903213 -0.429194 -0.000051
vn -0.914028 -0.210127 0.346986
vn -0.846092 -0.111578 0.521229
vn 0.987913 -0.154989 0.002519
vn -0.944835 -0.259685 -0.199624
vn -0.760262 -0.084504 -0.644097
vn -0.783991 0.049368 -0.618806
vn -0.535542 -0.291802 -0.792494
vn -0.699017 -0.322152 -0.638430
vn -0.577607 0.028505 0.815817
vn -0.779288 -0.053734 0.624357
vn -0.581727 -0.049389 -0.811883
vn -0.302122 -0.067062 -0.950907
vn -0.339411 0.043816 -0.939617
vn -0.949474 -0.190726 0.249245
vn -0.926729 0.193735 -0.321931
vn -0.937896 0.229148 -0.260464
vn -0.912073 -0.349481 -0.214446
vn -0.591271 -0.299866 -0.748651
vn -0.913947 -0.373400 -0.158976
vn 0.933190 -0.353467 -0.064937
vn 0.971279 0.018657 0.237211
vn 0.982952 -0.182539 0.022017
vn 0.714828 -0.573713 -0.399843
vn 0.618164 -0.007306 -0.786015
vn 0.360256 -0.026134 -0.932487
vn -0.115132 -0.211202 -0.970638
vn -0.897568 -0.284600 0.336710
vn -0.849376 0.011520 -0.527662
vn -0.373162 0.143209 -0.916647
vn -0.560090 0.158618 -0.813105
vn -0.371314 0.143858 -0.917295
vn -0.772219 0.144222 -0.618772
vn -0.575410 0.142323 -0.805387
vn -0.791654 0.054650 -0.608521
vn -0.549123 0.034565 -0.835027
vn -0.601277 -0.024352 -0.798670
vn -0.439947 -0.213918 -0.872173
vn -0.714117 -0.173479 -0.678191
vn -0.728061 0.165729 -0.665178
vn -0.766147 -0.085377 0.636968
vn -0.636780 0.065365 0.768270
vn 0.969080 -0.215700 -0.119822
vn 0.940426 -0.338098 0.035890
vn 0.987984 -0.084950 0.129117
vn 0.941671 0.140808 0.305662
vn -0.965225 0.252936 -0.066059
vn 0.916507 -0.288927 -0.276652
vn 0.854891 -0.497361 -0.147627
vn 0.820639 -0.395046 0.412906
vn 0.888898 -0.315810 0.331850
vn 0.984864 -0.158646 0.069821
vn 0.869585 -0.453359 -0.195670
vn 0.929830 -0.365381 -0.043745
vn 0.907053 -0.208135 0.365972
vn 0.765826 -0.212573 0.606897
vn 0.844716 -0.466533 0.262303
vn 0.856850 -0.463055 -0.226689
vn 0.946344 -0.319236 -0.050218
vn -0.538183 -0.841595 0.045582
vn -0.412712 -0.718419 -0.559949
vn -0.912224 -0.320224 -0.255546
vn -0.853141 -0.379100 0.358376
vn 0.853081 -0.510397 0.108387
vn -0.657203 -0.246891 0.712130
vn -0.344827 -0.769628 0.537370
vn 0.766709 -0.035112 0.641034
vn 0.036644 -0.979960 -0.195797
vn 0.296883 -0.894071 -0.335407
vn 0.379565 -0.237085 -0.894271
vn 0.302951 -0.952999 0.003644
vn -0.452000 -0.130561 0.882412
vn -0.070036 -0.514540 0.854602
vn -0.902017 0.186247 -0.389458
vn 0.174215 -0.218714 0.960111
vn 0.091303 -0.307789 0.947064
vn -0.897445 0.187476 -0.399306
vn -0.760259 0.175025 -0.625598
vn -0.852598 -0.175269 0.492298
vn -0.955460 0.269743 -0.119728
vn -0.953282 0.295743 -0.061552
vn -0.957146 0.272741 -0.097382
vn 0.563477 -0.177565 0.806824
vn 0.238688 -0.136653 0.961433
vn 0.003350 -0.067767 0.997696
vn 0.823289 -0.195689 0.532823
vn -0.189257 0.461692 0.866615
vn 0.406803 0.509977 0.757915
vn 0.943075 -0.255482 0.212930
vn -0.966134 0.048309 0.253478
vn -0.982189 -0.011196 -0.187563
vn -0.931757 0.202534 -0.301345
vn -0.944980 0.234968 -0.227604
vn 0.974743 -0.197117 -0.104983
vn 0.865687 -0.239735 -0.439446
vn 0.847946 -0.177072 -0.499634
vn 0.960340 -0.245331 0.132517
vn 0.964010 -0.249826 0.090950
vn 0.943135 -0.308219 0.124485
vn 0.954460 -0.253752 0.156897
vn -0.221028 0.043078 0.974316
vn -0.475566 0.120516 0.871386
vn -0.402991 0.068680 0.912624
vn 0.888716 -0.269157 0.371131
vn 0.679262 -0.293708 0.672561
vn 0.635913 -0.454604 -0.623659
vn 0.268437 -0.340788 -0.901002
vn -0.183889 -0.108926 -0.976893
vn -0.176351 -0.262920 -0.948564
vn -0.949489 0.313291 -0.017862
vn -0.909342 0.191345 -0.369438
vn -0.960450 0.123272 -0.249679
vn -0.840203 0.049303 -0.540026
vn -0.809752 -0.033809 -0.585797
vn -0.068901 0.083993 -0.994081
vn -0.126917 0.124241 -0.984102
vn -0.471408 0.580842 0.663624
vn -0.473145 0.600099 0.644992
vn -0.987453 0.149255 0.051569
vn -0.968019 -0.198314 0.153660
vn -0.782745 0.240624 0.573943
vn -0.710360 0.152805 0.687051
vn -0.120897 -0.041903 -0.991780
vn 0.223045 -0.755115 -0.616484
vn 0.526033 -0.786587 -0.323374
vn 0.709160 -0.659037 -0.250524
vn 0.908821 -0.415986 -0.031631
vn 0.866518 -0.465881 -0.179169
vn 0.769888 -0.523482 -0.365019
vn 0.828593 -0.529194 -0.182722
vn -0.736284 0.124887 0.665048
vn -0.877120 0.019951 0.479858
vn 0.872932 -0.381115 0.304536
vn 0.648847 -0.437891 0.622294
vn 0.375656 -0.015470 -0.926630
vn -0.084895 0.081589 -0.993044
vn -0.946676 0.318535 0.048373
vn -0.955814 0.286686 0.065045
vn 0.817839 -0.238197 -0.523833
vn 0.672036 -0.101892 -0.733475
vn 0.727325 -0.139218 -0.672024
vn 0.313616 0.016859 -0.949400
vn 0.764421 -0.572826 -0.295855
vn -0.597199 -0.034063 -0.801369
vn 0.766916 -0.639362 -0.055275
vn 0.748056 -0.645224 0.155237
vn 0.736853 -0.665737 0.117653
vn 0.964737 -0.245481 -0.094988
vn 0.849758 0.407256 0.334744
vn 0.477393 0.650078 0.591181
vn 0.527076 0.625083 0.575727
vn 0.870412 0.344013 0.352190
vn 0.713551 -0.699523 0.038888
vn 0.520674 -0.769404 0.370022
vn -0.961592 -0.207499 0.179679
vn -0.967056 -0.165789 0.193174
vn 0.788588 -0.572808 0.223650
vn -0.857307 0.360621 0.367392
vn -0.954348 0.207289 0.215060
vn 0.990528 0.081381 -0.110598
vn 0.921433 -0.165147 -0.351693
vn 0.832415 -0.488704 0.261253
vn 0.850971 -0.466973 0.240386
vn 0.859375 -0.502136 0.096612
vn 0.824615 -0.528658 0.201324
vn -0.115288 0.107116 -0.987540
vn 0.869968 -0.480935 0.108888
vn -0.369795 0.129453 -0.920051
vn -0.606483 0.069333 0.792068
vn 0.994740 -0.048079 0.090453
vn 0.923838 0.230781 0.305392
vn 0.976745 -0.201136 0.074251
vn 0.635812 0.574139 0.515856
vn 0.823286 0.297294 0.483546
vn 0.980985 -0.169291 -0.094916
vn 0.810069 0.271126 0.519884
vn 0.365625 0.516414 0.774361
vn 0.731557 0.408287 0.546008
vn 0.254335 0.642547 0.722805
vn 0.373084 0.530367 0.761262
vn 0.628886 -0.531745 -0.567230
vn 0.740528 0.287254 0.607539
vn 0.980902 -0.184571 -0.061360
vn 0.853237 -0.329364 0.404359
vn 0.878076 -0.381445 0.288934
vn 0.846786 -0.521195 -0.106342
vn 0.820699 -0.544147 -0.174232
vn 0.875814 -0.323817 0.357899
vn 0.898083 -0.413303 0.150424
vn 0.869280 -0.493387 0.030378
vn 0.966908 -0.221857 0.125967
vn 0.844835 -0.531761 -0.059025
vn 0.797289 -0.600424 -0.061818
vn 0.326000 0.435304 0.839187
vn 0.624931 -0.521791 -0.580685
vn -0.646004 0.142673 0.749882
vn -0.700757 0.205621 0.683125
vn -0.962243 0.269813 0.035907
vn 0.049589 -0.624176 -0.779709
vn 0.096968 -0.664862 -0.740645
vn 0.961272 -0.275495 0.007686
vn 0.614217 -0.632612 -0.471741
vn 0.044205 -0.752403 -0.657218
vn 0.788056 -0.564381 0.245849
vn 0.436931 -0.882470 -0.174176
vn -0.056336 -0.966400 -0.250792
vn 0.393543 -0.715546 0.577164
vn 0.175212 -0.981340 0.079200
vn -0.121418 -0.989340 0.080394
vn -0.836298 0.106973 -0.537739
vn 0.005618 -0.759019 0.651044
vn 0.283536 0.459708 0.841591
vn 0.662789 0.313232 0.680145
vn 0.845983 0.209328 0.490403
vn 0.858881 0.145479 0.491081
vn 0.791470 -0.083425 0.605488
vn 0.468673 -0.181576 0.864509
vn 0.166193 -0.146338 0.975174
vn 0.784840 -0.259853 -0.562586
vn 0.917837 -0.396689 0.014583
vn 0.895952 -0.339445 -0.286438
vn 0.725833 -0.661633 -0.188172
vn -0.916958 0.350644 0.190360
vn -0.980386 0.096183 0.172027
vn -0.982621 0.157550 0.098150
vn -0.626131 0.503279 0.595541
vn -0.665067 0.450821 0.595355
vn -0.167566 0.579063 0.797877
vn -0.095456 0.593951 0.798818
vn -0.898522 -0.241598 -0.366455
vn -0.969278 0.110219 0.219889
vn -0.464523 0.457549 0.758200
vn -0.302106 0.619465 0.724566
vn -0.719467 0.355698 0.596528
vn -0.510260 -0.551522 -0.659892
vn -0.527101 -0.528495 -0.665475
vn -0.901722 -0.285127 -0.324962
vn 0.003255 0.480726 0.876865
vn -0.904530 -0.343990 -0.251985
vn -0.955369 0.097793 0.278759
vn -0.541374 -0.631795 -0.554751
vn -0.861940 -0.492757 -0.119378
vn -0.936659 -0.112229 0.331776
vn -0.521238 -0.821087 -0.232653
vn -0.733252 -0.672716 0.098965
vn -0.680271 -0.401861 0.612976
vn -0.418792 -0.903412 0.091978
vn -0.308733 -0.675489 0.669626
vn 0.024544 0.490789 0.870933
vn -0.412568 0.447432 0.793468
vn -0.582217 0.457215 0.672293
vn -0.605908 0.437998 0.664104
vn -0.651874 0.256198 0.713739
vn -0.419591 0.051189 0.906269
vn -0.114503 -0.093046 0.989056
vn -0.687713 0.525177 0.501238
vn -0.501689 0.591062 0.631628
vn 0.965152 -0.206602 0.160618
vn 0.869555 -0.452383 0.198048
vn -0.717511 0.278359 0.638509
vn -0.059678 0.713301 0.698312
vn -0.140657 0.675948 0.723402
vn -0.704232 0.343938 0.621099
vn 0.932764 -0.353534 0.070461
vn 0.432947 0.663653 0.610018
vn 0.943598 -0.316976 0.095650
vn 0.976460 -0.195089 0.092011
vn -0.435085 0.623636 0.649446
vn 0.921085 -0.210835 0.327338
vn -0.012375 -0.054502 -0.998437
vn 0.899322 -0.276161 0.339051
vn 0.895980 -0.228836 0.380598
vn 0.854225 -0.247323 0.457308
vn 0.845335 -0.219029 0.487273
vn 0.874325 -0.484560 0.027524
vn 0.841700 0.442963 0.308748
vn 0.999143 0.041376 0.000689
vn -0.028700 0.723724 0.689493
vn 0.096613 0.754604 0.649029
vn 0.695149 0.307925 0.649577
vn 0.767720 -0.620315 -0.160673
vn -0.803355 0.265378 0.533100
vn -0.676282 0.360488 0.642410
vn 0.682617 -0.696526 -0.221101
vn 0.806010 -0.521699 -0.279602
vn 0.870143 -0.454056 0.191532
vn 0.663345 -0.729980 -0.164632
vn 0.884207 -0.296514 -0.360912
vn 0.914264 -0.315658 -0.253934
vn 0.891163 -0.434976 -0.128938
vn -0.584305 0.097953 0.805601
vn 0.740138 -0.653668 -0.157843
vn 0.719497 -0.599211 -0.351098
vn 0.825365 -0.008966 -0.564528
vn 0.995047 0.072942 -0.067539
vn 0.265265 0.073991 -0.961332
vn 0.293611 0.113600 -0.949151
vn 0.582793 0.094703 -0.807084
vn -0.916892 -0.325994 -0.230297
vn -0.942634 -0.069992 -0.326408
vn 0.913311 -0.251595 -0.320254
vn -0.916924 0.105248 -0.384932
vn -0.718249 -0.339341 -0.607426
vn -0.872362 -0.270477 -0.407219
vn -0.897185 0.165891 -0.409315
vn 0.815373 -0.432869 -0.384435
vn 0.769436 -0.197945 -0.607278
vn 0.930040 -0.181771 0.319350
vn 0.983876 -0.115043 -0.136940
vn 0.953073 -0.155137 0.259971
vn 0.830315 -0.403181 -0.384737
vn 0.833700 -0.079264 -0.546500
vn 0.970258 -0.058265 -0.234955
vn 0.623371 -0.011615 -0.781840
vn 0.877936 -0.403029 -0.258450
vn 0.921605 -0.385207 0.047532
vn 0.871099 -0.228753 0.434578
vn 0.916085 -0.269691 0.296741
vn 0.944490 -0.278139 0.174865
vn 0.799029 0.035586 -0.600238
vn 0.908864 -0.356493 0.216517
vn -0.923942 -0.353559 -0.146040
vn -0.935910 -0.264803 0.232277
vn -0.930453 -0.189157 0.313812
vn -0.862306 -0.287391 -0.416935
vn -0.867240 -0.258069 -0.425788
vn 0.818266 0.363136 0.445614
vn -0.963416 0.258617 0.070341
vn -0.796629 -0.331177 -0.505672
vn -0.748408 -0.658983 0.075008
vn -0.714827 -0.676500 -0.177118
vn -0.751785 -0.574496 0.323687
vn -0.851413 -0.524496 -0.000309
vn -0.820335 -0.545416 -0.171963
vn -0.827940 -0.517208 0.216820
vn -0.828848 -0.557946 0.041329
vn -0.791108 -0.576278 -0.205065
vn -0.786579 -0.523585 0.327340
vn -0.653524 -0.635411 -0.411290
vn -0.738293 -0.578548 -0.346707
vn -0.687417 -0.589362 -0.424393
vn -0.732752 -0.677985 0.058399
vn -0.699782 -0.694848 -0.165803
vn -0.744084 -0.604874 0.283668
vn -0.816021 -0.546153 -0.189280
vn -0.851019 -0.524242 0.030602
vn -0.825495 -0.498582 0.264527
vn -0.646185 -0.664154 -0.375959
vn -0.716439 -0.570831 -0.401082
vn -0.764018 -0.579448 0.283754
vn -0.749890 -0.659298 0.054690
vn -0.862001 -0.506769 -0.011856
vn -0.844140 -0.497639 0.199456
vn -0.833435 -0.551534 0.034593
vn -0.804384 -0.518702 0.289681
vn -0.707318 -0.683511 -0.180318
vn -0.642366 -0.646472 -0.411630
vn -0.833524 -0.518363 -0.191147
vn -0.759397 -0.537518 -0.366594
vn -0.794285 -0.571073 -0.207334
vn -0.683871 -0.579436 -0.443366
vn -0.757790 -0.652492 -0.003076
vn -0.774261 -0.583737 0.244482
vn -0.856673 -0.512372 -0.059896
vn -0.851609 -0.496040 0.169432
vn -0.827128 -0.561059 -0.032740
vn -0.815235 -0.524558 0.245420
vn -0.712026 -0.662358 -0.233027
vn -0.632489 -0.617934 -0.467027
vn -0.734129 -0.548313 -0.400510
vn -0.813784 -0.529822 -0.238839
vn -0.781012 -0.567992 -0.259626
vn -0.673143 -0.564777 -0.477394
vn 0.467615 0.471734 0.747531
vn 0.253391 0.508610 0.822866
vn 0.216141 0.679257 0.701351
vn 0.379216 0.624002 0.683240
vn 0.246330 0.645721 0.722749
vn 0.476016 0.543103 0.691699
vn 0.023698 0.547921 0.836194
vn -0.213979 0.579997 0.786013
vn 0.066629 0.685180 0.725320
vn -0.132659 0.647737 0.750225
vn 0.021850 0.676744 0.735894
vn -0.222806 0.636569 0.738334
s 1
g s_manequinn s_Torso_low
usemtl lambert3SG
f 1164/1241/1164 1167/1242/1165 1166/1243/1166 1165/1244/1167
f 1168/1245/1168 1171/1246/1169 1170/1247/1170 1169/1248/1171
f 1172/1249/1172 1174/1250/1173 1173/1251/1174 1169/1248/1171
f 1175/1252/1175 1178/1253/1176 1177/1254/1177 1176/1255/1178
f 1179/1256/1179 1182/1257/1180 1181/1258/1181 1180/1259/1182
f 1183/1260/1183 1186/1261/1184 1185/1262/1185 1184/1263/1186
f 1187/1264/1187 1190/1265/1188 1189/1266/1189 1188/1267/1190
f 1191/1268/1191 1190/1265/1188 1193/1269/1192 1192/1270/1193
f 1194/1271/1194 1197/1272/1195 1196/1273/1196 1195/1274/1197
f 1188/1267/1190 1199/1275/1198 1198/1276/1199 1187/1264/1187
f 1200/1277/1200 1202/1278/1201 1168/1245/1168 1201/1279/1202
f 1203/1280/1203 1189/1266/1189 1190/1265/1188 1191/1268/1191
f 1169/1248/1171 1173/1251/1174 1201/1279/1202 1168/1245/1168
f 1204/1281/1204 1207/1282/1205 1206/1283/1206 1205/1284/1207
f 1197/1272/1195 1198/1276/1199 1199/1275/1198 1196/1273/1196
f 1174/1250/1173 1172/1249/1172 1209/1285/1208 1208/1286/1209
f 1210/1287/1210 1177/1254/1177 1178/1253/1176 1211/1288/1211
f 1212/1289/1212 1193/1269/1192 1190/1265/1188 1187/1264/1187
f 1213/1290/1213 1212/1289/1212 1187/1264/1187 1198/1276/1199
f 1214/1291/1214 1172/1249/1172 1169/1248/1171 1170/1247/1170
f 1170/1247/1170 1180/1259/1182 1215/1292/1215 1214/1291/1214
f 1216/1293/1216 1217/1294/1217 1193/1269/1192 1212/1289/1212
f 1180/1259/1182 1181/1258/1181 1218/1295/1218 1215/1292/1215
f 1219/1296/1219 1220/1297/1220 1215/1292/1215 1218/1295/1218
f 1205/1284/1207 1221/1298/1221 1176/1255/1178 1177/1254/1177
f 1222/1299/1222 1223/1300/1223 1186/1261/1184 1183/1260/1183
f 1167/1242/1165 1164/1241/1164 1225/1301/1224 1224/1302/1225
f 1226/1303/1226 1229/1304/1227 1228/1305/1228 1227/1306/1229
f 1230/1307/1230 1233/1308/1231 1232/1309/1232 1231/1310/1233
f 1202/1278/1201 1200/1277/1200 1235/1311/1234 1234/1312/1235
f 1236/1313/1236 1239/1314/1237 1238/1315/1238 1237/1316/1239
f 1188/1267/1190 1189/1266/1189 1239/1314/1237 1236/1313/1236
f 1227/1306/1229 1228/1305/1228 1165/1244/1167 1166/1243/1166
f 1232/1309/1232 1233/1308/1231 1229/1304/1227 1226/1303/1226
f 1240/1317/1240 1243/1318/1241 1242/1319/1242 1241/1320/1243
f 1244/1321/1244 1247/1322/1245 1246/1323/1246 1245/1324/1247
f 1248/1325/1248 1249/1326/1249 1197/1272/1195 1194/1271/1194
f 1250/1327/1250 1252/1328/1251 1248/1325/1248 1251/1329/1252
f 1252/1328/1251 1253/1330/1253 1249/1326/1249 1248/1325/1248
f 1198/1276/1199 1197/1272/1195 1249/1326/1249 1213/1290/1213
f 1254/1331/1254 1255/1332/1255 1196/1273/1196 1199/1275/1198
f 1253/1330/1253 1256/1333/1256 1213/1290/1213 1249/1326/1249
f 1195/1274/1197 1196/1273/1196 1255/1332/1255 1257/1334/1257
f 1236/1313/1236 1254/1331/1254 1199/1275/1198 1188/1267/1190
f 1180/1259/1182 1170/1247/1170 1171/1246/1169 1179/1256/1179
f 1204/1281/1204 1205/1284/1207 1177/1254/1177 1210/1287/1210
f 1171/1246/1169 1168/1245/1168 1202/1278/1201 1258/1335/1258
f 1259/1336/1259 1260/1337/1260 1211/1288/1211 1178/1253/1176
f 1251/1329/1252 1248/1325/1248 1194/1271/1194 1261/1338/1261
f 1262/1339/1262 1259/1336/1259 1178/1253/1176 1175/1252/1175
f 1184/1263/1186 1185/1262/1185 1264/1340/1263 1263/1341/1264
f 1258/1335/1258 1265/1342/1265 1179/1256/1179 1171/1246/1169
f 1266/1343/1266 1262/1344/1262 1175/1345/1175 1267/1346/1267
f 1268/1347/1268 1239/1314/1237 1189/1266/1189 1203/1280/1203
f 1182/1257/1180 1179/1256/1179 1265/1342/1265 1269/1348/1269
f 1217/1294/1217 1270/1349/1270 1192/1270/1193 1193/1269/1192
f 1172/1249/1172 1214/1291/1214 1271/1350/1271 1209/1285/1208
f 1272/1351/1272 1273/1352/1273 1243/1318/1241 1240/1317/1240
f 1220/1297/1220 1271/1350/1271 1214/1291/1214 1215/1292/1215
f 1273/1353/1273 1272/1354/1272 1275/1355/1274 1274/1356/1275
f 1256/1333/1256 1216/1293/1216 1212/1289/1212 1213/1290/1213
f 1276/1357/1276 1221/1358/1221 1278/1359/1277 1277/1360/1278
f 1221/1298/1221 1205/1284/1207 1206/1283/1206 1278/1361/1277
f 1279/1362/1279 1280/1363/1280 1223/1300/1223 1222/1299/1222
f 1274/1356/1275 1275/1355/1274 1224/1302/1225 1225/1301/1224
f 1208/1286/1209 1207/1282/1205 1204/1281/1204 1174/1250/1173
f 1266/1343/1266 1263/1341/1264 1282/1364/1281 1281/1365/1282
f 1267/1346/1267 1184/1263/1186 1263/1341/1264 1266/1343/1266
f 1283/1366/1283 1286/1367/1284 1285/1368/1285 1284/1369/1286
f 1210/1287/1210 1173/1251/1174 1174/1250/1173 1204/1281/1204
f 1287/1370/1287 1183/1260/1183 1184/1263/1186 1267/1346/1267
f 1247/1322/1245 1230/1307/1230 1231/1310/1233 1246/1323/1246
f 1288/1371/1288 1291/1372/1289 1290/1373/1290 1289/1374/1291
f 1292/1375/1292 1294/1376/1293 1264/1340/1263 1293/1377/1294
f 1295/1378/1295 1298/1379/1296 1297/1380/1297 1296/1381/1298
f 1296/1381/1298 1297/1380/1297 1286/1367/1284 1283/1366/1283
f 1211/1288/1211 1201/1279/1202 1173/1251/1174 1210/1287/1210
f 1284/1369/1286 1285/1368/1285 1241/1320/1243 1242/1319/1242
f 1299/1382/1299 1238/1315/1238 1239/1314/1237 1268/1347/1268
f 1257/1334/1257 1255/1332/1255 1301/1383/1300 1300/1384/1301
f 1265/1342/1265 1258/1335/1258 1303/1385/1302 1302/1386/1303
f 1304/1387/1304 1301/1383/1300 1255/1332/1255 1254/1331/1254
f 1269/1348/1269 1265/1342/1265 1302/1386/1303 1305/1388/1305
f 1276/1357/1276 1222/1299/1222 1183/1260/1183 1287/1370/1287
f 1234/1312/1235 1303/1385/1302 1258/1335/1258 1202/1278/1201
f 1254/1331/1254 1236/1313/1236 1237/1316/1239 1304/1387/1304
f 1200/1277/1200 1260/1337/1260 1306/1389/1306 1235/1311/1234
f 1281/1365/1282 1307/1390/1307 1262/1344/1262 1266/1343/1266
f 1294/1376/1293 1282/1364/1281 1263/1341/1264 1264/1340/1263
f 1259/1336/1259 1262/1339/1262 1307/1391/1307 1308/1392/1308
f 1309/1393/1309 1185/1262/1185 1186/1261/1184 1261/1338/1261
f 1261/1338/1261 1186/1261/1184 1223/1300/1223 1251/1329/1252
f 1251/1329/1252 1223/1300/1223 1280/1363/1280 1250/1327/1250
f 1305/1388/1305 1299/1382/1299 1268/1347/1268 1269/1348/1269
f 1261/1338/1261 1194/1271/1194 1195/1274/1197 1309/1393/1309
f 1269/1348/1269 1268/1347/1268 1203/1280/1203 1182/1257/1180
f 1191/1268/1191 1181/1258/1181 1182/1257/1180 1203/1280/1203
f 1192/1270/1193 1218/1295/1218 1181/1258/1181 1191/1268/1191
f 1260/1337/1260 1259/1336/1259 1308/1392/1308 1306/1389/1306
f 1293/1377/1294 1264/1340/1263 1185/1262/1185 1309/1393/1309
f 1309/1393/1309 1195/1274/1197 1257/1334/1257 1293/1377/1294
f 1270/1349/1270 1219/1296/1219 1218/1295/1218 1192/1270/1193
f 1293/1377/1294 1257/1334/1257 1300/1384/1301 1292/1375/1292
f 1277/1360/1278 1279/1362/1279 1222/1299/1222 1276/1357/1276
f 1201/1279/1202 1211/1288/1211 1260/1337/1260 1200/1277/1200
f 1290/1373/1290 1291/1372/1289 1311/1394/1310 1310/1395/1311
f 1267/1346/1267 1175/1345/1175 1176/1396/1178 1287/1370/1287
f 1287/1370/1287 1176/1396/1178 1221/1358/1221 1276/1357/1276
f 1245/1324/1247 1288/1371/1288 1289/1374/1291 1244/1321/1244
f 1298/1379/1296 1295/1378/1295 1310/1395/1311 1311/1394/1310
f 1312/1397/1312 1315/1398/1313 1314/1399/1314 1313/1400/1315
f 1165/1244/1167 1312/1397/1312 1313/1400/1315 1164/1241/1164
f 1316/1401/1316 1319/1402/1317 1318/1403/1318 1317/1404/1319
f 1320/1405/1320 1323/1406/1321 1322/1407/1322 1321/1408/1323
f 1323/1406/1321 1325/1409/1324 1324/1410/1325 1322/1407/1322
f 1324/1410/1325 1325/1409/1324 1327/1411/1326 1326/1412/1327
f 1328/1413/1328 1329/1414/1329 1326/1412/1327 1327/1411/1326
f 1330/1415/1330 1331/1416/1331 1329/1414/1329 1328/1413/1328
f 1332/1417/1332 1333/1418/1333 1331/1416/1331 1330/1415/1330
f 1333/1418/1333 1332/1417/1332 1335/1419/1334 1334/1420/1335
f 1336/1421/1336 1339/1422/1337 1338/1423/1338 1337/1424/1339
f 1340/1425/1340 1343/1426/1341 1342/1427/1342 1341/1428/1343
f 1344/1429/1344 1347/1430/1345 1346/1431/1346 1345/1432/1347
f 1348/1433/1348 1351/1434/1349 1350/1435/1350 1349/1436/1351
f 1334/1420/1335 1335/1419/1334 1353/1437/1352 1352/1438/1353
f 1354/1439/1354 1357/1440/1355 1356/1441/1356 1355/1442/1357
f 1358/1443/1358 1361/1444/1359 1360/1445/1360 1359/1446/1361
f 1338/1423/1338 1362/1447/1362 1351/1434/1349 1348/1433/1348
f 1363/1448/1363 1366/1449/1364 1365/1450/1365 1364/1451/1366
f 1367/1452/1367 1369/1453/1368 1368/1454/1369 1366/1449/1364
f 1362/1447/1362 1338/1423/1338 1339/1422/1337 1364/1451/1366
f 1369/1453/1368 1367/1452/1367 1371/1455/1370 1370/1456/1371
f 1372/1457/1372 1375/1458/1373 1374/1459/1374 1373/1460/1375
f 1376/1461/1376 1379/1462/1377 1378/1463/1378 1377/1464/1379
f 1314/1399/1314 1316/1401/1316 1317/1404/1319 1380/1465/1380
f 1381/1466/1381 1225/1301/1224 1164/1241/1164 1313/1400/1315
f 1357/1440/1355 1228/1305/1228 1229/1304/1227 1356/1441/1356
f 1382/1467/1382 1385/1468/1383 1384/1469/1384 1383/1470/1385
f 1386/1471/1386 1389/1472/1387 1388/1473/1388 1387/1474/1389
f 1337/1424/1339 1338/1423/1338 1348/1433/1348 1377/1464/1379
f 1390/1475/1390 1391/1476/1391 1347/1430/1345 1344/1429/1344
f 1230/1307/1230 1378/1463/1378 1379/1462/1377 1233/1308/1231
f 1392/1477/1392 1393/1478/1393 1359/1446/1361 1360/1445/1360
f 1383/1470/1385 1384/1469/1384 1395/1479/1394 1394/1480/1395
f 1396/1481/1396 1399/1482/1397 1398/1483/1398 1397/1484/1399
f 1329/1414/1329 1393/1478/1393 1388/1473/1388 1326/1412/1327
f 1400/1485/1400 1403/1486/1401 1402/1487/1402 1401/1488/1403
f 1312/1397/1312 1165/1244/1167 1228/1305/1228 1357/1440/1355
f 1356/1441/1356 1229/1304/1227 1233/1308/1231 1379/1462/1377
f 1394/1480/1395 1405/1489/1404 1404/1490/1405 1383/1470/1385
f 1406/1491/1406 1407/1492/1407 1385/1468/1383 1382/1467/1382
f 1318/1403/1318 1409/1493/1408 1408/1494/1409 1317/1404/1319
f 1339/1422/1337 1336/1421/1336 1391/1476/1391 1390/1475/1390
f 1319/1402/1317 1316/1401/1316 1411/1495/1410 1410/1496/1411
f 1386/1471/1386 1413/1497/1412 1412/1498/1413 1389/1472/1387
f 1406/1491/1406 1242/1319/1242 1243/1318/1241 1407/1492/1407
f 1371/1455/1370 1415/1499/1414 1414/1500/1415 1373/1460/1375
f 1376/1461/1376 1349/1436/1351 1416/1501/1416 1355/1442/1357
f 1244/1321/1244 1418/1502/1417 1417/1503/1418 1247/1322/1245
f 1316/1401/1316 1314/1399/1314 1315/1398/1313 1411/1495/1410
f 1377/1464/1379 1348/1433/1348 1349/1436/1351 1376/1461/1376
f 1413/1497/1412 1420/1504/1419 1419/1505/1420 1412/1498/1413
f 1407/1492/1407 1243/1318/1241 1273/1352/1273 1421/1506/1421
f 1421/1507/1421 1424/1508/1422 1423/1509/1423 1422/1510/1424
f 1425/1511/1425 1428/1512/1426 1427/1513/1427 1426/1514/1428
f 1421/1507/1421 1273/1353/1273 1274/1356/1275 1424/1508/1422
f 1408/1494/1409 1429/1515/1429 1422/1510/1424 1423/1509/1423
f 1317/1404/1319 1408/1494/1409 1423/1509/1423 1380/1465/1380
f 1380/1465/1380 1423/1509/1423 1424/1508/1422 1381/1466/1381
f 1225/1301/1224 1381/1466/1381 1424/1508/1422 1274/1356/1275
f 1430/1516/1430 1283/1366/1283 1284/1369/1286 1431/1517/1431
f 1379/1462/1377 1376/1461/1376 1355/1442/1357 1356/1441/1356
f 1378/1463/1378 1230/1307/1230 1247/1322/1245 1417/1503/1418
f 1432/1518/1432 1289/1374/1291 1290/1373/1290 1433/1519/1433
f 1296/1381/1298 1435/1520/1434 1434/1521/1435 1295/1378/1295
f 1435/1520/1434 1296/1381/1298 1283/1366/1283 1430/1516/1430
f 1242/1319/1242 1406/1491/1406 1431/1517/1431 1284/1369/1286
f 1436/1522/1436 1439/1523/1437 1438/1524/1438 1437/1525/1439
f 1337/1424/1339 1417/1503/1418 1418/1502/1417 1336/1421/1336
f 1440/1526/1440 1442/1527/1441 1365/1450/1365 1441/1528/1442
f 1414/1500/1415 1415/1499/1414 1345/1432/1347 1343/1426/1341
f 1443/1529/1443 1405/1489/1404 1426/1514/1428 1427/1513/1427
f 1444/1530/1444 1447/1531/1445 1446/1532/1446 1445/1533/1447
f 1448/1534/1448 1404/1490/1405 1405/1489/1404 1443/1529/1443
f 1449/1535/1449 1450/1536/1450 1404/1490/1405 1448/1534/1448
f 1449/1535/1449 1430/1516/1430 1431/1517/1431 1450/1536/1450
f 1451/1537/1451 1454/1538/1452 1453/1539/1453 1452/1540/1454
f 1435/1520/1434 1341/1428/1343 1342/1427/1342 1434/1521/1435
f 1393/1478/1393 1392/1477/1392 1387/1474/1389 1388/1473/1388
f 1417/1503/1418 1337/1424/1339 1377/1464/1379 1378/1463/1378
f 1433/1519/1433 1347/1430/1345 1391/1476/1391 1432/1518/1432
f 1455/1541/1455 1346/1431/1346 1347/1430/1345 1433/1519/1433
f 1456/1542/1456 1354/1439/1354 1355/1442/1357 1416/1501/1416
f 1354/1439/1354 1456/1542/1456 1411/1495/1410 1315/1398/1313
f 1357/1440/1355 1354/1439/1354 1315/1398/1313 1312/1397/1312
f 1313/1400/1315 1314/1399/1314 1380/1465/1380 1381/1466/1381
f 1341/1428/1343 1435/1520/1434 1430/1516/1430 1449/1535/1449
f 1343/1426/1341 1345/1432/1347 1346/1431/1346 1342/1427/1342
f 1410/1496/1411 1411/1495/1410 1456/1542/1456 1457/1543/1457
f 1416/1501/1416 1458/1544/1458 1457/1543/1457 1456/1542/1456
f 1433/1519/1433 1290/1373/1290 1310/1395/1311 1455/1541/1455
f 1362/1447/1362 1442/1527/1441 1460/1545/1459 1459/1546/1460
f 1450/1536/1450 1382/1467/1382 1383/1470/1385 1404/1490/1405
f 1431/1517/1431 1406/1491/1406 1382/1467/1382 1450/1536/1450
f 1346/1431/1346 1455/1541/1455 1434/1521/1435 1342/1427/1342
f 1418/1502/1417 1244/1321/1244 1289/1374/1291 1432/1518/1432
f 1409/1493/1408 1461/1547/1461 1429/1515/1429 1408/1494/1409
f 1432/1518/1432 1391/1476/1391 1336/1421/1336 1418/1502/1417
f 1462/1548/1462 1465/1549/1463 1464/1550/1464 1463/1551/1465
f 1397/1484/1399 1447/1531/1445 1426/1514/1428 1396/1481/1396
f 1466/1552/1466 1443/1529/1443 1427/1513/1427 1372/1457/1372
f 1467/1553/1467 1465/1549/1463 1469/1554/1468 1468/1555/1469
f 1349/1436/1351 1350/1435/1350 1458/1544/1458 1416/1501/1416
f 1372/1457/1372 1373/1460/1375 1414/1500/1415 1466/1552/1466
f 1358/1443/1358 1333/1418/1333 1334/1420/1335 1454/1538/1452
f 1415/1499/1414 1371/1455/1370 1367/1452/1367 1470/1556/1470
f 1466/1552/1466 1414/1500/1415 1343/1426/1341 1340/1425/1340
f 1454/1538/1452 1334/1420/1335 1352/1438/1353 1453/1539/1453
f 1470/1556/1470 1344/1429/1344 1345/1432/1347 1415/1499/1414
f 1363/1448/1363 1390/1475/1390 1344/1429/1344 1470/1556/1470
f 1364/1451/1366 1339/1422/1337 1390/1475/1390 1363/1448/1363
f 1460/1545/1459 1442/1527/1441 1472/1557/1471 1471/1558/1472
f 1366/1449/1364 1363/1448/1363 1470/1556/1470 1367/1452/1367
f 1441/1528/1442 1365/1450/1365 1366/1449/1364 1368/1454/1369
f 1295/1378/1295 1434/1521/1435 1455/1541/1455 1310/1395/1311
f 1443/1529/1443 1466/1552/1466 1340/1425/1340 1448/1534/1448
f 1340/1425/1340 1341/1428/1343 1449/1535/1449 1448/1534/1448
f 1397/1484/1399 1398/1483/1398 1403/1486/1401 1400/1485/1400
f 1473/1559/1473 1476/1560/1474 1475/1561/1475 1474/1562/1476
f 1375/1458/1373 1372/1457/1372 1427/1513/1427 1428/1512/1426
f 1389/1472/1387 1324/1410/1325 1326/1412/1327 1388/1473/1388
f 1412/1498/1413 1419/1505/1420 1321/1408/1323 1322/1407/1322
f 1322/1407/1322 1324/1410/1325 1389/1472/1387 1412/1498/1413
f 1393/1478/1393 1329/1414/1329 1331/1416/1331 1359/1446/1361
f 1333/1418/1333 1358/1443/1358 1359/1446/1361 1331/1416/1331
f 1422/1563/1424 1385/1468/1383 1407/1492/1407 1421/1506/1421
f 1460/1545/1459 1471/1558/1472 1477/1564/1477 1459/1546/1460
f 1453/1539/1453 1352/1438/1353 1478/1565/1478 1467/1553/1467
f 1440/1526/1440 1479/1566/1479 1472/1557/1471 1442/1527/1441
f 1429/1567/1429 1384/1469/1384 1385/1468/1383 1422/1563/1424
f 1403/1486/1401 1321/1568/1323 1419/1569/1420 1402/1487/1402
f 1321/1568/1323 1403/1486/1401 1398/1483/1398 1320/1570/1320
f 1399/1482/1397 1480/1571/1480 1320/1570/1320 1398/1483/1398
f 1461/1572/1461 1395/1479/1394 1384/1469/1384 1429/1567/1429
f 1447/1531/1445 1444/1530/1444 1425/1511/1425 1426/1514/1428
f 1370/1456/1371 1371/1455/1370 1373/1460/1375 1374/1459/1374
f 1353/1437/1352 1481/1573/1481 1459/1546/1460 1477/1564/1477
f 1468/1555/1469 1469/1554/1468 1483/1574/1482 1482/1575/1483
f 1484/1576/1484 1452/1540/1454 1468/1555/1469 1482/1575/1483
f 1452/1540/1454 1484/1576/1484 1485/1577/1485 1451/1537/1451
f 1361/1444/1359 1488/1578/1486 1487/1579/1487 1486/1580/1488
f 1489/1581/1489 1492/1582/1490 1491/1583/1491 1490/1584/1492
f 1493/1585/1493 1439/1523/1437 1436/1522/1436 1494/1586/1494
f 1361/1444/1359 1486/1580/1488 1495/1587/1495 1360/1445/1360
f 1496/1588/1496 1493/1585/1493 1494/1586/1494 1497/1589/1497
f 1489/1590/1489 1500/1591/1498 1499/1592/1499 1498/1593/1500
f 1501/1594/1501 1499/1592/1499 1500/1591/1498 1502/1595/1502
f 1360/1445/1360 1495/1587/1495 1503/1596/1503 1392/1477/1392
f 1392/1477/1392 1503/1596/1503 1504/1597/1504 1387/1474/1389
f 1364/1451/1366 1365/1450/1365 1442/1527/1441 1362/1447/1362
f 1482/1575/1483 1483/1574/1482 1505/1598/1505 1484/1576/1484
f 1506/1599/1506 1509/1600/1507 1508/1601/1508 1507/1602/1509
f 1439/1523/1437 1511/1603/1510 1510/1604/1511 1438/1524/1438
f 1465/1549/1463 1462/1548/1462 1512/1605/1512 1469/1554/1468
f 1492/1582/1490 1489/1581/1489 1498/1606/1500 1513/1607/1513
f 1462/1548/1462 1515/1608/1514 1514/1609/1515 1512/1605/1512
f 1487/1579/1487 1509/1600/1507 1516/1610/1516 1486/1580/1488
f 1517/1611/1517 1495/1587/1495 1486/1580/1488 1516/1610/1516
f 1387/1474/1389 1504/1597/1504 1518/1612/1518 1386/1471/1386
f 1518/1612/1518 1513/1607/1513 1413/1497/1412 1386/1471/1386
f 1474/1562/1476 1475/1561/1475 1445/1533/1447 1446/1532/1446
f 1495/1587/1495 1517/1611/1517 1519/1613/1519 1503/1596/1503
f 1520/1614/1520 1521/1615/1521 1518/1612/1518 1511/1603/1510
f 1513/1607/1513 1498/1606/1500 1420/1504/1419 1413/1497/1412
f 1490/1616/1492 1522/1617/1522 1500/1591/1498 1489/1590/1489
f 1516/1610/1516 1524/1618/1523 1523/1619/1524 1517/1611/1517
f 1493/1585/1493 1496/1588/1496 1521/1615/1521 1520/1614/1520
f 1490/1584/1492 1491/1583/1491 1526/1620/1525 1525/1621/1526
f 1402/1487/1402 1419/1569/1420 1420/1622/1419 1527/1623/1527
f 1527/1623/1527 1528/1624/1528 1401/1488/1403 1402/1487/1402
f 1497/1589/1497 1526/1620/1525 1491/1583/1491 1496/1588/1496
f 1520/1614/1520 1511/1603/1510 1439/1523/1437 1493/1585/1493
f 1529/1625/1529 1532/1626/1530 1531/1627/1531 1530/1628/1532
f 1525/1629/1526 1533/1630/1533 1522/1617/1522 1490/1616/1492
f 1521/1615/1521 1492/1582/1490 1513/1607/1513 1518/1612/1518
f 1522/1617/1522 1532/1626/1530 1502/1595/1502 1500/1591/1498
f 1504/1597/1504 1510/1604/1511 1511/1603/1510 1518/1612/1518
f 1452/1540/1454 1453/1539/1453 1467/1553/1467 1468/1555/1469
f 1534/1631/1534 1519/1613/1519 1517/1611/1517 1523/1619/1524
f 1535/1632/1535 1536/1633/1536 1512/1605/1512 1514/1609/1515
f 1510/1604/1511 1504/1597/1504 1503/1596/1503 1519/1613/1519
f 1533/1630/1533 1531/1627/1531 1532/1626/1530 1522/1617/1522
f 1438/1524/1438 1510/1604/1511 1519/1613/1519 1534/1631/1534
f 1536/1633/1536 1483/1574/1482 1469/1554/1468 1512/1605/1512
f 1496/1588/1496 1491/1583/1491 1492/1582/1490 1521/1615/1521
f 1352/1438/1353 1353/1437/1352 1477/1564/1477 1478/1565/1478
f 1463/1551/1465 1537/1634/1537 1515/1608/1514 1462/1548/1462
f 1400/1485/1400 1446/1532/1446 1447/1531/1445 1397/1484/1399
f 1538/1635/1538 1350/1435/1350 1351/1434/1349 1481/1573/1481
f 1539/1636/1539 1458/1544/1458 1350/1435/1350 1538/1635/1538
f 1540/1637/1540 1457/1543/1457 1458/1544/1458 1539/1636/1539
f 1457/1543/1457 1540/1637/1540 1541/1638/1541 1410/1496/1411
f 1410/1496/1411 1541/1638/1541 1542/1639/1542 1319/1402/1317
f 1319/1402/1317 1542/1639/1542 1543/1640/1543 1318/1403/1318
f 1543/1640/1543 1544/1641/1544 1409/1493/1408 1318/1403/1318
f 1544/1641/1544 1480/1642/1480 1461/1547/1461 1409/1493/1408
f 1480/1571/1480 1399/1482/1397 1395/1479/1394 1461/1572/1461
f 1399/1482/1397 1396/1481/1396 1394/1480/1395 1395/1479/1394
f 1405/1489/1404 1394/1480/1395 1396/1481/1396 1426/1514/1428
f 1401/1488/1403 1474/1562/1476 1446/1532/1446 1400/1485/1400
f 1528/1624/1528 1473/1559/1473 1474/1562/1476 1401/1488/1403
f 1502/1595/1502 1532/1626/1530 1529/1625/1529 1501/1594/1501
f 1362/1447/1362 1459/1546/1460 1481/1573/1481 1351/1434/1349
f 1537/1634/1537 1463/1551/1465 1472/1557/1471 1479/1566/1479
f 1323/1406/1321 1320/1405/1320 1480/1642/1480 1544/1641/1544
f 1542/1639/1542 1327/1411/1326 1325/1409/1324 1543/1640/1543
f 1541/1638/1541 1328/1413/1328 1327/1411/1326 1542/1639/1542
f 1328/1413/1328 1541/1638/1541 1540/1637/1540 1330/1415/1330
f 1539/1636/1539 1332/1417/1332 1330/1415/1330 1540/1637/1540
f 1538/1635/1538 1335/1419/1334 1332/1417/1332 1539/1636/1539
f 1481/1573/1481 1353/1437/1352 1335/1419/1334 1538/1635/1538
f 1484/1576/1484 1505/1598/1505 1545/1643/1545 1485/1577/1485
f 1325/1409/1324 1323/1406/1321 1544/1641/1544 1543/1640/1543
f 1546/1644/1546 1507/1602/1509 1548/1645/1547 1547/1646/1548
f 1498/1593/1500 1499/1592/1499 1527/1623/1527 1420/1622/1419
f 1499/1592/1499 1501/1594/1501 1528/1624/1528 1527/1623/1527
f 1473/1559/1473 1528/1624/1528 1501/1594/1501 1529/1625/1529
f 1530/1628/1532 1476/1560/1474 1473/1559/1473 1529/1625/1529
f 1549/1647/1549 1552/1648/1550 1551/1649/1551 1550/1650/1552
f 1553/1651/1553 1556/1652/1554 1555/1653/1555 1554/1654/1556
f 1557/1655/1557 1560/1656/1558 1559/1657/1559 1558/1658/1560
f 1554/1654/1556 1555/1653/1555 1562/1659/1561 1561/1660/1562
f 1563/1661/1563 1566/1662/1564 1565/1663/1565 1564/1664/1566
f 1567/1665/1567 1568/1666/1568 1217/1294/1217 1216/1293/1216
f 1569/1667/1569 1553/1651/1553 1571/1668/1570 1570/1669/1571
f 1571/1668/1570 1573/1670/1572 1572/1671/1573 1570/1669/1571
f 1574/1672/1574 1577/1673/1575 1576/1674/1576 1575/1675/1577
f 1578/1676/1578 1577/1673/1575 1574/1672/1574 1579/1677/1579
f 1232/1309/1232 1226/1303/1226 1577/1673/1575 1578/1676/1578
f 1561/1660/1562 1564/1664/1566 1565/1663/1565 1554/1654/1556
f 1580/1678/1580 1583/1679/1581 1582/1680/1582 1581/1681/1583
f 1584/1682/1584 1587/1683/1585 1586/1684/1586 1585/1685/1587
f 1588/1686/1588 1591/1687/1589 1590/1688/1590 1589/1689/1591
f 1592/1690/1592 1595/1691/1593 1594/1692/1594 1593/1693/1595
f 1596/1694/1596 1590/1688/1590 1591/1687/1589 1597/1695/1597
f 1587/1696/1585 1584/1697/1584 1595/1691/1593 1592/1690/1592
f 1568/1666/1568 1598/1698/1598 1270/1349/1270 1217/1294/1217
f 1599/1699/1599 1167/1242/1165 1224/1302/1225 1600/1700/1600
f 1601/1701/1601 1275/1355/1274 1272/1354/1272 1602/1702/1602
f 1578/1676/1578 1603/1703/1603 1231/1310/1233 1232/1309/1232
f 1604/1704/1604 1607/1705/1605 1606/1706/1606 1605/1707/1607
f 1594/1692/1594 1610/1708/1608 1609/1709/1609 1608/1710/1610
f 1610/1708/1608 1594/1692/1594 1595/1691/1593 1611/1711/1611
f 1602/1702/1602 1584/1682/1584 1585/1685/1587 1601/1701/1601
f 1612/1712/1612 1613/1713/1613 1605/1707/1607 1606/1706/1606
f 1167/1242/1165 1599/1699/1599 1614/1714/1614 1166/1243/1166
f 1599/1699/1599 1555/1653/1555 1556/1652/1554 1614/1714/1614
f 1615/1715/1615 1617/1716/1616 1616/1717/1617 1593/1693/1595
f 1618/1718/1618 1558/1658/1560 1620/1719/1619 1619/1720/1620
f 1616/1717/1617 1623/1721/1621 1622/1722/1622 1621/1723/1623
f 1581/1724/1583 1582/1725/1582 1621/1723/1623 1622/1722/1622
f 1554/1654/1556 1565/1663/1565 1566/1662/1564 1553/1651/1553
f 1166/1243/1166 1614/1714/1614 1576/1674/1576 1227/1306/1229
f 1624/1726/1624 1557/1655/1557 1558/1658/1560 1625/1727/1625
f 1626/1728/1626 1566/1662/1564 1563/1661/1563 1627/1729/1627
f 1256/1333/1256 1253/1330/1253 1629/1730/1628 1628/1731/1629
f 1630/1732/1630 1632/1733/1631 1618/1718/1618 1631/1734/1632
f 1633/1735/1633 1634/1736/1634 1598/1698/1598 1568/1666/1568
f 1635/1737/1635 1638/1738/1636 1637/1739/1637 1636/1740/1638
f 1216/1293/1216 1256/1333/1256 1628/1731/1629 1567/1665/1567
f 1639/1741/1639 1640/1742/1640 1632/1733/1631 1630/1732/1630
f 1629/1730/1628 1624/1726/1624 1625/1727/1625 1641/1743/1641
f 1628/1731/1629 1629/1730/1628 1641/1743/1641 1642/1744/1642
f 1583/1679/1581 1586/1684/1586 1587/1683/1585 1582/1680/1582
f 1593/1693/1595 1594/1692/1594 1608/1710/1610 1615/1715/1615
f 1643/1745/1643 1646/1746/1644 1645/1747/1645 1644/1748/1646
f 1207/1282/1205 1648/1749/1647 1647/1750/1648 1206/1283/1206
f 1589/1751/1591 1590/1752/1590 1644/1748/1646 1649/1753/1649
f 1645/1747/1645 1650/1754/1650 1649/1753/1649 1644/1748/1646
f 1590/1752/1590 1596/1755/1596 1643/1745/1643 1644/1748/1646
f 1253/1330/1253 1252/1328/1251 1624/1726/1624 1629/1730/1628
f 1600/1700/1600 1224/1302/1225 1275/1355/1274 1601/1701/1601
f 1562/1659/1561 1600/1700/1600 1601/1701/1601 1585/1685/1587
f 1561/1660/1562 1562/1659/1561 1585/1685/1587 1586/1684/1586
f 1564/1664/1566 1561/1660/1562 1586/1684/1586 1583/1679/1581
f 1563/1661/1563 1564/1664/1566 1583/1679/1581 1580/1678/1580
f 1552/1648/1550 1652/1756/1651 1651/1757/1652 1551/1649/1551
f 1550/1650/1552 1551/1649/1551 1591/1687/1589 1588/1686/1588
f 1208/1286/1209 1653/1758/1653 1648/1749/1647 1207/1282/1205
f 1277/1360/1278 1278/1359/1277 1655/1759/1654 1654/1760/1655
f 1297/1380/1297 1606/1706/1606 1607/1705/1605 1286/1367/1284
f 1602/1761/1602 1272/1351/1272 1240/1317/1240 1611/1711/1611
f 1285/1368/1285 1609/1709/1609 1610/1708/1608 1241/1320/1243
f 1245/1324/1247 1246/1323/1246 1657/1762/1656 1656/1763/1657
f 1286/1367/1284 1607/1705/1605 1609/1709/1609 1285/1368/1285
f 1291/1372/1289 1288/1371/1288 1659/1764/1658 1658/1765/1659
f 1298/1379/1296 1612/1712/1612 1606/1706/1606 1297/1380/1297
f 1611/1711/1611 1240/1317/1240 1241/1320/1243 1610/1708/1608
f 1607/1705/1605 1604/1704/1604 1608/1710/1610 1609/1709/1609
f 1246/1323/1246 1231/1310/1233 1603/1703/1603 1657/1762/1656
f 1656/1763/1657 1657/1762/1656 1661/1766/1660 1660/1767/1661
f 1662/1768/1662 1664/1769/1663 1660/1767/1661 1663/1770/1664
f 1584/1697/1584 1602/1761/1602 1611/1711/1611 1595/1691/1593
f 1579/1677/1579 1665/1771/1665 1603/1703/1603 1578/1676/1578
f 1665/1771/1665 1661/1766/1660 1657/1762/1656 1603/1703/1603
f 1555/1653/1555 1599/1699/1599 1600/1700/1600 1562/1659/1561
f 1659/1764/1658 1664/1769/1663 1666/1772/1666 1658/1765/1659
f 1658/1765/1659 1666/1772/1666 1668/1773/1667 1667/1774/1668
f 1636/1740/1638 1637/1739/1637 1640/1742/1640 1669/1775/1669
f 1670/1776/1670 1560/1656/1558 1280/1363/1280 1279/1362/1279
f 1250/1327/1250 1280/1363/1280 1560/1656/1558 1557/1655/1557
f 1671/1777/1671 1572/1671/1573 1573/1670/1572 1672/1778/1672
f 1573/1670/1572 1652/1756/1651 1552/1648/1550 1549/1647/1549
f 1623/1721/1621 1674/1779/1673 1619/1720/1620 1673/1780/1674
f 1675/1781/1675 1622/1722/1622 1623/1721/1621 1673/1780/1674
f 1676/1782/1676 1581/1724/1583 1622/1722/1622 1675/1781/1675
f 1677/1783/1677 1580/1678/1580 1581/1681/1583 1676/1784/1676
f 1627/1729/1627 1563/1661/1563 1580/1678/1580 1677/1783/1677
f 1598/1698/1598 1678/1785/1678 1219/1296/1219 1270/1349/1270
f 1621/1723/1623 1592/1690/1592 1593/1693/1595 1616/1717/1617
f 1623/1721/1621 1616/1717/1617 1617/1716/1616 1674/1779/1673
f 1646/1746/1644 1620/1719/1619 1679/1786/1679 1645/1747/1645
f 1641/1743/1641 1625/1727/1625 1632/1733/1631 1640/1742/1640
f 1560/1656/1558 1670/1776/1670 1650/1754/1650 1559/1657/1559
f 1567/1665/1567 1628/1731/1629 1642/1744/1642 1680/1787/1680
f 1660/1767/1661 1661/1766/1660 1681/1788/1681 1663/1770/1664
f 1682/1789/1682 1685/1790/1683 1684/1791/1684 1683/1792/1685
f 1686/1793/1686 1684/1791/1684 1685/1790/1683 1687/1794/1687
f 1688/1795/1688 1572/1671/1573 1671/1777/1671 1689/1796/1689
f 1689/1796/1689 1678/1785/1678 1690/1797/1690 1688/1795/1688
f 1604/1704/1604 1631/1734/1632 1615/1715/1615 1608/1710/1610
f 1642/1744/1642 1641/1743/1641 1640/1742/1640 1637/1739/1637
f 1670/1776/1670 1654/1760/1655 1649/1753/1649 1650/1754/1650
f 1649/1753/1649 1654/1760/1655 1655/1759/1654 1589/1751/1591
f 1647/1750/1648 1588/1686/1588 1589/1689/1591 1655/1798/1654
f 1631/1734/1632 1674/1779/1673 1617/1716/1616 1615/1715/1615
f 1588/1686/1588 1647/1750/1648 1648/1749/1647 1550/1650/1552
f 1227/1306/1229 1576/1674/1576 1577/1673/1575 1226/1303/1226
f 1653/1758/1653 1549/1647/1549 1550/1650/1552 1648/1749/1647
f 1618/1718/1618 1619/1720/1620 1674/1779/1673 1631/1734/1632
f 1672/1778/1672 1573/1670/1572 1549/1647/1549 1653/1758/1653
f 1680/1787/1680 1638/1738/1636 1683/1792/1685 1633/1735/1633
f 1654/1760/1655 1670/1776/1670 1279/1362/1279 1277/1360/1278
f 1568/1666/1568 1567/1665/1567 1680/1787/1680 1633/1735/1633
f 1655/1798/1654 1278/1361/1277 1206/1283/1206 1647/1750/1648
f 1672/1778/1672 1653/1758/1653 1208/1286/1209 1209/1285/1208
f 1209/1285/1208 1271/1350/1271 1671/1777/1671 1672/1778/1672
f 1271/1350/1271 1220/1297/1220 1689/1796/1689 1671/1777/1671
f 1678/1785/1678 1689/1796/1689 1220/1297/1220 1219/1296/1219
f 1688/1795/1688 1691/1799/1691 1570/1669/1571 1572/1671/1573
f 1634/1736/1634 1633/1735/1633 1683/1792/1685 1684/1791/1684
f 1642/1744/1642 1637/1739/1637 1638/1738/1636 1680/1787/1680
f 1613/1713/1613 1639/1741/1639 1630/1732/1630 1605/1707/1607
f 1291/1372/1289 1658/1765/1659 1667/1774/1668 1311/1394/1310
f 1582/1725/1582 1587/1696/1585 1592/1690/1592 1621/1723/1623
f 1684/1791/1684 1686/1793/1686 1690/1797/1690 1634/1736/1634
f 1571/1668/1570 1553/1651/1553 1566/1662/1564 1626/1728/1626
f 1634/1736/1634 1690/1797/1690 1678/1785/1678 1598/1698/1598
f 1651/1757/1652 1627/1729/1627 1677/1783/1677 1597/1695/1597
f 1660/1767/1661 1664/1769/1663 1659/1764/1658 1656/1763/1657
f 1656/1763/1657 1659/1764/1658 1288/1371/1288 1245/1324/1247
f 1682/1789/1682 1683/1792/1685 1638/1738/1636 1635/1737/1635
f 1575/1675/1577 1576/1674/1576 1614/1714/1614 1556/1652/1554
f 1686/1793/1686 1691/1799/1691 1688/1795/1688 1690/1797/1690
f 1551/1649/1551 1651/1757/1652 1597/1695/1597 1591/1687/1589
f 1645/1747/1645 1679/1786/1679 1559/1657/1559 1650/1754/1650
f 1252/1328/1251 1250/1327/1250 1557/1655/1557 1624/1726/1624
f 1612/1712/1612 1298/1379/1296 1311/1394/1310 1667/1774/1668
f 1667/1774/1668 1668/1773/1667 1613/1713/1613 1612/1712/1612
f 1692/1800/1692 1681/1788/1681 1661/1766/1660 1665/1771/1665
f 1693/1801/1693 1692/1800/1692 1665/1771/1665 1579/1677/1579
f 1571/1668/1570 1626/1728/1626 1652/1756/1651 1573/1670/1572
f 1626/1728/1626 1627/1729/1627 1651/1757/1652 1652/1756/1651
f 1676/1784/1676 1596/1694/1596 1597/1695/1597 1677/1783/1677
f 1596/1755/1596 1676/1782/1676 1675/1781/1675 1643/1745/1643
f 1673/1780/1674 1646/1746/1644 1643/1745/1643 1675/1781/1675
f 1673/1780/1674 1619/1720/1620 1620/1719/1619 1646/1746/1644
f 1569/1667/1569 1694/1802/1694 1574/1672/1574 1575/1675/1577
f 1558/1658/1560 1559/1657/1559 1679/1786/1679 1620/1719/1619
f 1631/1734/1632 1604/1704/1604 1605/1707/1607 1630/1732/1630
f 1691/1799/1691 1686/1793/1686 1687/1794/1687 1695/1803/1695
f 1696/1804/1696 1669/1775/1669 1640/1742/1640 1639/1741/1639
f 1669/1775/1669 1696/1804/1696 1697/1805/1697 1636/1740/1638
f 1636/1740/1638 1697/1805/1697 1662/1768/1662 1635/1737/1635
f 1635/1737/1635 1662/1768/1662 1663/1770/1664 1682/1789/1682
f 1663/1770/1664 1681/1788/1681 1685/1790/1683 1682/1789/1682
f 1681/1788/1681 1692/1800/1692 1687/1794/1687 1685/1790/1683
f 1695/1803/1695 1687/1794/1687 1692/1800/1692 1693/1801/1693
f 1570/1669/1571 1691/1799/1691 1695/1803/1695 1698/1806/1698
f 1625/1727/1625 1558/1658/1560 1618/1718/1618 1632/1733/1631
f 1693/1801/1693 1694/1802/1694 1698/1806/1698 1695/1803/1695
f 1569/1667/1569 1575/1675/1577 1556/1652/1554 1553/1651/1553
f 1697/1805/1697 1666/1772/1666 1664/1769/1663 1662/1768/1662
f 1666/1772/1666 1697/1805/1697 1696/1804/1696 1668/1773/1667
f 1668/1773/1667 1696/1804/1696 1639/1741/1639 1613/1713/1613
f 1694/1802/1694 1693/1801/1693 1579/1677/1579 1574/1672/1574
f 1570/1669/1571 1698/1806/1698 1694/1802/1694 1569/1667/1569
f 1699/1807/1699 1702/1808/1700 1701/1809/1701 1700/1810/1702
f 1703/1811/1703 1706/1812/1704 1705/1813/1705 1704/1814/1706
f 1706/1812/1704 1708/1815/1707 1707/1816/1708 1705/1813/1705
f 1709/1817/1709 1707/1816/1708 1708/1815/1707 1710/1818/1710
f 1710/1818/1710 1712/1819/1711 1711/1820/1712 1709/1817/1709
f 1713/1821/1713 1714/1822/1714 1294/1376/1293 1292/1375/1292
f 1715/1823/1715 1716/1824/1716 1300/1384/1301 1301/1383/1300
f 1699/1807/1699 1717/1825/1717 1238/1315/1238 1299/1382/1299
f 1702/1808/1700 1699/1807/1699 1299/1382/1299 1305/1388/1305
f 1718/1826/1718 1721/1827/1719 1720/1828/1720 1719/1829/1721
f 1717/1825/1717 1721/1827/1719 1237/1316/1239 1238/1315/1238
f 1703/1811/1703 1702/1808/1700 1305/1388/1305 1302/1386/1303
f 1302/1386/1303 1303/1385/1302 1706/1812/1704 1703/1811/1703
f 1712/1819/1711 1710/1818/1710 1235/1311/1234 1306/1389/1306
f 1721/1827/1719 1718/1826/1718 1304/1387/1304 1237/1316/1239
f 1718/1826/1718 1715/1823/1715 1301/1383/1300 1304/1387/1304
f 1715/1823/1715 1718/1826/1718 1719/1829/1721 1722/1830/1722
f 1722/1830/1722 1723/1831/1723 1716/1824/1716 1715/1823/1715
f 1724/1832/1724 1720/1828/1720 1721/1827/1719 1717/1825/1717
f 1725/1833/1725 1726/1834/1726 1714/1822/1714 1713/1821/1713
f 1714/1822/1714 1727/1835/1727 1282/1364/1281 1294/1376/1293
f 1281/1365/1282 1282/1364/1281 1727/1835/1727 1728/1836/1728
f 1281/1365/1282 1728/1836/1728 1729/1837/1729 1307/1390/1307
f 1729/1838/1729 1730/1839/1730 1308/1392/1308 1307/1391/1307
f 1731/1840/1731 1729/1837/1729 1728/1836/1728 1732/1841/1732
f 1710/1818/1710 1708/1815/1707 1234/1312/1235 1235/1311/1234
f 1716/1824/1716 1713/1821/1713 1292/1375/1292 1300/1384/1301
f 1733/1842/1733 1732/1841/1732 1728/1836/1728 1727/1835/1727
f 1704/1814/1706 1701/1809/1701 1702/1808/1700 1703/1811/1703
f 1730/1839/1730 1729/1838/1729 1731/1843/1731 1734/1844/1734
f 1712/1819/1711 1730/1839/1730 1734/1844/1734 1711/1820/1712
f 1713/1821/1713 1716/1824/1716 1723/1831/1723 1725/1833/1725
f 1727/1835/1727 1714/1822/1714 1726/1845/1726 1733/1842/1733
f 1717/1825/1717 1699/1807/1699 1700/1810/1702 1724/1832/1724
f 1303/1385/1302 1234/1312/1235 1708/1815/1707 1706/1812/1704
f 1730/1839/1730 1712/1819/1711 1306/1389/1306 1308/1392/1308
f 1524/1618/1523 1516/1610/1516 1509/1600/1507 1506/1599/1506
f 1735/1846/1735 1505/1598/1505 1483/1574/1482 1536/1633/1536
f 1465/1549/1463 1467/1553/1467 1478/1565/1478 1464/1550/1464
f 1736/1847/1736 1524/1618/1523 1506/1599/1506 1737/1848/1737
f 1737/1848/1737 1506/1599/1506 1507/1602/1509 1546/1644/1546
f 1536/1633/1536 1535/1632/1535 1738/1849/1738 1735/1846/1735
f 1505/1598/1505 1735/1846/1735 1548/1645/1547 1545/1643/1545
f 1507/1602/1509 1508/1601/1508 1545/1643/1545 1548/1645/1547
f 1524/1618/1523 1736/1847/1736 1739/1850/1739 1523/1619/1524
f 1740/1851/1740 1534/1631/1534 1523/1619/1524 1739/1850/1739
f 1437/1525/1439 1438/1524/1438 1534/1631/1534 1740/1851/1740
f 1735/1846/1735 1738/1849/1738 1547/1646/1548 1548/1645/1547
f 1478/1565/1478 1477/1564/1477 1471/1558/1472 1464/1550/1464
f 1463/1551/1465 1464/1550/1464 1471/1558/1472 1472/1557/1471
f 1488/1578/1486 1508/1601/1508 1509/1600/1507 1487/1579/1487
f 1508/1601/1508 1488/1578/1486 1485/1577/1485 1545/1643/1545
f 1488/1578/1486 1361/1444/1359 1451/1537/1451 1485/1577/1485
f 1454/1538/1452 1451/1537/1451 1361/1444/1359 1358/1443/1358
f 1737/1852/1737 4094/1853/1741 4093/1854/1742 1736/1855/1736
f 4096/1856/1743 4095/1857/1744 2465/1858/1745 2466/1859/1746
f 4093/1854/1742 4098/1860/1747 4097/1861/1748 4099/1862/1749
f 4094/1853/1741 1737/1852/1737 1546/1863/1546 4100/1864/1750
f 4102/1865/1751 4095/1857/1744 4101/1866/1752 4103/1867/1753
f 1437/1868/1439 1740/1869/1740 4104/1870/1754 2296/1871/1755
f 4095/1857/1744 4102/1865/1751 2478/1872/1756 2465/1858/1745
f 4107/1873/1757 4106/1874/1758 4105/1875/1759 4108/1876/1760
f 4096/1856/1743 4110/1877/1761 4109/1878/1762 4111/1879/1763
f 4112/1880/1764 4109/1878/1762 4110/1877/1761 4113/1881/1765
f 4095/1857/1744 4096/1856/1743 4111/1879/1763 4101/1866/1752
f 4116/1882/1766 4115/1883/1767 4114/1884/1768 4099/1862/1749
f 4119/1885/1769 4118/1886/1770 4117/1887/1771 4120/1888/1772
f 4122/1889/1773 4121/1890/1774 4106/1874/1758 4107/1873/1757
f 4103/1867/1753 4101/1866/1752 4105/1875/1759 4098/1860/1747
f 4108/1876/1760 4105/1875/1759 4101/1866/1752 4111/1879/1763
f 4124/1891/1775 4123/1892/1776 4109/1878/1762 4112/1880/1764
f 4125/1893/1777 4124/1891/1775 4112/1880/1764 4091/1894/1778
f 4118/1886/1770 4122/1889/1773 4107/1873/1757 4117/1887/1771
f 4123/1892/1776 4108/1876/1760 4111/1879/1763 4109/1878/1762
f 4132/5904/1779 4126/5902/1780 4121/1890/1774 4122/1889/1773
f 4133/5903/1781 4132/5904/1779 4122/1889/1773 4118/1886/1770
f 4134/5901/1782 4133/5903/1781 4118/1886/1770 4119/1885/1769
f 4135/5891/1783 4127/5899/1784 4115/1883/1767 4116/1882/1766
f 4126/5902/1780 4128/5892/1785 4136/1902/1786 4121/1890/1774
f 4129/5889/1787 4137/1904/1788 4139/1905/1789 4138/5900/1790
f 4130/5898/1791 2412/1908/1792 2413/1909/1793 4140/5895/1794
f 4131/5896/1795 2414/1912/1796 2445/1913/1797 4141/5893/1798
f 4142/5897/1799 4134/5901/1782 4119/1885/1769 4143/1916/1800
f 4127/5899/1784 4138/5900/1790 4139/1905/1789 4115/1883/1767
f 4200/5880/1801 2411/1918/1802 2412/1908/1792 4130/5898/1791
f 4145/1919/1803 4139/1905/1789 4137/1904/1788 4104/1870/1754
f 4140/5895/1794 2413/1909/1793 2414/1912/1796 4131/5896/1795
f 4115/1883/1767 4139/1905/1789 4145/1919/1803 4114/1884/1768
f 4120/1888/1772 4146/1920/1804 4143/1916/1800 4119/1885/1769
f 4144/5894/1805 4142/5897/1799 4143/1916/1800 4146/1920/1804
f 4103/1867/1753 4094/1853/1741 4100/1864/1750 4102/1865/1751
f 4094/1853/1741 4103/1867/1753 4098/1860/1747 4093/1854/1742
f 2295/1922/1806 4147/5890/1807 4141/5893/1798 2445/1913/1797
f 4100/1864/1750 1546/1863/1546 1547/1924/1548 2493/1925/1808
f 4121/1890/1774 4136/1902/1786 4097/1861/1748 4106/1874/1758
f 4098/1860/1747 4105/1875/1759 4106/1874/1758 4097/1861/1748
f 4136/1902/1786 4116/1882/1766 4099/1862/1749 4097/1861/1748
f 4116/1882/1766 4136/1902/1786 4128/5892/1785 4135/5891/1783
f 4147/5890/1807 2295/1922/1806 4137/1904/1788 4129/5889/1787
f 1739/1926/1739 4145/1919/1803 4104/1870/1754 1740/1869/1740
f 4114/1884/1768 4145/1919/1803 1739/1926/1739 1736/1855/1736
f 4137/1904/1788 2295/1922/1806 2296/1871/1755 4104/1870/1754
f 4123/1892/1776 4124/1891/1775 4120/1888/1772 4117/1887/1771
f 4117/1887/1771 4107/1873/1757 4108/1876/1760 4123/1892/1776
f 4148/1927/1809 4120/1888/1772 4124/1891/1775 4125/1893/1777
f 4203/5876/1810 4144/5894/1805 4146/1920/1804 4205/1929/1811
f 4091/1894/1778 4112/1880/1764 4113/1881/1765 4092/1930/1812
f 4120/1888/1772 4148/1927/1809 4205/1929/1811 4146/1920/1804
f 4099/1862/1749 4114/1884/1768 1736/1855/1736 4093/1854/1742
f 4110/1877/1761 4096/1856/1743 2466/1859/1746 2490/1931/1813
f 4113/1881/1765 4110/1877/1761 2490/1931/1813 2487/1932/1814
f 4092/1930/1812 4113/1881/1765 2487/1932/1814 2541/1933/1815
f 2493/1925/1808 2478/1872/1756 4102/1865/1751 4100/1864/1750
f 2012/1934/1816 2007/1935/1817 4150/1936/1818 4149/1937/1819
f 4151/1938/1820 2132/1939/1821 2131/1940/1822 4152/1941/1823
f 4150/1936/1818 4155/1942/1824 4154/1943/1825 4153/1944/1826
f 4149/1937/1819 4156/1945/1827 1961/1946/1828 2012/1934/1816
f 4157/1947/1829 4159/1948/1830 4158/1949/1831 4152/1941/1823
f 2042/1950/1832 2045/1951/1833 4160/1952/1834 2054/1953/1835
f 4152/1941/1823 2131/1940/1822 2130/1954/1836 4157/1947/1829
f 4161/1955/1837 4164/1956/1838 4163/1957/1839 4162/1958/1840
f 4151/1938/1820 4167/1959/1841 4166/1960/1842 4165/1961/1843
f 4168/1962/1844 4169/1963/1845 4165/1961/1843 4166/1960/1842
f 4152/1941/1823 4158/1949/1831 4167/1959/1841 4151/1938/1820
f 4170/1964/1846 4155/1942/1824 4172/1965/1847 4171/1966/1848
f 4173/1967/1849 4176/1968/1850 4175/1969/1851 4174/1970/1852
f 4177/1971/1853 4161/1955/1837 4162/1958/1840 4178/1972/1854
f 4159/1948/1830 4153/1944/1826 4163/1957/1839 4158/1949/1831
f 4164/1956/1838 4167/1959/1841 4158/1949/1831 4163/1957/1839
f 4179/1973/1855 4168/1962/1844 4166/1960/1842 4180/1974/1856
f 4125/1893/1777 4091/1894/1778 4168/1962/1844 4179/1973/1855
f 4174/1970/1852 4175/1969/1851 4161/1955/1837 4177/1971/1853
f 4180/1974/1856 4166/1960/1842 4167/1959/1841 4164/1956/1838
f 4181/5888/1857 4177/1971/1853 4178/1972/1854 4190/5886/1858
f 4182/5887/1859 4174/1970/1852 4177/1971/1853 4181/5888/1857
f 4183/5885/1860 4173/1967/1849 4174/1970/1852 4182/5887/1859
f 4184/5874/1861 4170/1964/1846 4171/1966/1848 4191/5883/1862
f 4190/5886/1858 4178/1972/1854 4193/1981/1863 4192/5873/1864
f 4196/1983/1865 4195/1984/1866 4194/5872/1867 4185/5882/1868
f 4197/5881/1869 4186/5879/1870 2026/1989/1871 2025/1990/1872
f 4198/5878/1873 4187/5875/1874 2028/1993/1875 2024/1994/1876
f 4188/5884/1877 4199/1996/1878 4173/1967/1849 4183/5885/1860
f 4191/5883/1862 4171/1966/1848 4196/1983/1865 4185/5882/1868
f 4200/1997/1801 4197/5881/1869 2025/1990/1872 2411/1998/1802
f 4195/1984/1866 4196/1983/1865 4201/1999/1879 4160/1952/1834
f 4186/5879/1870 4198/5878/1873 2024/1994/1876 2026/1989/1871
f 4171/1966/1848 4172/1965/1847 4201/1999/1879 4196/1983/1865
f 4176/1968/1850 4173/1967/1849 4199/1996/1878 4202/2000/1880
f 4189/5877/1881 4202/2000/1880 4199/1996/1878 4188/5884/1877
f 4159/1948/1830 4157/1947/1829 4156/1945/1827 4149/1937/1819
f 4149/1937/1819 4150/1936/1818 4153/1944/1826 4159/1948/1830
f 2048/2002/1882 2028/1993/1875 4187/5875/1874 4204/5871/1883
f 4156/1945/1827 2129/2004/1884 2040/2005/1885 1961/1946/1828
f 4178/1972/1854 4162/1958/1840 4154/1943/1825 4193/1981/1863
f 4153/1944/1826 4154/1943/1825 4162/1958/1840 4163/1957/1839
f 4193/1981/1863 4154/1943/1825 4155/1942/1824 4170/1964/1846
f 4170/1964/1846 4184/5874/1861 4192/5873/1864 4193/1981/1863
f 4204/5871/1883 4194/5872/1867 4195/1984/1866 2048/2002/1882
f 4160/1952/1834 4201/1999/1879 2020/2006/1886 2054/1953/1835
f 4172/1965/1847 2007/1935/1817 2020/2006/1886 4201/1999/1879
f 4195/1984/1866 4160/1952/1834 2045/1951/1833 2048/2002/1882
f 4180/1974/1856 4175/1969/1851 4176/1968/1850 4179/1973/1855
f 4175/1969/1851 4180/1974/1856 4164/1956/1838 4161/1955/1837
f 4148/1927/1809 4125/1893/1777 4179/1973/1855 4176/1968/1850
f 4203/5876/1810 4205/1929/1811 4202/2000/1880 4189/5877/1881
f 4091/1894/1778 4092/1930/1812 4169/1963/1845 4168/1962/1844
f 4176/1968/1850 4202/2000/1880 4205/1929/1811 4148/1927/1809
f 4155/1942/1824 4150/1936/1818 2007/1935/1817 4172/1965/1847
f 4165/1961/1843 2133/2007/1887 2132/1939/1821 4151/1938/1820
f 4169/1963/1845 2134/2008/1888 2133/2007/1887 4165/1961/1843
f 4092/1930/1812 2541/1933/1815 2134/2008/1888 4169/1963/1845
f 2129/2004/1884 4156/1945/1827 4157/1947/1829 2130/1954/1836
f 1741/2009/1889 1744/2010/1890 1742/2011/1891 1743/2012/1892
f 2118/2013/1893 2141/2014/1894 2142/2015/1895 1746/2016/1896
f 2119/2017/1897 2120/2018/1898 1747/2019/1899 1748/2020/1900
f 2111/2021/1901 2119/2017/1897 1748/2020/1900 1749/2022/1902
f 2112/2023/1903 2111/2021/1901 1749/2022/1902 1750/2024/1904
f 2113/2025/1905 1751/2026/1906 1752/2027/1907 2114/2028/1908
f 2116/2029/1909 1753/2030/1910 1754/2031/1911 2115/2032/1912
f 1755/2033/1913 2117/2034/1914 2115/2032/1912 1754/2031/1911
f 1756/2035/1915 1745/2036/1916 2117/2034/1914 1755/2033/1913
f 1757/2037/1917 2121/2038/1918 1745/2036/1916 1756/2035/1915
f 2109/2039/1919 1927/2040/1920 1777/2041/1921 1802/2042/1922
f 2122/2043/1923 2123/2044/1924 1761/2045/1925 1760/2046/1926
f 1760/2046/1926 1761/2045/1925 1763/2047/1927 1762/2048/1928
f 1764/2049/1929 1775/2050/1930 1762/2048/1928 1763/2047/1927
f 1765/2051/1931 1766/2052/1932 1759/2053/1933 1787/2054/1934
f 1770/2055/1935 1767/2056/1936 1768/2057/1937 1769/2058/1938
f 1771/2059/1939 1778/2060/1940 1865/2061/1941 1935/2062/1942
f 1766/2052/1932 1772/2063/1943 1758/2064/1944 1759/2053/1933
f 1784/2065/1945 1773/2066/1946 1774/2067/1947 1783/2068/1948
f 2107/2069/1949 1963/2070/1950 1775/2050/1930 1764/2049/1929
f 1778/2060/1940 1771/2059/1939 1779/2071/1951 1780/2072/1952
f 1780/2072/1952 1781/2073/1953 1782/2074/1954 1778/2060/1940
f 1744/2010/1890 1782/2074/1954 1781/2073/1953 1742/2011/1891
f 1784/2065/1945 1783/2068/1948 2110/2075/1955 1924/2076/1956
f 1812/2077/1957 1758/2064/1944 1788/2078/1958 1811/2079/1959
f 1761/2045/1925 1785/2080/1960 1786/2081/1961 1763/2047/1927
f 1777/2041/1921 1764/2049/1929 1763/2047/1927 1786/2081/1961
f 1785/2080/1960 1761/2045/1925 2123/2044/1924 1789/2082/1962
f 1758/2064/1944 1772/2063/1943 1790/2083/1963 1788/2078/1958
f 1764/2049/1929 1777/2041/1921 1927/2040/1920 2107/2069/1949
f 1788/2078/1958 1790/2083/1963 1791/2084/1964 1792/2085/1965
f 1793/2086/1966 1785/2080/1960 1789/2082/1962 2124/2087/1967
f 1792/2085/1965 1784/2065/1945 1924/2076/1956 1947/2088/1968
f 1792/2085/1965 1791/2084/1964 1773/2066/1946 1784/2065/1945
f 2106/2089/1969 1767/2056/1936 1804/2090/1970 1794/2091/1971
f 1758/2064/1944 1812/2077/1957 1948/2092/1972 1759/2053/1933
f 1984/2093/1973 1787/2054/1934 1759/2053/1933 1948/2092/1972
f 1795/2094/1974 2236/2095/1975 2144/2096/1976 2125/2097/1977
f 2125/2097/1977 2122/2043/1923 1760/2046/1926 1795/2094/1974
f 1795/2094/1974 1760/2046/1926 1762/2048/1928 1796/2098/1978
f 1796/2098/1978 2145/2099/1979 2236/2095/1975 1795/2094/1974
f 1746/2016/1896 2142/2015/1895 2146/2100/1980 1743/2012/1892
f 1742/2011/1891 1781/2073/1953 1748/2020/1900 1747/2019/1899
f 1781/2073/1953 1780/2072/1952 1749/2022/1902 1748/2020/1900
f 1750/2024/1904 1749/2022/1902 1780/2072/1952 1779/2071/1951
f 1751/2026/1906 1770/2055/1935 1769/2058/1938 1752/2027/1907
f 1963/2070/1950 1989/2101/1981 1776/2102/1982 1775/2050/1930
f 2147/2103/1983 1776/2102/1982 1989/2101/1981 2435/2104/1984
f 1744/2010/1890 1741/2009/1889 2108/2105/1985 1810/2106/1986
f 1796/2098/1978 1762/2048/1928 1775/2050/1930 1776/2102/1982
f 1776/2102/1982 2147/2103/1983 2145/2099/1979 1796/2098/1978
f 1753/2030/1910 1774/2067/1947 1773/2066/1946 1754/2031/1911
f 1791/2084/1964 1755/2033/1913 1754/2031/1911 1773/2066/1946
f 1755/2033/1913 1791/2084/1964 1790/2083/1963 1756/2035/1915
f 1756/2035/1915 1790/2083/1963 1772/2063/1943 1757/2037/1917
f 1800/2107/1987 1797/2108/1988 2110/2075/1955 1783/2068/1948
f 1768/2057/1937 1942/2109/1989 1797/2108/1988 1800/2107/1987
f 2126/2110/1990 1798/2111/1991 1799/2112/1992 2127/2113/1993
f 1942/2109/1989 1768/2057/1937 1767/2056/1936 2106/2089/1969
f 1783/2068/1948 1774/2067/1947 1801/2114/1994 1800/2107/1987
f 1798/2111/1991 2126/2110/1990 2121/2038/1918 1757/2037/1917
f 1766/2052/1932 1798/2111/1991 1757/2037/1917 1772/2063/1943
f 1766/2052/1932 1765/2051/1931 1799/2112/1992 1798/2111/1991
f 1802/2042/1922 1777/2041/1921 1786/2081/1961 1803/2115/1995
f 1803/2115/1995 1786/2081/1961 1785/2080/1960 1793/2086/1966
f 1767/2056/1936 1770/2055/1935 1805/2116/1996 1804/2090/1970
f 1751/2026/1906 1806/2117/1997 1805/2116/1996 1770/2055/1935
f 2128/2118/1998 1806/2117/1997 1751/2026/1906 2113/2025/1905
f 1774/2067/1947 1753/2030/1910 1807/2119/1999 1801/2114/1994
f 1808/2120/2000 1807/2119/1999 1753/2030/1910 2116/2029/1909
f 1811/2079/1959 1788/2078/1958 1792/2085/1965 1947/2088/1968
f 1778/2060/1940 1782/2074/1954 1809/2121/2001 1865/2061/1941
f 1810/2106/1986 1809/2121/2001 1782/2074/1954 1744/2010/1890
f 1741/2009/1889 2143/2122/2002 2253/2123/2003 2108/2105/1985
f 1743/2012/1892 1742/2011/1891 1747/2019/1899 1746/2016/1896
f 1746/2016/1896 1747/2019/1899 2120/2018/1898 2118/2013/1893
f 1750/2024/1904 1806/2117/1997 2128/2118/1998 2112/2023/1903
f 1779/2071/1951 1805/2116/1996 1806/2117/1997 1750/2024/1904
f 1805/2116/1996 1779/2071/1951 1771/2059/1939 1804/2090/1970
f 1771/2059/1939 1935/2062/1942 1794/2091/1971 1804/2090/1970
f 1743/2012/1892 2146/2100/1980 2143/2122/2002 1741/2009/1889
f 1802/2042/1922 1787/2054/1934 1984/2093/1973 2109/2039/1919
f 1803/2115/1995 1765/2051/1931 1787/2054/1934 1802/2042/1922
f 1793/2086/1966 1799/2112/1992 1765/2051/1931 1803/2115/1995
f 2127/2113/1993 1799/2112/1992 1793/2086/1966 2124/2087/1967
f 1800/2107/1987 1801/2114/1994 1769/2058/1938 1768/2057/1937
f 1752/2027/1907 1769/2058/1938 1801/2114/1994 1807/2119/1999
f 1807/2119/1999 1808/2120/2000 2114/2028/1908 1752/2027/1907
f 1842/2124/2004 1813/2125/2005 1814/2126/2006 1835/2127/2007
f 1815/2128/2008 1836/2129/2009 1835/2127/2007 1814/2126/2006
f 1816/2130/2010 1979/2131/2011 1836/2129/2009 1815/2128/2008
f 1979/2131/2011 1816/2130/2010 1817/2132/2012 1980/2133/2013
f 1995/2134/2014 1980/2133/2013 1817/2132/2012 1818/2135/2015
f 1851/2136/2016 1995/2134/2014 1818/2135/2015 1819/2137/2017
f 1825/2138/2018 1826/2139/2019 1827/2140/2020 1824/2141/2021
f 1828/2142/2022 1829/2143/2023 1827/2140/2020 1826/2139/2019
f 1830/2144/2024 1829/2143/2023 1828/2142/2022 1916/2145/2025
f 1830/2144/2024 1916/2145/2025 1832/2146/2026 1831/2147/2027
f 2140/2148/2028 1833/2149/2029 1834/2150/2030 1855/2151/2031
f 1838/2152/2032 1839/2153/2033 1840/2154/2034 1837/2155/2035
f 1838/2152/2032 2075/2156/2036 2065/2157/2037 1841/2158/2038
f 1813/2125/2005 1842/2124/2004 1843/2159/2039 1844/2160/2040
f 1845/2161/2041 1846/2162/2042 1847/2163/2043 1834/2150/2030
f 1834/2150/2030 1833/2149/2029 1853/2164/2044 1845/2161/2041
f 1829/2143/2023 1854/2165/2045 1821/2166/2046 1820/2167/2047
f 1857/2168/2048 1875/2169/2049 1846/2162/2042 1845/2161/2041
f 1860/2170/2050 1861/2171/2051 1858/2172/2052 1859/2173/2053
f 2066/2174/2054 2064/2175/2055 2048/2002/1882 2045/1951/1833
f 1809/2121/2001 1863/2176/2056 1864/2177/2057 1865/2061/1941
f 1866/2178/2058 1867/2179/2059 1974/2180/2060 1992/2181/2061
f 1868/2182/2062 1869/2183/2063 1831/2147/2027 1832/2146/2026
f 1870/2184/2064 1831/2147/2027 1869/2183/2063 1871/2185/2065
f 1864/2177/2057 1872/2186/2066 1873/2187/2067 1874/2188/2068
f 1875/2169/2049 1917/2189/2069 1876/2190/2070 1846/2162/2042
f 2094/2191/2071 1894/2192/2072 1878/2193/2073 2095/2194/2074
f 2095/2194/2074 1878/2193/2073 1879/2195/2075 2096/2196/2076
f 1880/2197/2077 1881/2198/2078 1882/2199/2079 1921/2200/2080
f 1883/2201/2081 1881/2198/2078 1880/2197/2077 1973/2202/2082
f 1884/2203/2083 1885/2204/2084 1886/2205/2085 1887/2206/2086
f 1888/2207/2087 1889/2208/2088 1890/2209/2089 1928/2210/2090
f 1891/2211/2091 1892/2212/2092 1885/2204/2084 1884/2203/2083
f 2093/2213/2093 1893/2214/2094 1894/2192/2072 2094/2191/2071
f 1895/2215/2095 1896/2216/2096 1897/2217/2097 1898/2218/2098
f 1899/2219/2099 1900/2220/2100 1901/2221/2101 1902/2222/2102
f 1992/2181/2061 1906/2223/2103 1863/2176/2056 1866/2178/2058
f 1909/2224/2104 1859/2173/2053 1910/2225/2105 1911/2226/2106
f 1861/2171/2051 1913/2227/2107 1912/2228/2108 1858/2172/2052
f 1809/2121/2001 1810/2106/1986 1866/2178/2058 1863/2176/2056
f 1854/2165/2045 1829/2143/2023 1830/2144/2024 1877/2229/2109
f 1877/2229/2109 1830/2144/2024 1831/2147/2027 1870/2184/2064
f 1832/2146/2026 1916/2145/2025 1919/2230/2110 1918/2231/2111
f 1922/2232/2112 1876/2190/2070 1917/2189/2069 1929/2233/2113
f 1890/2209/2089 1922/2232/2112 1929/2233/2113 1928/2210/2090
f 2110/2075/1955 1925/2234/2114 1923/2235/2115 1924/2076/1956
f 1926/2236/2116 1933/2237/2117 1921/2200/2080 1888/2207/2087
f 1928/2210/2090 1929/2233/2113 1951/2238/2118 1950/2239/2119
f 1827/2140/2020 1829/2143/2023 1820/2167/2047 1930/2240/2120
f 1931/2241/2121 1884/2203/2083 1887/2206/2086 1932/2242/2122
f 1919/2230/2110 1916/2145/2025 1828/2142/2022 1934/2243/2123
f 1865/2061/1941 1864/2177/2057 1874/2188/2068 1935/2062/1942
f 1936/2244/2124 1937/2245/2125 1938/2246/2126 1939/2247/2127
f 1937/2245/2125 1940/2248/2128 1941/2249/2129 1938/2246/2126
f 2106/2089/1969 1936/2244/2124 1939/2247/2127 1942/2109/1989
f 1940/2248/2128 1943/2250/2130 1944/2251/2131 1941/2249/2129
f 1886/2205/2085 1812/2077/1957 1811/2079/1959 1945/2252/2132
f 1924/2076/1956 1923/2235/2115 1946/2253/2133 1947/2088/1968
f 1812/2077/1957 1886/2205/2085 1885/2204/2084 1948/2092/1972
f 1951/2238/2118 1949/2254/2134 1926/2236/2116 1950/2239/2119
f 1888/2207/2087 1928/2210/2090 1950/2239/2119 1926/2236/2116
f 1926/2236/2116 1949/2254/2134 1977/2255/2135 1933/2237/2117
f 1895/2215/2095 1898/2218/2098 1953/2256/2136 1952/2257/2137
f 1918/2231/2111 1919/2230/2110 1934/2243/2123 1949/2254/2134
f 1954/2258/2138 1955/2259/2139 1881/2198/2078 1883/2201/2081
f 1930/2240/2120 2394/2260/2140 2148/2261/2141 1956/2262/2142
f 1902/2222/2102 1901/2221/2101 1957/2263/2143 1958/2264/2144
f 1823/2265/2145 1962/2266/2146 2062/2267/2147 2063/2268/2148
f 1915/2269/2149 1914/2270/2150 1856/2271/2151 1868/2182/2062
f 1868/2182/2062 1832/2146/2026 1918/2231/2111 1915/2269/2149
f 1897/2217/2097 1958/2264/2144 1963/2070/1950 2107/2069/1949
f 1896/2216/2096 1902/2222/2102 1958/2264/2144 1897/2217/2097
f 1964/2272/2152 1899/2219/2099 1902/2222/2102 1896/2216/2096
f 1883/2201/2081 1824/2141/2021 1965/2273/2153 1954/2258/2138
f 2049/2274/2154 2410/2275/2155 2411/1998/1802 2025/1990/1872
f 2026/1989/1871 2024/1994/1876 2061/2276/2156 2059/2277/2157
f 1959/2278/2158 1951/2238/2118 1929/2233/2113 1917/2189/2069
f 1857/2168/2048 1856/2271/2151 1914/2270/2150 1960/2279/2159
f 1875/2169/2049 1857/2168/2048 1960/2279/2159 1967/2280/2160
f 1967/2280/2160 1959/2278/2158 1917/2189/2069 1875/2169/2049
f 1971/2281/2161 1931/2241/2121 1932/2242/2122 1970/2282/2162
f 1882/2199/2079 1881/2198/2078 1955/2259/2139 1972/2283/2163
f 1975/2284/2164 1823/2265/2145 2063/2268/2148 2068/2285/2165
f 1925/2234/2114 1976/2286/2166 1909/2224/2104 1923/2235/2115
f 1969/2287/2167 1973/2202/2082 1880/2197/2077 1977/2255/2135
f 1920/2288/2168 1826/2139/2019 1825/2138/2018 1978/2289/2169
f 1826/2139/2019 1920/2288/2168 1934/2243/2123 1828/2142/2022
f 1978/2289/2169 1825/2138/2018 1973/2202/2082 1969/2287/2167
f 1943/2250/2130 1981/2290/2170 1982/2291/2171 1944/2251/2131
f 1945/2252/2132 1983/2292/2172 1887/2206/2086 1886/2205/2085
f 1923/2235/2115 1909/2224/2104 1911/2226/2106 1946/2253/2133
f 2035/2293/2173 1975/2284/2164 2068/2285/2165 2034/2294/2174
f 1976/2286/2166 1860/2170/2050 1859/2173/2053 1909/2224/2104
f 1985/2295/2175 1986/2296/2176 1913/2227/2107 1861/2171/2051
f 1987/2297/2177 1985/2295/2175 1861/2171/2051 1860/2170/2050
f 1988/2298/2178 1987/2297/2177 1860/2170/2050 1976/2286/2166
f 1943/2250/2130 1940/2248/2128 1990/2299/2179 1991/2300/2180
f 1872/2186/2066 1998/2301/2181 1999/2302/2182 1873/2187/2067
f 1978/2289/2169 1969/2287/2167 1977/2255/2135 1949/2254/2134
f 1951/2238/2118 1959/2278/2158 1967/2280/2160 1949/2254/2134
f 2108/2105/1985 2253/2123/2003 2149/2303/2183 1867/2179/2059
f 1914/2270/2150 1915/2269/2149 1918/2231/2111 1949/2254/2134
f 1825/2138/2018 1824/2141/2021 1883/2201/2081 1973/2202/2082
f 1993/2304/2184 1988/2298/2178 1976/2286/2166 1925/2234/2114
f 2029/2305/2185 2061/2276/2156 2024/1994/1876 2028/1993/1875
f 1824/2141/2021 1956/2262/2142 1994/2306/2186 1965/2273/2153
f 1797/2108/1988 1993/2304/2184 1925/2234/2114 2110/2075/1955
f 1914/2270/2150 1949/2254/2134 1967/2280/2160 1960/2279/2159
f 1978/2289/2169 1949/2254/2134 1934/2243/2123 1920/2288/2168
f 1956/2262/2142 2148/2261/2141 2150/2307/2187 1994/2306/2186
f 1867/2179/2059 2149/2303/2183 2448/2308/2188 1974/2180/2060
f 1840/2154/2034 2027/2309/2189 2038/2310/2190 1837/2155/2035
f 1957/2263/2143 2151/2311/2191 2435/2104/1984 1989/2101/1981
f 2037/2312/2192 2001/2313/2193 1837/2155/2035 2038/2310/2190
f 1989/2101/1981 1963/2070/1950 1958/2264/2144 1957/2263/2143
f 2107/2069/1949 1927/2040/1920 1898/2218/2098 1897/2217/2097
f 1927/2040/1920 2109/2039/1919 1953/2256/2136 1898/2218/2098
f 1948/2092/1972 1885/2204/2084 1892/2212/2092 1984/2093/1973
f 1884/2203/2083 1931/2241/2121 2002/2314/2194 1891/2211/2091
f 1952/2257/2137 2003/2315/2195 2004/2316/2196 1895/2215/2095
f 2004/2316/2196 1964/2272/2152 1896/2216/2096 1895/2215/2095
f 1956/2262/2142 1824/2141/2021 1827/2140/2020 1930/2240/2120
f 1887/2206/2086 1983/2292/2172 2006/2317/2197 1932/2242/2122
f 2009/2318/2198 1990/2299/2179 1940/2248/2128 1937/2245/2125
f 2010/2319/2199 2009/2318/2198 1937/2245/2125 1936/2244/2124
f 1794/2091/1971 2010/2319/2199 1936/2244/2124 2106/2089/1969
f 1869/2183/2063 1868/2182/2062 1856/2271/2151 1853/2164/2044
f 2087/2320/2200 1894/2192/2072 1893/2214/2094 2086/2321/2201
f 1853/2164/2044 1856/2271/2151 1857/2168/2048 1845/2161/2041
f 1996/2322/2202 1910/2225/2105 1859/2173/2053 1858/2172/2052
f 1906/2223/2103 2000/2323/2203 1998/2301/2181 1872/2186/2066
f 1981/2290/2170 1943/2250/2130 1991/2300/2180 1850/2324/2204
f 1863/2176/2056 1906/2223/2103 1872/2186/2066 1864/2177/2057
f 1867/2179/2059 1866/2178/2058 1810/2106/1986 2108/2105/1985
f 1853/2164/2044 1833/2149/2029 1871/2185/2065 1869/2183/2063
f 2092/2325/2205 1849/2326/2206 1893/2214/2094 2093/2213/2093
f 2013/2327/2207 1968/2328/2208 1992/2181/2061 1974/2180/2060
f 1968/2328/2208 2000/2323/2203 1906/2223/2103 1992/2181/2061
f 2075/2156/2036 1838/2152/2032 1837/2155/2035 2001/2313/2193
f 1846/2162/2042 2014/2329/2209 2015/2330/2210 1847/2163/2043
f 1945/2252/2132 1811/2079/1959 1947/2088/1968 1946/2253/2133
f 1983/2292/2172 1945/2252/2132 1946/2253/2133 1911/2226/2106
f 1852/2331/2211 1996/2322/2202 1858/2172/2052 1912/2228/2108
f 1910/2225/2105 1996/2322/2202 1932/2242/2122 2006/2317/2197
f 1851/2136/2016 2015/2330/2210 2014/2329/2209 1852/2331/2211
f 1814/2126/2006 1907/2332/2212 1908/2333/2213 1815/2128/2008
f 2098/2334/2214 2008/2335/2215 1847/2163/2043 2015/2330/2210
f 2016/2336/2216 2002/2314/2194 1931/2241/2121 1971/2281/2161
f 1994/2306/2186 2150/2307/2187 2475/2337/2217 1900/2220/2100
f 1970/2282/2162 1932/2242/2122 1996/2322/2202 2017/2338/2218
f 2017/2338/2218 1996/2322/2202 1852/2331/2211 2014/2329/2209
f 1889/2208/2088 2016/2336/2216 1971/2281/2161 1890/2209/2089
f 1965/2273/2153 1994/2306/2186 1900/2220/2100 1899/2219/2099
f 1954/2258/2138 1965/2273/2153 1899/2219/2099 1964/2272/2152
f 1955/2259/2139 1954/2258/2138 1964/2272/2152 2004/2316/2196
f 2100/2339/2219 2099/2340/2220 2065/2157/2037 2075/2156/2036
f 2006/2317/2197 1983/2292/2172 1911/2226/2106 1910/2225/2105
f 2005/2341/2221 1851/2136/2016 1819/2137/2017 2011/2342/2222
f 1905/2343/2223 1904/2344/2224 1817/2132/2012 1816/2130/2010
f 1972/2283/2163 1955/2259/2139 2004/2316/2196 2003/2315/2195
f 1890/2209/2089 1971/2281/2161 1970/2282/2162 1922/2232/2112
f 1844/2160/2040 1907/2332/2212 1814/2126/2006 1813/2125/2005
f 1850/2324/2204 1842/2124/2004 1835/2127/2007 1981/2290/2170
f 1997/2345/2225 1843/2159/2039 1842/2124/2004 1839/2153/2033
f 1922/2232/2112 1970/2282/2162 2017/2338/2218 1876/2190/2070
f 2014/2329/2209 1846/2162/2042 1876/2190/2070 2017/2338/2218
f 1834/2150/2030 1847/2163/2043 2008/2335/2215 1855/2151/2031
f 1904/2344/2224 1903/2346/2226 1818/2135/2015 1817/2132/2012
f 1981/2290/2170 1835/2127/2007 1836/2129/2009 1982/2291/2171
f 1903/2346/2226 2011/2342/2222 1819/2137/2017 1818/2135/2015
f 1986/2296/2176 1979/2131/2011 1980/2133/2013 1913/2227/2107
f 1912/2228/2108 1913/2227/2107 1980/2133/2013 1995/2134/2014
f 2025/1990/1872 2026/1989/1871 2059/2277/2157 2049/2274/2154
f 1852/2331/2211 1912/2228/2108 1995/2134/2014 1851/2136/2016
f 2010/2319/2199 1794/2091/1971 1935/2062/1942 1874/2188/2068
f 2009/2318/2198 2010/2319/2199 1874/2188/2068 1873/2187/2067
f 1990/2299/2179 2009/2318/2198 1873/2187/2067 1999/2302/2182
f 2027/2309/2189 1840/2154/2034 1850/2324/2204 1991/2300/2180
f 1850/2324/2204 1840/2154/2034 1839/2153/2033 1842/2124/2004
f 1841/2158/2038 1997/2345/2225 1839/2153/2033 1838/2152/2032
f 1901/2221/2101 2152/2347/2227 2151/2311/2191 1957/2263/2143
f 1889/2208/2088 1888/2207/2087 1921/2200/2080 1882/2199/2079
f 1977/2255/2135 1880/2197/2077 1921/2200/2080 1933/2237/2117
f 2016/2336/2216 1889/2208/2088 1882/2199/2079 1972/2283/2163
f 2002/2314/2194 2016/2336/2216 1972/2283/2163 2003/2315/2195
f 1891/2211/2091 2002/2314/2194 2003/2315/2195 1952/2257/2137
f 1892/2212/2092 1891/2211/2091 1952/2257/2137 1953/2256/2136
f 1984/2093/1973 1892/2212/2092 1953/2256/2136 2109/2039/1919
f 1815/2128/2008 1908/2333/2213 1905/2343/2223 1816/2130/2010
f 1979/2131/2011 1986/2296/2176 1982/2291/2171 1836/2129/2009
f 1986/2296/2176 1985/2295/2175 1944/2251/2131 1982/2291/2171
f 1941/2249/2129 1944/2251/2131 1985/2295/2175 1987/2297/2177
f 1987/2297/2177 1988/2298/2178 1938/2246/2126 1941/2249/2129
f 1988/2298/2178 1993/2304/2184 1939/2247/2127 1938/2246/2126
f 1993/2304/2184 1797/2108/1988 1942/2109/1989 1939/2247/2127
f 1962/2266/2146 1823/2265/2145 2019/2348/2228 2018/2349/2229
f 1823/2265/2145 1975/2284/2164 2021/2350/2230 2019/2348/2228
f 2036/2351/2231 2021/2350/2230 1975/2284/2164 2035/2293/2173
f 1862/2352/2232 2074/2353/2233 2023/2354/2234 2022/2355/2235
f 2074/2353/2233 1966/2356/2236 2076/2357/2237 2023/2354/2234
f 2134/2008/1888 2090/2358/2238 2089/2359/2239 2133/2007/1887
f 2133/2007/1887 2089/2359/2239 2088/2360/2240 2132/1939/1821
f 2132/1939/1821 2088/2360/2240 2087/2320/2200 2131/1940/1822
f 2131/1940/1822 2087/2320/2200 2086/2321/2201 2130/1954/1836
f 2130/1954/1836 2086/2321/2201 2085/2361/2241 2129/2004/1884
f 2129/2004/1884 2085/2361/2241 2084/2362/2242 2040/2005/1885
f 2085/2361/2241 1849/2326/2206 1848/2363/2243 2084/2362/2242
f 2083/2364/2244 2495/2365/2245 2410/2275/2155 2049/2274/2154
f 2082/2366/2246 2083/2364/2244 2049/2274/2154 2059/2277/2157
f 2081/2367/2247 2082/2366/2246 2059/2277/2157 2061/2276/2156
f 2030/2368/2248 2081/2367/2247 2061/2276/2156 2029/2305/2185
f 2013/2327/2207 2499/2369/2249 2500/2370/2250 2105/2371/2251
f 1968/2328/2208 2013/2327/2207 2105/2371/2251 2104/2372/2252
f 2000/2323/2203 1968/2328/2208 2104/2372/2252 2103/2373/2253
f 2037/2312/2192 2000/2323/2203 2103/2373/2253 2102/2374/2254
f 2152/2347/2227 1901/2221/2101 1900/2220/2100 2475/2337/2217
f 2096/2196/2076 1879/2195/2075 1822/2375/2255 2097/2376/2256
f 1930/2240/2120 1820/2167/2047 2507/2377/2257 2394/2260/2140
f 1991/2300/2180 1990/2299/2179 1999/2302/2182 2027/2309/2189
f 1998/2301/2181 2038/2310/2190 2027/2309/2189 1999/2302/2182
f 1962/2266/2146 2508/2378/2258 2153/2379/2259 2062/2267/2147
f 2091/2380/2260 2092/2325/2205 2140/2148/2028 1855/2151/2031
f 2079/2381/2261 2080/2382/2262 2064/2175/2055 2066/2174/2054
f 2028/1993/1875 2048/2002/1882 2064/2175/2055 2029/2305/2185
f 2029/2305/2185 2064/2175/2055 2080/2382/2262 2030/2368/2248
f 2030/2368/2248 2080/2382/2262 2060/2383/2263 2031/2384/2264
f 2031/2384/2264 2060/2383/2263 2073/2385/2265 2032/2386/2266
f 2086/2321/2201 1893/2214/2094 1849/2326/2206 2085/2361/2241
f 2032/2386/2266 2073/2385/2265 2051/2387/2267 2033/2388/2268
f 2078/2389/2269 2079/2381/2261 2066/2174/2054 2072/2390/2270
f 2097/2376/2256 1822/2375/2255 2154/2391/2271 2155/2392/2272
f 2072/2390/2270 2066/2174/2054 2045/1951/1833 2042/1950/1832
f 2033/2388/2268 2051/2387/2267 2069/2393/2273 2034/2294/2174
f 2034/2294/2174 2069/2393/2273 1862/2352/2232 2035/2293/2173
f 2052/2394/2274 2055/2395/2275 2046/2396/2276 2043/2397/2277
f 2035/2293/2173 1862/2352/2232 2022/2355/2235 2036/2351/2231
f 2001/2313/2193 2037/2312/2192 2102/2374/2254 2101/2398/2278
f 2000/2323/2203 2037/2312/2192 2038/2310/2190 1998/2301/2181
f 2083/2364/2244 2082/2366/2246 2041/2399/2279 2039/2400/2280
f 2075/2156/2036 2001/2313/2193 2101/2398/2278 2100/2339/2219
f 2082/2366/2246 2081/2367/2247 2067/2401/2281 2041/2399/2279
f 2055/2395/2275 2058/2402/2282 2050/2403/2283 2046/2396/2276
f 1966/2356/2236 2074/2353/2233 2070/2404/2284 2071/2405/2285
f 2033/2388/2268 2050/2403/2283 2058/2402/2282 2032/2386/2266
f 2044/2406/2286 2077/2407/2287 2057/2408/2288 2047/2409/2289
f 2077/2407/2287 2073/2385/2265 2060/2383/2263 2057/2408/2288
f 2031/2384/2264 2067/2401/2281 2081/2367/2247 2030/2368/2248
f 2073/2385/2265 2077/2407/2287 2053/2410/2290 2051/2387/2267
f 2077/2407/2287 2044/2406/2286 2056/2411/2291 2053/2410/2290
f 2062/2267/2147 2153/2379/2259 2532/2412/2292 2043/2397/2277
f 2063/2268/2148 2062/2267/2147 2043/2397/2277 2046/2396/2276
f 2068/2285/2165 2063/2268/2148 2046/2396/2276 2050/2403/2283
f 2034/2294/2174 2068/2285/2165 2050/2403/2283 2033/2388/2268
f 2070/2404/2284 2069/2393/2273 2051/2387/2267 2053/2410/2290
f 2071/2405/2285 2070/2404/2284 2053/2410/2290 2056/2411/2291
f 2074/2353/2233 1862/2352/2232 2069/2393/2273 2070/2404/2284
f 2052/2394/2274 2533/2413/2293 2156/2414/2294 2039/2400/2280
f 2055/2395/2275 2052/2394/2274 2039/2400/2280 2041/2399/2279
f 2058/2402/2282 2055/2395/2275 2041/2399/2279 2067/2401/2281
f 2032/2386/2266 2058/2402/2282 2067/2401/2281 2031/2384/2264
f 2080/2382/2262 2079/2381/2261 2057/2408/2288 2060/2383/2263
f 2079/2381/2261 2078/2389/2269 2047/2409/2289 2057/2408/2288
f 2088/2360/2240 1878/2193/2073 1894/2192/2072 2087/2320/2200
f 2089/2359/2239 1879/2195/2075 1878/2193/2073 2088/2360/2240
f 2090/2358/2238 1822/2375/2255 1879/2195/2075 2089/2359/2239
f 1848/2363/2243 1849/2326/2206 2092/2325/2205 2091/2380/2260
f 2139/2415/2295 1871/2185/2065 1833/2149/2029 2140/2148/2028
f 2138/2416/2296 1870/2184/2064 1871/2185/2065 2139/2415/2295
f 2137/2417/2297 1877/2229/2109 1870/2184/2064 2138/2416/2296
f 2136/2418/2298 1854/2165/2045 1877/2229/2109 2137/2417/2297
f 2135/2419/2299 1821/2166/2046 1854/2165/2045 2136/2418/2298
f 2005/2341/2221 2098/2334/2214 2015/2330/2210 1851/2136/2016
f 2023/2354/2234 2076/2357/2237 2099/2340/2220 2100/2339/2219
f 2022/2355/2235 2023/2354/2234 2100/2339/2219 2101/2398/2278
f 2036/2351/2231 2022/2355/2235 2101/2398/2278 2102/2374/2254
f 2021/2350/2230 2036/2351/2231 2102/2374/2254 2103/2373/2253
f 2019/2348/2228 2021/2350/2230 2103/2373/2253 2104/2372/2252
f 2018/2349/2229 2019/2348/2228 2104/2372/2252 2105/2371/2251
f 2499/2369/2249 2013/2327/2207 1974/2180/2060 2448/2308/2188
f 1820/2167/2047 1821/2166/2046 2539/2420/2300 2507/2377/2257
f 1822/2375/2255 2090/2358/2238 2540/2421/2301 2154/2391/2271
f 2135/2419/2299 2097/2376/2256 2155/2392/2272 2542/2422/2302
f 2136/2418/2298 2096/2196/2076 2097/2376/2256 2135/2419/2299
f 2137/2417/2297 2095/2194/2074 2096/2196/2076 2136/2418/2298
f 2138/2416/2296 2094/2191/2071 2095/2194/2074 2137/2417/2297
f 2139/2415/2295 2093/2213/2093 2094/2191/2071 2138/2416/2296
f 2092/2325/2205 2093/2213/2093 2139/2415/2295 2140/2148/2028
f 1821/2166/2046 2135/2419/2299 2542/2422/2302 2539/2420/2300
f 2508/2378/2258 1962/2266/2146 2018/2349/2229 2157/2423/2303
f 2533/2413/2293 2052/2394/2274 2043/2397/2277 2532/2412/2292
f 2495/2365/2245 2083/2364/2244 2039/2400/2280 2156/2414/2294
f 2157/2423/2303 2018/2349/2229 2105/2371/2251 2500/2370/2250
f 2090/2358/2238 2134/2008/1888 2541/1933/1815 2540/2421/2301
f 2161/2424/2304 2160/2425/2305 2159/2426/2306 2158/2427/2307
f 2162/2428/2308 2163/2429/2309 2142/2430/1895 2141/2431/1894
f 2164/2432/2310 2167/2433/2311 2166/2434/2312 2165/2435/2313
f 2168/2436/2314 2169/2437/2315 2167/2433/2311 2164/2432/2310
f 2170/2438/2316 2171/2439/2317 2169/2437/2315 2168/2436/2314
f 2172/2440/2318 2175/2441/2319 2174/2442/2320 2173/2443/2321
f 2176/2444/2322 2179/2445/2323 2178/2446/2324 2177/2447/2325
f 2180/2448/2326 2178/2446/2324 2179/2445/2323 2181/2449/2327
f 2182/2450/2328 2180/2448/2326 2181/2449/2327 2183/2451/2329
f 2184/2452/2330 2182/2450/2328 2183/2451/2329 2185/2453/2331
f 2365/2454/2332 2190/2455/2333 2189/2456/2334 2188/2457/2335
f 2191/2458/2336 2194/2459/2337 2193/2460/2338 2192/2461/2339
f 2194/2459/2337 2196/2462/2340 2195/2463/2341 2193/2460/2338
f 2213/2464/2342 2195/2463/2341 2196/2462/2340 2197/2465/2343
f 2198/2466/2344 2200/2467/2345 2186/2468/2346 2199/2469/2347
f 2202/2470/2348 2201/2471/2349 2204/2472/2350 2203/2473/2351
f 2216/2474/2352 2207/2475/2353 2206/2476/2354 2205/2477/2355
f 2187/2478/2356 2208/2479/2357 2199/2469/2347 2186/2468/2346
f 2209/2480/2358 2212/2481/2359 2211/2482/2360 2210/2483/2361
f 2406/2484/2362 2213/2464/2342 2197/2465/2343 2214/2485/2363
f 2205/2477/2355 2218/2486/2364 2217/2487/2365 2216/2474/2352
f 2218/2486/2364 2205/2477/2355 2220/2488/2366 2219/2489/2367
f 2158/2427/2307 2159/2426/2306 2219/2489/2367 2220/2488/2366
f 2361/2490/2368 2212/2481/2359 2209/2480/2358 2221/2491/2369
f 2378/2492/2370 2379/2493/2371 2222/2494/2372 2187/2478/2356
f 2193/2460/2338 2195/2463/2341 2224/2495/2373 2223/2496/2374
f 2189/2456/2334 2224/2495/2373 2195/2463/2341 2213/2464/2342
f 2223/2496/2374 2225/2497/2375 2192/2461/2339 2193/2460/2338
f 2187/2478/2356 2222/2494/2372 2226/2498/2376 2208/2479/2357
f 2213/2464/2342 2406/2484/2362 2188/2457/2335 2189/2456/2334
f 2222/2494/2372 2231/2499/2377 2227/2500/2378 2226/2498/2376
f 2228/2501/2379 2229/2502/2380 2225/2497/2375 2223/2496/2374
f 2221/2491/2369 2209/2480/2358 2231/2499/2377 2230/2503/2381
f 2231/2499/2377 2209/2480/2358 2210/2483/2361 2227/2500/2378
f 2232/2504/2382 2201/2471/2349 2375/2505/2383 2459/2506/2384
f 2187/2478/2356 2186/2468/2346 2233/2507/2385 2378/2492/2370
f 2186/2468/2346 2200/2467/2345 2234/2508/2386 2233/2507/2385
f 2235/2509/2387 2237/2510/2388 2144/2096/1976 2236/2095/1975
f 2237/2510/2388 2235/2509/2387 2194/2459/2337 2191/2458/2336
f 2235/2509/2387 2238/2511/2389 2196/2462/2340 2194/2459/2337
f 2238/2511/2389 2235/2509/2387 2236/2095/1975 2145/2099/1979
f 2163/2429/2309 2160/2425/2305 2146/2512/1980 2142/2430/1895
f 2159/2426/2306 2166/2434/2312 2167/2433/2311 2219/2489/2367
f 2219/2489/2367 2167/2433/2311 2169/2437/2315 2218/2486/2364
f 2171/2439/2317 2217/2487/2365 2218/2486/2364 2169/2437/2315
f 2173/2443/2321 2174/2442/2320 2203/2473/2351 2204/2472/2350
f 2214/2485/2363 2197/2465/2343 2215/2513/2390 2239/2514/2391
f 2147/2103/1983 2435/2104/1984 2239/2514/2391 2215/2513/2390
f 2158/2427/2307 2351/2515/2392 2441/2516/2393 2161/2424/2304
f 2238/2511/2389 2215/2513/2390 2197/2465/2343 2196/2462/2340
f 2215/2513/2390 2238/2511/2389 2145/2099/1979 2147/2103/1983
f 2177/2447/2325 2178/2446/2324 2210/2483/2361 2211/2482/2360
f 2227/2500/2378 2210/2483/2361 2178/2446/2324 2180/2448/2326
f 2180/2448/2326 2182/2450/2328 2226/2498/2376 2227/2500/2378
f 2182/2450/2328 2184/2452/2330 2208/2479/2357 2226/2498/2376
f 2240/2517/2394 2212/2481/2359 2361/2490/2368 2447/2518/2395
f 2447/2518/2395 2241/2519/2396 2202/2470/2348 2240/2517/2394
f 2242/2520/2397 2245/2521/2398 2244/2522/2399 2243/2523/2400
f 2201/2471/2349 2202/2470/2348 2241/2519/2396 2375/2505/2383
f 2212/2481/2359 2240/2517/2394 2246/2524/2401 2211/2482/2360
f 2243/2523/2400 2184/2452/2330 2185/2453/2331 2242/2520/2397
f 2199/2469/2347 2208/2479/2357 2184/2452/2330 2243/2523/2400
f 2244/2522/2399 2198/2466/2344 2199/2469/2347 2243/2523/2400
f 2190/2455/2333 2247/2525/2402 2224/2495/2373 2189/2456/2334
f 2247/2525/2402 2228/2501/2379 2223/2496/2374 2224/2495/2373
f 2248/2526/2403 2204/2472/2350 2201/2471/2349 2232/2504/2382
f 2173/2443/2321 2204/2472/2350 2248/2526/2403 2249/2527/2404
f 2250/2528/2405 2172/2440/2318 2173/2443/2321 2249/2527/2404
f 2211/2482/2360 2246/2524/2401 2251/2529/2406 2177/2447/2325
f 2252/2530/2407 2176/2444/2322 2177/2447/2325 2251/2529/2406
f 2379/2493/2371 2230/2503/2381 2231/2499/2377 2222/2494/2372
f 2205/2477/2355 2206/2476/2354 2299/2531/2408 2220/2488/2366
f 2351/2515/2392 2158/2427/2307 2220/2488/2366 2299/2531/2408
f 2161/2424/2304 2441/2516/2393 2253/2532/2003 2143/2533/2002
f 2160/2425/2305 2163/2429/2309 2166/2434/2312 2159/2426/2306
f 2163/2429/2309 2162/2428/2308 2165/2435/2313 2166/2434/2312
f 2171/2439/2317 2170/2438/2316 2250/2528/2405 2249/2527/2404
f 2217/2487/2365 2171/2439/2317 2249/2527/2404 2248/2526/2403
f 2248/2526/2403 2232/2504/2382 2216/2474/2352 2217/2487/2365
f 2459/2506/2384 2207/2475/2353 2216/2474/2352 2232/2504/2382
f 2160/2425/2305 2161/2424/2304 2143/2533/2002 2146/2512/1980
f 2190/2455/2333 2365/2454/2332 2234/2508/2386 2200/2467/2345
f 2247/2525/2402 2190/2455/2333 2200/2467/2345 2198/2466/2344
f 2228/2501/2379 2247/2525/2402 2198/2466/2344 2244/2522/2399
f 2245/2521/2398 2229/2502/2380 2228/2501/2379 2244/2522/2399
f 2240/2517/2394 2202/2470/2348 2203/2473/2351 2246/2524/2401
f 2174/2442/2320 2251/2529/2406 2246/2524/2401 2203/2473/2351
f 2251/2529/2406 2174/2442/2320 2175/2441/2319 2252/2530/2407
f 2254/2534/2409 2257/2535/2410 2256/2536/2411 2255/2537/2412
f 2258/2538/2413 2256/2536/2411 2257/2535/2410 2259/2539/2414
f 2260/2540/2415 2258/2538/2413 2259/2539/2414 2261/2541/2416
f 2263/2542/2417 2260/2540/2415 2261/2541/2416 2262/2543/2418
f 2264/2544/2419 2265/2545/2420 2263/2542/2417 2262/2543/2418
f 2266/2546/2421 2267/2547/2422 2265/2545/2420 2264/2544/2419
f 2421/2548/2423 2269/2549/2424 2268/2550/2425 2360/2551/2426
f 2355/2552/2427 2360/2551/2426 2268/2550/2425 2270/2553/2428
f 2355/2552/2427 2270/2553/2428 2272/2554/2429 2271/2555/2430
f 2272/2554/2429 2273/2556/2431 2353/2557/2432 2271/2555/2430
f 2274/2558/2433 1515/2559/1514 2276/2560/2434 2275/2561/2435
f 2277/2562/2436 2280/2563/2437 2279/2564/2438 2278/2565/2439
f 2277/2562/2436 1445/2566/1447 1475/2567/1475 2281/2568/2440
f 2255/2537/2412 1428/2569/1426 1425/2570/1425 2254/2534/2409
f 2282/2571/2441 2276/2560/2434 2284/2572/2442 2283/2573/2443
f 2276/2560/2434 2282/2571/2441 2285/2574/2444 2275/2561/2435
f 2270/2553/2428 2288/2575/2445 2287/2576/2446 2286/2577/2447
f 2289/2578/2448 2282/2571/2441 2283/2573/2443 2290/2579/2449
f 2291/2580/2450 2294/2581/2451 2293/2582/2452 2292/2583/2453
f 2297/2584/2454 2296/1871/1755 2295/1922/1806 2298/2585/2455
f 2299/2531/2408 2206/2476/2354 2301/2586/2456 2300/2587/2457
f 2302/2588/2458 2305/2589/2459 2304/2590/2460 2303/2591/2461
f 2344/2592/2462 2353/2557/2432 2273/2556/2431 2306/2593/2463
f 2307/2594/2464 2308/2595/2465 2306/2593/2463 2273/2556/2431
f 2301/2586/2456 2311/2596/2466 2310/2597/2467 2309/2598/2468
f 2290/2579/2449 2283/2573/2443 2313/2599/2469 2312/2600/2470
f 2314/2601/2471 2317/2602/2472 2316/2603/2473 2315/2604/2474
f 2317/2602/2472 2319/2605/2475 2318/2606/2476 2316/2603/2473
f 2420/2607/2477 2322/2608/2478 2321/2609/2479 2320/2610/2480
f 2323/2611/2481 2324/2612/2482 2420/2607/2477 2320/2610/2480
f 2325/2613/2483 2328/2614/2484 2327/2615/2485 2326/2616/2486
f 2357/2617/2487 2331/2618/2488 2330/2619/2489 2329/2620/2490
f 2332/2621/2491 2325/2613/2483 2326/2616/2486 2333/2622/2492
f 2334/2623/2493 2314/2601/2471 2315/2604/2474 2335/2624/2494
f 2336/2625/2495 2339/2626/2496 2338/2627/2497 2337/2628/2498
f 2340/2629/2499 2343/2630/2500 2342/2631/2501 2341/2632/2502
f 2305/2589/2459 2302/2588/2458 2300/2587/2457 2345/2633/2503
f 2346/2634/2504 2348/2635/2505 2347/2636/2506 2294/2581/2451
f 2292/2583/2453 2293/2582/2452 2350/2637/2507 2349/2638/2508
f 2299/2531/2408 2300/2587/2457 2302/2588/2458 2351/2515/2392
f 2286/2577/2447 2352/2639/2509 2272/2554/2429 2270/2553/2428
f 2352/2639/2509 2307/2594/2464 2273/2556/2431 2272/2554/2429
f 2353/2557/2432 2356/2640/2510 2391/2641/2511 2271/2555/2430
f 2358/2642/2512 2359/2643/2513 2312/2600/2470 2313/2599/2469
f 2359/2643/2513 2358/2642/2512 2330/2619/2489 2331/2618/2488
f 2361/2490/2368 2221/2491/2369 2363/2644/2514 2362/2645/2515
f 2384/2646/2516 2357/2617/2487 2322/2608/2478 2364/2647/2517
f 2331/2618/2488 2385/2648/2518 2386/2649/2519 2359/2643/2513
f 2268/2550/2425 2366/2650/2520 2288/2575/2445 2270/2553/2428
f 2367/2651/2521 2368/2652/2522 2328/2614/2484 2325/2613/2483
f 2391/2641/2511 2387/2653/2523 2355/2552/2427 2271/2555/2430
f 2206/2476/2354 2207/2475/2353 2311/2596/2466 2301/2586/2456
f 2369/2654/2524 2372/2655/2525 2371/2656/2526 2370/2657/2527
f 2370/2657/2527 2371/2656/2526 2374/2658/2528 2373/2659/2529
f 2375/2505/2383 2241/2519/2396 2372/2655/2525 2369/2654/2524
f 2373/2659/2529 2374/2658/2528 2377/2660/2530 2376/2661/2531
f 2327/2615/2485 2380/2662/2532 2379/2493/2371 2378/2492/2370
f 2221/2491/2369 2230/2503/2381 2381/2663/2533 2363/2644/2514
f 2378/2492/2370 2233/2507/2385 2326/2616/2486 2327/2615/2485
f 2386/2649/2519 2385/2648/2518 2384/2646/2516 2383/2664/2534
f 2357/2617/2487 2384/2646/2516 2385/2648/2518 2331/2618/2488
f 2384/2646/2516 2364/2647/2517 2388/2665/2535 2383/2664/2534
f 2336/2625/2495 2390/2666/2536 2389/2667/2537 2339/2626/2496
f 2356/2640/2510 2383/2664/2534 2387/2653/2523 2391/2641/2511
f 2392/2668/2538 2323/2611/2481 2320/2610/2480 2393/2669/2539
f 2366/2650/2520 2395/2670/2540 2148/2261/2141 2394/2260/2140
f 2343/2630/2500 2397/2671/2541 2396/2672/2542 2342/2631/2501
f 2402/2673/2543 2405/2674/2544 2404/2675/2545 2403/2676/2546
f 2442/2677/2547 2344/2592/2462 2401/2678/2548 2354/2679/2549
f 2344/2592/2462 2442/2677/2547 2356/2640/2510 2353/2557/2432
f 2338/2627/2497 2406/2484/2362 2214/2485/2363 2397/2671/2541
f 2337/2628/2498 2338/2627/2497 2397/2671/2541 2343/2630/2500
f 2407/2680/2550 2337/2628/2498 2343/2630/2500 2340/2629/2499
f 2323/2611/2481 2392/2668/2538 2408/2681/2551 2269/2549/2424
f 2409/2682/2552 2412/1908/1792 2411/1918/1802 2410/2683/2155
f 2413/1909/1793 2416/2684/2553 2415/2685/2554 2414/1912/1796
f 2398/2686/2555 2312/2600/2470 2359/2643/2513 2386/2649/2519
f 2289/2578/2448 2400/2687/2556 2354/2679/2549 2401/2678/2548
f 2290/2579/2449 2399/2688/2557 2400/2687/2556 2289/2578/2448
f 2399/2688/2557 2290/2579/2449 2312/2600/2470 2398/2686/2555
f 2417/2689/2558 2418/2690/2559 2368/2652/2522 2367/2651/2521
f 2321/2609/2479 2419/2691/2560 2393/2669/2539 2320/2610/2480
f 2422/2692/2561 2423/2693/2562 2405/2674/2544 2402/2673/2543
f 2362/2645/2515 2363/2644/2514 2346/2634/2504 2424/2694/2563
f 2425/2695/2564 2388/2665/2535 2420/2607/2477 2324/2612/2482
f 2382/2696/2565 2440/2697/2566 2421/2548/2423 2360/2551/2426
f 2360/2551/2426 2355/2552/2427 2387/2653/2523 2382/2696/2565
f 2440/2697/2566 2425/2695/2564 2324/2612/2482 2421/2548/2423
f 2376/2661/2531 2377/2660/2530 2427/2698/2567 2426/2699/2568
f 2380/2662/2532 2327/2615/2485 2328/2614/2484 2428/2700/2569
f 2363/2644/2514 2381/2663/2533 2348/2635/2505 2346/2634/2504
f 2429/2701/2570 2430/2702/2571 2423/2693/2562 2422/2692/2561
f 2294/2581/2451 2291/2580/2450 2424/2694/2563 2346/2634/2504
f 2349/2638/2508 2432/2703/2572 2431/2704/2573 2292/2583/2453
f 2292/2583/2453 2431/2704/2573 2433/2705/2574 2291/2580/2450
f 2434/2706/2575 2424/2694/2563 2291/2580/2450 2433/2705/2574
f 2376/2661/2531 2437/2707/2576 2436/2708/2577 2373/2659/2529
f 2309/2598/2468 2310/2597/2467 2439/2709/2578 2438/2710/2579
f 2440/2697/2566 2383/2664/2534 2388/2665/2535 2425/2695/2564
f 2386/2649/2519 2383/2664/2534 2399/2688/2557 2398/2686/2555
f 2441/2516/2393 2303/2591/2461 2149/2711/2183 2253/2532/2003
f 2354/2679/2549 2383/2664/2534 2356/2640/2510 2442/2677/2547
f 2421/2548/2423 2324/2612/2482 2323/2611/2481 2269/2549/2424
f 2443/2712/2580 2362/2645/2515 2424/2694/2563 2434/2706/2575
f 2444/2713/2581 2445/1913/1797 2414/1912/1796 2415/2685/2554
f 2269/2549/2424 2408/2681/2551 2446/2714/2582 2395/2670/2540
f 2447/2518/2395 2361/2490/2368 2362/2645/2515 2443/2712/2580
f 2354/2679/2549 2400/2687/2556 2399/2688/2557 2383/2664/2534
f 2440/2697/2566 2382/2696/2565 2387/2653/2523 2383/2664/2534
f 2395/2670/2540 2446/2714/2582 2150/2307/2187 2148/2261/2141
f 2303/2591/2461 2304/2590/2460 2448/2715/2188 2149/2711/2183
f 2450/2716/2583 2449/2717/2584 2279/2564/2438 2280/2563/2437
f 2396/2672/2542 2239/2514/2391 2435/2104/1984 2151/2311/2191
f 2451/2718/2585 2450/2716/2583 2280/2563/2437 2452/2719/2586
f 2239/2514/2391 2396/2672/2542 2397/2671/2541 2214/2485/2363
f 2406/2484/2362 2338/2627/2497 2339/2626/2496 2188/2457/2335
f 2188/2457/2335 2339/2626/2496 2389/2667/2537 2365/2454/2332
f 2233/2507/2385 2234/2508/2386 2333/2622/2492 2326/2616/2486
f 2325/2613/2483 2332/2621/2491 2453/2720/2587 2367/2651/2521
f 2455/2721/2588 2454/2722/2589 2390/2666/2536 2336/2625/2495
f 2455/2721/2588 2336/2625/2495 2337/2628/2498 2407/2680/2550
f 2395/2670/2540 2366/2650/2520 2268/2550/2425 2269/2549/2424
f 2328/2614/2484 2368/2652/2522 2456/2723/2590 2428/2700/2569
f 2457/2724/2591 2370/2657/2527 2373/2659/2529 2436/2708/2577
f 2458/2725/2592 2369/2654/2524 2370/2657/2527 2457/2724/2591
f 2459/2506/2384 2375/2505/2383 2369/2654/2524 2458/2725/2592
f 2306/2593/2463 2285/2574/2444 2401/2678/2548 2344/2592/2462
f 2460/2726/2593 2461/2727/2594 2335/2624/2494 2315/2604/2474
f 2289/2578/2448 2401/2678/2548 2285/2574/2444 2282/2571/2441
f 2294/2581/2451 2347/2636/2506 2462/2728/2595 2293/2582/2452
f 2345/2633/2503 2309/2598/2468 2438/2710/2579 2463/2729/2596
f 2426/2699/2568 2464/2730/2597 2437/2707/2576 2376/2661/2531
f 2300/2587/2457 2301/2586/2456 2309/2598/2468 2345/2633/2503
f 2303/2591/2461 2441/2516/2393 2351/2515/2392 2302/2588/2458
f 2285/2574/2444 2306/2593/2463 2308/2595/2465 2275/2561/2435
f 2467/2731/2598 2334/2623/2493 2335/2624/2494 2468/2732/2599
f 2469/2733/2600 2304/2590/2460 2305/2589/2459 2470/2734/2601
f 2470/2734/2601 2305/2589/2459 2345/2633/2503 2463/2729/2596
f 2281/2568/2440 2452/2719/2586 2280/2563/2437 2277/2562/2436
f 2283/2573/2443 2284/2572/2442 2472/2735/2602 2471/2736/2603
f 2380/2662/2532 2381/2663/2533 2230/2503/2381 2379/2493/2371
f 2428/2700/2569 2348/2635/2505 2381/2663/2533 2380/2662/2532
f 2462/2728/2595 2473/2737/2604 2350/2637/2507 2293/2582/2452
f 2347/2636/2506 2456/2723/2590 2368/2652/2522 2462/2728/2595
f 2266/2546/2421 2473/2737/2604 2471/2736/2603 2472/2735/2602
f 2256/2536/2411 2258/2538/2413 1374/2738/1374 1375/2739/1373
f 1537/2740/1537 1479/2741/1479 2472/2735/2602 2284/2572/2442
f 2474/2742/2605 2417/2689/2558 2367/2651/2521 2453/2720/2587
f 2446/2714/2582 2341/2632/2502 2475/2337/2217 2150/2307/2187
f 2418/2690/2559 2476/2743/2606 2462/2728/2595 2368/2652/2522
f 2476/2743/2606 2471/2736/2603 2473/2737/2604 2462/2728/2595
f 2329/2620/2490 2330/2619/2489 2417/2689/2558 2474/2742/2605
f 2408/2681/2551 2340/2629/2499 2341/2632/2502 2446/2714/2582
f 2392/2668/2538 2407/2680/2550 2340/2629/2499 2408/2681/2551
f 2393/2669/2539 2455/2721/2588 2407/2680/2550 2392/2668/2538
f 1475/2567/1475 1476/2744/1474 2477/2745/2607 2281/2568/2440
f 2456/2723/2590 2347/2636/2506 2348/2635/2505 2428/2700/2569
f 1440/2746/1440 1441/2747/1442 2267/2547/2422 2266/2546/2421
f 2260/2540/2415 2263/2542/2417 1369/2748/1368 1370/2749/1371
f 2419/2691/2560 2454/2722/2589 2455/2721/2588 2393/2669/2539
f 2330/2619/2489 2358/2642/2512 2418/2690/2559 2417/2689/2558
f 2256/2536/2411 1375/2739/1373 1428/2569/1426 2255/2537/2412
f 2464/2730/2597 2426/2699/2568 2257/2535/2410 2254/2534/2409
f 1444/2750/1444 2278/2565/2439 2254/2534/2409 1425/2570/1425
f 2358/2642/2512 2313/2599/2469 2476/2743/2606 2418/2690/2559
f 2471/2736/2603 2476/2743/2606 2313/2599/2469 2283/2573/2443
f 2276/2560/2434 1515/2559/1514 1537/2740/1537 2284/2572/2442
f 1369/2748/1368 2263/2542/2417 2265/2545/2420 1368/2751/1369
f 2426/2699/2568 2427/2698/2567 2259/2539/2414 2257/2535/2410
f 1368/2751/1369 2265/2545/2420 2267/2547/2422 1441/2747/1442
f 2262/2543/2418 2261/2541/2416 2432/2703/2572 2349/2638/2508
f 2350/2637/2507 2264/2544/2419 2262/2543/2418 2349/2638/2508
f 2412/1908/1792 2409/2682/2552 2416/2684/2553 2413/1909/1793
f 2473/2737/2604 2266/2546/2421 2264/2544/2419 2350/2637/2507
f 2458/2725/2592 2311/2596/2466 2207/2475/2353 2459/2506/2384
f 2457/2724/2591 2310/2597/2467 2311/2596/2466 2458/2725/2592
f 2436/2708/2577 2439/2709/2578 2310/2597/2467 2457/2724/2591
f 2449/2717/2584 2437/2707/2576 2464/2730/2597 2279/2564/2438
f 2464/2730/2597 2254/2534/2409 2278/2565/2439 2279/2564/2438
f 1445/2566/1447 2277/2562/2436 2278/2565/2439 1444/2750/1444
f 2342/2631/2501 2396/2672/2542 2151/2311/2191 2152/2347/2227
f 2329/2620/2490 2321/2609/2479 2322/2608/2478 2357/2617/2487
f 2388/2665/2535 2364/2647/2517 2322/2608/2478 2420/2607/2477
f 2474/2742/2605 2419/2691/2560 2321/2609/2479 2329/2620/2490
f 2453/2720/2587 2454/2722/2589 2419/2691/2560 2474/2742/2605
f 2332/2621/2491 2390/2666/2536 2454/2722/2589 2453/2720/2587
f 2333/2622/2492 2389/2667/2537 2390/2666/2536 2332/2621/2491
f 2234/2508/2386 2365/2454/2332 2389/2667/2537 2333/2622/2492
f 2258/2538/2413 2260/2540/2415 1370/2749/1371 1374/2738/1374
f 2261/2541/2416 2259/2539/2414 2427/2698/2567 2432/2703/2572
f 2432/2703/2572 2427/2698/2567 2377/2660/2530 2431/2704/2573
f 2431/2704/2573 2377/2660/2530 2374/2658/2528 2433/2705/2574
f 2433/2705/2574 2374/2658/2528 2371/2656/2526 2434/2706/2575
f 2434/2706/2575 2371/2656/2526 2372/2655/2525 2443/2712/2580
f 2443/2712/2580 2372/2655/2525 2241/2519/2396 2447/2518/2395
f 2403/2676/2546 2480/2752/2608 2479/2753/2609 2402/2673/2543
f 2402/2673/2543 2479/2753/2609 2481/2754/2610 2422/2692/2561
f 2482/2755/2611 2429/2701/2570 2422/2692/2561 2481/2754/2610
f 2483/2756/2612 2486/2757/2613 2485/2758/2614 2484/2759/2615
f 2484/2759/2615 2485/2758/2614 1530/2760/1532 1531/2761/1531
f 2487/1932/1814 2490/1931/1813 2489/2762/2616 2488/2763/2617
f 2490/1931/1813 2466/1859/1746 2491/2764/2618 2489/2762/2616
f 2466/1859/1746 2465/1858/1745 2460/2726/2593 2491/2764/2618
f 2465/1858/1745 2478/1872/1756 2461/2727/2594 2460/2726/2593
f 2478/1872/1756 2493/1925/1808 2492/2765/2619 2461/2727/2594
f 2493/1925/1808 1547/1924/1548 1738/2766/1738 2492/2765/2619
f 2492/2765/2619 1738/2766/1738 1535/2767/1535 2468/2732/2599
f 2494/2768/2620 2409/2682/2552 2410/2683/2155 2495/2769/2245
f 2496/2770/2621 2416/2684/2553 2409/2682/2552 2494/2768/2620
f 2497/2771/2622 2415/2685/2554 2416/2684/2553 2496/2770/2621
f 2498/2772/2623 2444/2713/2581 2415/2685/2554 2497/2771/2622
f 2469/2733/2600 2501/2773/2624 2500/2774/2250 2499/2775/2249
f 2470/2734/2601 2502/2776/2625 2501/2773/2624 2469/2733/2600
f 2463/2729/2596 2503/2777/2626 2502/2776/2625 2470/2734/2601
f 2451/2718/2585 2504/2778/2627 2503/2777/2626 2463/2729/2596
f 2152/2347/2227 2475/2337/2217 2341/2632/2502 2342/2631/2501
f 2319/2605/2475 2506/2779/2628 2505/2780/2629 2318/2606/2476
f 2366/2650/2520 2394/2260/2140 2507/2377/2257 2288/2575/2445
f 2437/2707/2576 2449/2717/2584 2439/2709/2578 2436/2708/2577
f 2449/2717/2584 2450/2716/2583 2438/2710/2579 2439/2709/2578
f 2403/2676/2546 2404/2675/2545 2153/2781/2259 2508/2782/2258
f 2467/2731/2598 1514/2783/1515 1515/2559/1514 2274/2558/2433
f 2509/2784/2630 2297/2584/2454 2298/2585/2455 2510/2785/2631
f 2445/1913/1797 2444/2713/2581 2298/2585/2455 2295/1922/1806
f 2444/2713/2581 2498/2772/2623 2510/2785/2631 2298/2585/2455
f 2498/2772/2623 2512/2786/2632 2511/2787/2633 2510/2785/2631
f 2512/2786/2632 2514/2788/2634 2513/2789/2635 2511/2787/2633
f 2461/2727/2594 2492/2765/2619 2468/2732/2599 2335/2624/2494
f 2514/2788/2634 2516/2790/2636 2515/2791/2637 2513/2789/2635
f 1494/2792/1494 1436/2793/1436 2297/2584/2454 2509/2784/2630
f 2506/2779/2628 2155/2392/2272 2154/2391/2271 2505/2780/2629
f 2297/2584/2454 1436/2793/1436 1437/1868/1439 2296/1871/1755
f 2516/2790/2636 2430/2702/2571 2517/2794/2638 2515/2791/2637
f 2430/2702/2571 2429/2701/2570 2483/2756/2612 2517/2794/2638
f 2518/2795/2639 2521/2796/2640 2520/2797/2641 2519/2798/2642
f 2429/2701/2570 2482/2755/2611 2486/2757/2613 2483/2756/2612
f 2452/2719/2586 2522/2799/2643 2504/2778/2627 2451/2718/2585
f 2450/2716/2583 2451/2718/2585 2463/2729/2596 2438/2710/2579
f 2494/2768/2620 2524/2800/2644 2523/2801/2645 2496/2770/2621
f 2281/2568/2440 2477/2745/2607 2522/2799/2643 2452/2719/2586
f 2496/2770/2621 2523/2801/2645 2525/2802/2646 2497/2771/2622
f 2519/2798/2642 2520/2797/2641 2527/2803/2647 2526/2804/2648
f 1531/2761/1531 1533/2805/1533 2528/2806/2649 2484/2759/2615
f 2516/2790/2636 2514/2788/2634 2526/2804/2648 2527/2803/2647
f 1526/2807/1525 1497/2808/1497 2530/2809/2650 2529/2810/2651
f 2529/2810/2651 2530/2809/2650 2511/2787/2633 2513/2789/2635
f 2512/2786/2632 2498/2772/2623 2497/2771/2622 2525/2802/2646
f 2513/2789/2635 2515/2791/2637 2531/2811/2652 2529/2810/2651
f 2529/2810/2651 2531/2811/2652 1525/2812/1526 1526/2807/1525
f 2404/2675/2545 2521/2796/2640 2532/2813/2292 2153/2781/2259
f 2405/2674/2544 2520/2797/2641 2521/2796/2640 2404/2675/2545
f 2423/2693/2562 2527/2803/2647 2520/2797/2641 2405/2674/2544
f 2430/2702/2571 2516/2790/2636 2527/2803/2647 2423/2693/2562
f 2528/2806/2649 2531/2811/2652 2515/2791/2637 2517/2794/2638
f 1533/2805/1533 1525/2812/1526 2531/2811/2652 2528/2806/2649
f 2484/2759/2615 2528/2806/2649 2517/2794/2638 2483/2756/2612
f 2518/2795/2639 2524/2800/2644 2156/2814/2294 2533/2815/2293
f 2519/2798/2642 2523/2801/2645 2524/2800/2644 2518/2795/2639
f 2526/2804/2648 2525/2802/2646 2523/2801/2645 2519/2798/2642
f 2514/2788/2634 2512/2786/2632 2525/2802/2646 2526/2804/2648
f 2510/2785/2631 2511/2787/2633 2530/2809/2650 2509/2784/2630
f 2509/2784/2630 2530/2809/2650 1497/2808/1497 1494/2792/1494
f 2491/2764/2618 2460/2726/2593 2315/2604/2474 2316/2603/2473
f 2489/2762/2616 2491/2764/2618 2316/2603/2473 2318/2606/2476
f 2488/2763/2617 2489/2762/2616 2318/2606/2476 2505/2780/2629
f 2468/2732/2599 1535/2767/1535 1514/2783/1515 2467/2731/2598
f 2534/2816/2653 2274/2558/2433 2275/2561/2435 2308/2595/2465
f 2535/2817/2654 2534/2816/2653 2308/2595/2465 2307/2594/2464
f 2536/2818/2655 2535/2817/2654 2307/2594/2464 2352/2639/2509
f 2537/2819/2656 2536/2818/2655 2352/2639/2509 2286/2577/2447
f 2538/2820/2657 2537/2819/2656 2286/2577/2447 2287/2576/2446
f 1479/2741/1479 1440/2746/1440 2266/2546/2421 2472/2735/2602
f 2485/2758/2614 2477/2745/2607 1476/2744/1474 1530/2760/1532
f 2486/2757/2613 2522/2799/2643 2477/2745/2607 2485/2758/2614
f 2482/2755/2611 2504/2778/2627 2522/2799/2643 2486/2757/2613
f 2481/2754/2610 2503/2777/2626 2504/2778/2627 2482/2755/2611
f 2479/2753/2609 2502/2776/2625 2503/2777/2626 2481/2754/2610
f 2480/2752/2608 2501/2773/2624 2502/2776/2625 2479/2753/2609
f 2499/2775/2249 2448/2715/2188 2304/2590/2460 2469/2733/2600
f 2288/2575/2445 2507/2377/2257 2539/2420/2300 2287/2576/2446
f 2505/2780/2629 2154/2391/2271 2540/2421/2301 2488/2763/2617
f 2538/2820/2657 2542/2422/2302 2155/2392/2272 2506/2779/2628
f 2537/2819/2656 2538/2820/2657 2506/2779/2628 2319/2605/2475
f 2536/2818/2655 2537/2819/2656 2319/2605/2475 2317/2602/2472
f 2535/2817/2654 2536/2818/2655 2317/2602/2472 2314/2601/2471
f 2534/2816/2653 2535/2817/2654 2314/2601/2471 2334/2623/2493
f 2334/2623/2493 2467/2731/2598 2274/2558/2433 2534/2816/2653
f 2287/2576/2446 2539/2420/2300 2542/2422/2302 2538/2820/2657
f 2508/2782/2258 2157/2821/2303 2480/2752/2608 2403/2676/2546
f 2533/2815/2293 2532/2813/2292 2521/2796/2640 2518/2795/2639
f 2495/2769/2245 2156/2814/2294 2524/2800/2644 2494/2768/2620
f 2157/2821/2303 2500/2774/2250 2501/2773/2624 2480/2752/2608
f 2488/2763/2617 2540/2421/2301 2541/1933/1815 2487/1932/1814
f 2640/2822/2658 2839/2823/2659 2846/2824/2660 2845/2825/2661
f 2543/2826/2662 2544/2827/2663 2545/2828/2664 2546/2829/2665
f 2549/2830/2666 2544/2827/2663 2547/2831/2667 2548/2832/2668
f 2552/2833/2669 2553/2834/2670 2550/2835/2671 2551/2836/2672
f 2554/2837/2673 2555/2838/2674 2556/2839/2675 2557/2840/2676
f 2560/2841/2677 2561/2842/2678 2558/2843/2679 2559/2844/2680
f 2564/2845/2681 2565/2846/2682 2562/2847/2683 2563/2848/2684
f 2566/2849/2685 2567/2850/2686 2568/2851/2687 2563/2848/2684
f 2571/2852/2688 2572/2853/2689 2569/2854/2690 2570/2855/2691
f 2565/2846/2682 2564/2845/2681 2573/2856/2692 2574/2857/2693
f 2575/2858/2694 2576/2859/2695 2543/2826/2662 2577/2860/2696
f 2578/2861/2697 2566/2849/2685 2563/2848/2684 2562/2847/2683
f 2544/2827/2663 2543/2826/2662 2576/2859/2695 2547/2831/2667
f 2580/2862/2698 2579/2863/2699 2851/2864/2700 2852/2865/2701
f 2570/2855/2691 2569/2854/2690 2574/2857/2693 2573/2856/2692
f 2548/2832/2668 2853/2866/2702 2854/2867/2703 2549/2830/2666
f 2581/2868/2704 2582/2869/2705 2551/2836/2672 2550/2835/2671
f 2583/2870/2706 2564/2845/2681 2563/2848/2684 2568/2851/2687
f 2584/2871/2707 2573/2856/2692 2564/2845/2681 2583/2870/2706
f 2585/2872/2708 2545/2828/2664 2544/2827/2663 2549/2830/2666
f 2545/2828/2664 2585/2872/2708 2586/2873/2709 2555/2838/2674
f 2588/2874/2710 2583/2870/2706 2568/2851/2687 2587/2875/2711
f 2555/2838/2674 2586/2873/2709 2589/2876/2712 2556/2839/2675
f 2880/2877/2713 2589/2876/2712 2586/2873/2709 2879/2878/2714
f 2579/2863/2699 2550/2835/2671 2553/2834/2670 2590/2879/2715
f 2592/2880/2716 2560/2841/2677 2559/2844/2680 2591/2881/2717
f 2845/2825/2661 2900/2882/2718 2595/2883/2719 2640/2822/2658
f 2875/2884/2720 2904/2885/2721 2643/2886/2722 2840/2887/2723
f 2593/2888/2724 2905/2889/2725 2876/2890/2726 2594/2891/2727
f 2577/2860/2696 3118/2892/2728 3119/2893/2729 2575/2858/2694
f 2598/2894/2730 2599/2895/2731 3124/2896/2732 2597/2897/2733
f 2565/2846/2682 2598/2894/2730 2597/2897/2733 2562/2847/2683
f 2904/2885/2721 2846/2824/2660 2839/2823/2659 2643/2886/2722
f 2876/2890/2726 2875/2884/2720 2840/2887/2723 2594/2891/2727
f 2601/2898/2734 2927/2899/2735 2841/2900/2736 2600/2901/2737
f 2644/2902/2738 2602/2903/2739 2928/2904/2740 2645/2905/2741
f 2604/2906/2742 2571/2852/2688 2570/2855/2691 2603/2907/2743
f 2606/2908/2744 2607/2909/2745 2604/2906/2742 2605/2910/2746
f 2605/2910/2746 2604/2906/2742 2603/2907/2743 2929/2911/2747
f 2573/2856/2692 2584/2871/2707 2603/2907/2743 2570/2855/2691
f 2609/2912/2748 2574/2857/2693 2569/2854/2690 2608/2913/2749
f 2929/2911/2747 2603/2907/2743 2584/2871/2707 2930/2914/2750
f 2572/2853/2689 2610/2915/2751 2608/2913/2749 2569/2854/2690
f 2598/2894/2730 2565/2846/2682 2574/2857/2693 2609/2912/2748
f 2555/2838/2674 2554/2837/2673 2546/2829/2665 2545/2828/2664
f 2580/2862/2698 2581/2868/2704 2550/2835/2671 2579/2863/2699
f 2546/2829/2665 2611/2916/2752 2577/2860/2696 2543/2826/2662
f 2612/2917/2753 2551/2836/2672 2582/2869/2705 2613/2918/2754
f 2607/2909/2745 2614/2919/2755 2571/2852/2688 2604/2906/2742
f 2615/2920/2756 2552/2833/2669 2551/2836/2672 2612/2917/2753
f 2561/2842/2678 2617/2921/2757 2616/2922/2758 2558/2843/2679
f 2611/2916/2752 2546/2829/2665 2554/2837/2673 2618/2923/2759
f 2619/2924/2760 2620/2925/2761 2552/2926/2669 2615/2927/2756
f 2621/2928/2762 2578/2861/2697 2562/2847/2683 2597/2897/2733
f 2557/2840/2676 2622/2929/2763 2618/2923/2759 2554/2837/2673
f 2587/2875/2711 2568/2851/2687 2567/2850/2686 2623/2930/2764
f 2549/2830/2666 2854/2867/2703 2624/2931/2765 2585/2872/2708
f 2902/2932/2766 2601/2898/2734 2600/2901/2737 2641/2933/2767
f 2879/2878/2714 2586/2873/2709 2585/2872/2708 2624/2931/2765
f 2641/2934/2767 2642/2935/2768 2596/2936/2769 2902/2937/2766
f 2930/2914/2750 2584/2871/2707 2583/2870/2706 2588/2874/2710
f 2625/2938/2770 2954/2939/2771 2953/2940/2772 2590/2941/2715
f 2590/2879/2715 2953/2942/2772 2851/2864/2700 2579/2863/2699
f 2957/2943/2773 2592/2880/2716 2591/2881/2717 2956/2944/2774
f 2642/2935/2768 2595/2883/2719 2900/2882/2718 2596/2936/2769
f 2853/2866/2702 2548/2832/2668 2580/2862/2698 2852/2865/2701
f 2619/2924/2760 3185/2945/2775 3184/2946/2776 2617/2921/2757
f 2620/2925/2761 2619/2924/2760 2617/2921/2757 2561/2842/2678
f 2627/2947/2777 2842/2948/2778 2963/2949/2779 2626/2950/2780
f 2581/2868/2704 2580/2862/2698 2548/2832/2668 2547/2831/2667
f 2630/2951/2781 2620/2925/2761 2561/2842/2678 2560/2841/2677
f 2645/2905/2741 2928/2904/2740 2905/2889/2725 2593/2888/2724
f 2629/2952/2782 2844/2953/2783 2843/2954/2784 2628/2955/2785
f 2632/2956/2786 2633/2957/2787 2616/2922/2758 2631/2958/2788
f 2635/2959/2789 2634/2960/2790 2964/2961/2791 2969/2962/2792
f 2634/2960/2790 2627/2947/2777 2626/2950/2780 2964/2961/2791
f 2582/2869/2705 2581/2868/2704 2547/2831/2667 2576/2859/2695
f 2842/2948/2778 2841/2900/2736 2927/2899/2735 2963/2949/2779
f 3196/2963/2793 2621/2928/2762 2597/2897/2733 3124/2896/2732
f 2610/2915/2751 3194/2964/2794 3193/2965/2795 2608/2913/2749
f 2618/2923/2759 3198/2966/2796 3197/2967/2797 2611/2916/2752
f 2636/2968/2798 2609/2912/2748 2608/2913/2749 3193/2965/2795
f 2622/2929/2763 3199/2969/2799 3198/2966/2796 2618/2923/2759
f 2625/2938/2770 2630/2951/2781 2560/2841/2677 2592/2880/2716
f 3118/2892/2728 2577/2860/2696 2611/2916/2752 3197/2967/2797
f 2609/2912/2748 2636/2968/2798 2599/2895/2731 2598/2894/2730
f 2575/2858/2694 3119/2893/2729 4041/2970/2800 2613/2918/2754
f 3185/2945/2775 2619/2924/2760 2615/2927/2756 3200/2971/2801
f 2631/2958/2788 2616/2922/2758 2617/2921/2757 3184/2946/2776
f 2612/2917/2753 4040/2972/2802 3200/2973/2801 2615/2920/2756
f 2637/2974/2803 2614/2919/2755 2559/2844/2680 2558/2843/2679
f 2614/2919/2755 2607/2909/2745 2591/2881/2717 2559/2844/2680
f 2607/2909/2745 2606/2908/2744 2956/2944/2774 2591/2881/2717
f 3199/2969/2799 2622/2929/2763 2621/2928/2762 3196/2963/2793
f 2614/2919/2755 2637/2974/2803 2572/2853/2689 2571/2852/2688
f 2622/2929/2763 2557/2840/2676 2578/2861/2697 2621/2928/2762
f 2566/2849/2685 2578/2861/2697 2557/2840/2676 2556/2839/2675
f 2567/2850/2686 2566/2849/2685 2556/2839/2675 2589/2876/2712
f 2613/2918/2754 4041/2970/2800 4040/2972/2802 2612/2917/2753
f 2633/2957/2787 2637/2974/2803 2558/2843/2679 2616/2922/2758
f 2637/2974/2803 2633/2957/2787 2610/2915/2751 2572/2853/2689
f 2623/2930/2764 2567/2850/2686 2589/2876/2712 2880/2877/2713
f 2633/2957/2787 2632/2956/2786 3194/2964/2794 2610/2915/2751
f 2954/2939/2771 2625/2938/2770 2592/2880/2716 2957/2943/2773
f 2576/2859/2695 2575/2858/2694 2613/2918/2754 2582/2869/2705
f 2843/2954/2784 2638/2975/2804 2639/2976/2805 2628/2955/2785
f 2620/2925/2761 2630/2951/2781 2553/2977/2670 2552/2926/2669
f 2630/2951/2781 2625/2938/2770 2590/2941/2715 2553/2977/2670
f 2602/2903/2739 2644/2902/2738 2844/2953/2783 2629/2952/2782
f 2969/2962/2792 2639/2976/2805 2638/2975/2804 2635/2959/2789
f 2666/2978/2806 2663/2979/2807 2664/2980/2808 2665/2981/2809
f 2839/2823/2659 2640/2822/2658 2663/2979/2807 2666/2978/2806
f 2669/2982/2810 2670/2983/2811 2671/2984/2812 2668/2985/2813
f 2674/2986/2814 2755/2987/2815 2675/2988/2816 2826/2989/2817
f 2826/2989/2817 2675/2988/2816 2677/2990/2818 2827/2991/2819
f 2677/2990/2818 2678/2992/2820 2828/2993/2821 2827/2991/2819
f 2829/2994/2822 2828/2993/2821 2678/2992/2820 2679/2995/2823
f 2830/2996/2824 2829/2994/2822 2679/2995/2823 2681/2997/2825
f 2831/2998/2826 2830/2996/2824 2681/2997/2825 2683/2999/2827
f 2683/2999/2827 2685/3000/2828 2832/3001/2829 2831/2998/2826
f 2691/3002/2830 2692/3003/2831 2689/3004/2832 2690/3005/2833
f 2693/3006/2834 2694/3007/2835 2695/3008/2836 2696/3009/2837
f 2699/3010/2838 2700/3011/2839 2697/3012/2840 2698/3013/2841
f 2701/3014/2842 2702/3015/2843 2686/3016/2844 2703/3017/2845
f 2685/3000/2828 2704/3018/2846 2833/3019/2847 2832/3001/2829
f 2705/3020/2848 2706/3021/2849 2707/3022/2850 2708/3023/2851
f 2709/3024/2852 2710/3025/2853 2687/3026/2854 2688/3027/2855
f 2689/3004/2832 2701/3014/2842 2703/3017/2845 2672/3028/2856
f 2714/3029/2857 2711/3030/2858 2712/3031/2859 2713/3032/2860
f 2715/3033/2861 2713/3032/2860 1903/3034/2226 1904/3035/2224
f 2672/3028/2856 2711/3030/2858 2690/3005/2833 2689/3004/2832
f 1904/3035/2224 1905/3036/2223 2716/3037/2862 2715/3033/2861
f 2717/3038/2863 2718/3039/2864 1908/3040/2213 1907/3041/2212
f 2720/3042/2865 2721/3043/2866 2722/3044/2867 2723/3045/2868
f 2664/2980/2808 2724/3046/2869 2670/2983/2811 2669/2982/2810
f 2725/3047/2870 2663/2979/2807 2640/2822/2658 2595/2883/2719
f 2708/3023/2851 2707/3022/2850 2840/2887/2723 2643/2886/2722
f 2726/3048/2871 2727/3049/2872 2728/3050/2873 2729/3051/2874
f 2662/3052/2875 2816/3053/2876 2730/3054/2877 2731/3055/2878
f 2692/3003/2831 2721/3043/2866 2701/3014/2842 2689/3004/2832
f 2733/3056/2879 2699/3010/2838 2698/3013/2841 2732/3057/2880
f 2593/2888/2724 2594/2891/2727 2723/3045/2868 2722/3044/2867
f 2667/3058/2881 2687/3026/2854 2710/3025/2853 2734/3059/2882
f 2727/3049/2872 2735/3060/2883 2736/3061/2884 2728/3050/2873
f 2649/3062/2885 2819/3063/2886 2738/3064/2887 2650/3065/2888
f 2679/2995/2823 2678/2992/2820 2730/3054/2877 2734/3059/2882
f 2661/3066/2889 2648/3067/2890 2779/3068/2891 2740/3069/2892
f 2666/2978/2806 2708/3023/2851 2643/2886/2722 2839/2823/2659
f 2707/3022/2850 2723/3045/2868 2594/2891/2727 2840/2887/2723
f 2735/3060/2883 2727/3049/2872 2741/3070/2893 2742/3071/2894
f 2743/3072/2895 2726/3048/2871 2729/3051/2874 2744/3073/2896
f 2671/2984/2812 2670/2983/2811 2745/3074/2897 2676/3075/2898
f 2690/3005/2833 2733/3056/2879 2732/3057/2880 2691/3002/2830
f 2668/2985/2813 2680/3076/2899 2746/3077/2900 2669/2982/2810
f 2662/3052/2875 2731/3055/2878 2747/3078/2901 2749/3079/2902
f 2743/3072/2895 2744/3073/2896 2600/2901/2737 2841/2900/2736
f 2716/3037/2862 2718/3039/2864 2751/3080/2903 2750/3081/2904
f 2720/3042/2865 2706/3021/2849 2752/3082/2905 2702/3015/2843
f 2644/2902/2738 2645/2905/2741 2753/3083/2906 2754/3084/2907
f 2669/2982/2810 2746/3077/2900 2665/2981/2809 2664/2980/2808
f 2721/3043/2866 2720/3042/2865 2702/3015/2843 2701/3014/2842
f 2749/3079/2902 2747/3078/2901 2748/3085/2908 2835/3086/2909
f 2744/3073/2896 2756/3087/2910 2641/2933/2767 2600/2901/2737
f 2756/3088/2910 2757/3089/2911 2758/3090/2912 2759/3091/2913
f 1843/3092/2039 2760/3093/2914 2761/3094/2915 1844/3095/2040
f 2756/3088/2910 2759/3091/2913 2642/2935/2768 2641/2934/2767
f 2745/3074/2897 2758/3090/2912 2757/3089/2911 2762/3096/2916
f 2670/2983/2811 2724/3046/2869 2758/3090/2912 2745/3074/2897
f 2724/3046/2869 2725/3047/2870 2759/3091/2913 2758/3090/2912
f 2595/2883/2719 2642/2935/2768 2759/3091/2913 2725/3047/2870
f 2764/3097/2917 2763/3098/2918 2842/2948/2778 2627/2947/2777
f 2723/3045/2868 2707/3022/2850 2706/3021/2849 2720/3042/2865
f 2722/3044/2867 2753/3083/2906 2645/2905/2741 2593/2888/2724
f 2765/3099/2919 2766/3100/2920 2843/2954/2784 2844/2953/2783
f 2634/2960/2790 2635/2959/2789 2768/3101/2921 2767/3102/2922
f 2767/3102/2922 2764/3097/2917 2627/2947/2777 2634/2960/2790
f 2841/2900/2736 2842/2948/2778 2763/3098/2918 2743/3072/2895
f 2072/3103/2270 2042/3104/1832 4085/3105/2923 2810/3106/2924
f 2692/3003/2831 2691/3002/2830 2754/3084/2907 2753/3083/2906
f 2005/3107/2221 2011/3108/2222 2712/3031/2859 2660/3109/2925
f 2751/3080/2903 2696/3009/2837 2700/3011/2839 2750/3081/2904
f 2769/3110/2926 2761/3094/2915 2760/3093/2914 2742/3071/2894
f 1997/3111/2225 1841/3112/2038 2739/3113/2927 2737/3114/2928
f 2770/3115/2929 2769/3110/2926 2742/3071/2894 2741/3070/2893
f 2771/3116/2930 2770/3115/2929 2741/3070/2893 2772/3117/2931
f 2771/3116/2930 2772/3117/2931 2763/3098/2918 2764/3097/2917
f 4090/3118/2932 2719/3119/2933 2777/3120/2934 2773/3121/2935
f 2767/3102/2922 2768/3101/2921 2695/3008/2836 2694/3007/2835
f 2734/3059/2882 2730/3054/2877 2816/3053/2876 2667/3058/2881
f 2753/3083/2906 2722/3044/2867 2721/3043/2866 2692/3003/2831
f 2766/3100/2920 2765/3099/2919 2732/3057/2880 2698/3013/2841
f 2774/3122/2936 2766/3100/2920 2698/3013/2841 2697/3012/2840
f 2775/3123/2937 2752/3082/2905 2706/3021/2849 2705/3020/2848
f 2705/3020/2848 2665/2981/2809 2746/3077/2900 2775/3123/2937
f 2708/3023/2851 2666/2978/2806 2665/2981/2809 2705/3020/2848
f 2663/2979/2807 2725/3047/2870 2724/3046/2869 2664/2980/2808
f 2694/3007/2835 2771/3116/2930 2764/3097/2917 2767/3102/2922
f 2696/3009/2837 2695/3008/2836 2697/3012/2840 2700/3011/2839
f 2680/3076/2899 2682/3124/2938 2775/3123/2937 2746/3077/2900
f 2752/3082/2905 2775/3123/2937 2682/3124/2938 2684/3125/2939
f 2766/3100/2920 2774/3122/2936 2638/2975/2804 2843/2954/2784
f 2672/3028/2856 2821/3126/2940 4088/3127/2941 2660/3109/2925
f 2772/3117/2931 2741/3070/2893 2727/3049/2872 2726/3048/2871
f 2763/3098/2918 2772/3117/2931 2726/3048/2871 2743/3072/2895
f 2697/3012/2840 2695/3008/2836 2768/3101/2921 2774/3122/2936
f 2754/3084/2907 2765/3099/2919 2844/2953/2783 2644/2902/2738
f 2676/3075/2898 2745/3074/2897 2762/3096/2916 2673/3128/2942
f 2765/3099/2919 2754/3084/2907 2691/3002/2830 2732/3057/2880
f 2780/3129/2943 4083/3130/2944 4076/3131/2945 2790/3132/2946
f 2819/3063/2886 2649/3062/2885 2760/3093/2914 2737/3114/2928
f 2776/3133/2947 2717/3038/2863 2761/3094/2915 2769/3110/2926
f 2822/3134/2948 2781/3135/2949 4086/3136/2950 2790/3132/2946
f 2702/3015/2843 2752/3082/2905 2684/3125/2939 2686/3016/2844
f 2717/3038/2863 2776/3133/2947 2751/3080/2903 2718/3039/2864
f 2709/3024/2852 2773/3121/2935 2685/3000/2828 2683/2999/2827
f 2750/3081/2904 2778/3137/2951 2715/3033/2861 2716/3037/2862
f 2776/3133/2947 2693/3006/2834 2696/3009/2837 2751/3080/2903
f 2773/3121/2935 2777/3120/2934 2704/3018/2846 2685/3000/2828
f 2778/3137/2951 2750/3081/2904 2700/3011/2839 2699/3010/2838
f 2714/3029/2857 2778/3137/2951 2699/3010/2838 2733/3056/2879
f 2711/3030/2858 2714/3029/2857 2733/3056/2879 2690/3005/2833
f 4088/3127/2941 2782/3138/2952 4087/3139/2953 2660/3109/2925
f 2713/3032/2860 2715/3033/2861 2778/3137/2951 2714/3029/2857
f 2011/3108/2222 1903/3034/2226 2713/3032/2860 2712/3031/2859
f 2635/2959/2789 2638/2975/2804 2774/3122/2936 2768/3101/2921
f 2769/3110/2926 2770/3115/2929 2693/3006/2834 2776/3133/2947
f 2693/3006/2834 2770/3115/2929 2771/3116/2930 2694/3007/2835
f 2819/3063/2886 2661/3066/2889 2740/3069/2892 2738/3064/2887
f 2838/3140/2954 2791/3141/2955 2065/3142/2037 2099/3143/2220
f 1907/3041/2212 1844/3095/2040 2761/3094/2915 2717/3038/2863
f 2731/3055/2878 2730/3054/2877 2678/2992/2820 2677/2990/2818
f 2747/3078/2901 2675/2988/2816 2755/2987/2815 2748/3085/2908
f 2675/2988/2816 2747/3078/2901 2731/3055/2878 2677/2990/2818
f 2734/3059/2882 2710/3025/2853 2681/2997/2825 2679/2995/2823
f 2683/2999/2827 2681/2997/2825 2710/3025/2853 2709/3024/2852
f 2757/3144/2911 2756/3087/2910 2744/3073/2896 2729/3051/2874
f 4088/3127/2941 2821/3126/2940 2834/3145/2956 2782/3138/2952
f 2777/3120/2934 2822/3134/2948 2823/3146/2957 2704/3018/2846
f 2005/3107/2221 2660/3109/2925 4087/3139/2953 2098/3147/2214
f 2762/3148/2916 2757/3144/2911 2729/3051/2874 2728/3050/2873
f 2740/3069/2892 2779/3068/2891 2748/3149/2908 2755/3150/2815
f 2755/3150/2815 2674/3151/2814 2738/3064/2887 2740/3069/2892
f 2650/3065/2888 2738/3064/2887 2674/3151/2814 2651/3152/2958
f 2673/3153/2942 2762/3148/2916 2728/3050/2873 2736/3061/2884
f 2737/3114/2928 2760/3093/2914 1843/3092/2039 1997/3111/2225
f 1905/3036/2223 1908/3040/2213 2718/3039/2864 2716/3037/2862
f 2833/3019/2847 2834/3145/2956 2821/3126/2940 2659/3154/2959
f 2781/3135/2949 2783/3155/2960 2813/3156/2961 4086/3136/2950
f 2784/3157/2962 2783/3155/2960 2781/3135/2949 2719/3119/2933
f 2719/3119/2933 4090/3118/2932 4081/3158/2963 2784/3157/2962
f 2688/3027/2855 2786/3159/2964 2785/3160/2965 4089/3161/2966
f 2796/3162/2967 2809/3163/2968 2787/3164/2969 2800/3165/2970
f 2817/3166/2971 2078/3167/2269 2072/3103/2270 2810/3106/2924
f 2688/3027/2855 2687/3026/2854 2824/3168/2972 2786/3159/2964
f 2802/3169/2973 2047/3170/2289 2078/3167/2269 2817/3166/2971
f 2796/3171/2967 2805/3172/2974 2811/3173/2975 2788/3174/2976
f 2647/3175/2977 2646/3176/2978 2788/3174/2976 2811/3173/2975
f 2687/3026/2854 2667/3058/2881 2789/3177/2979 2824/3168/2972
f 2667/3058/2881 2816/3053/2876 2794/3178/2980 2789/3177/2979
f 2711/3030/2858 2672/3028/2856 2660/3109/2925 2712/3031/2859
f 2783/3155/2960 2784/3157/2962 2825/3179/2981 2813/3156/2961
f 4075/3180/2982 4079/3181/2983 2820/3182/2984 2792/3183/2985
f 2810/3106/2924 4085/3105/2923 2818/3184/2986 2799/3185/2987
f 2790/3132/2946 4086/3136/2950 2808/3186/2988 2780/3129/2943
f 2800/3165/2970 2801/3187/2989 2805/3188/2974 2796/3162/2967
f 2780/3129/2943 2808/3186/2988 2091/3189/2260 1855/3190/2031
f 2785/3160/2965 2786/3159/2964 2793/3191/2990 2792/3183/2985
f 2795/3192/2991 2793/3191/2990 2786/3159/2964 2824/3168/2972
f 2816/3053/2876 2662/3052/2875 2797/3193/2992 2794/3178/2980
f 2797/3193/2992 2662/3052/2875 2749/3079/2902 2801/3187/2989
f 2791/3141/2955 2739/3113/2927 1841/3112/2038 2065/3142/2037
f 2824/3168/2972 2789/3177/2979 2798/3194/2993 2795/3192/2991
f 2803/3195/2994 2799/3185/2987 2797/3193/2992 2815/3196/2995
f 2801/3187/2989 2749/3079/2902 2835/3086/2909 2805/3188/2974
f 2809/3197/2968 2796/3171/2967 2788/3174/2976 2814/3198/2996
f 2793/3191/2990 2795/3192/2991 4082/3199/2997 4080/3200/2998
f 2817/3166/2971 2803/3195/2994 2815/3196/2995 2802/3169/2973
f 2809/3163/2968 2056/3201/2291 2044/3202/2286 2787/3164/2969
f 2779/3068/2891 2836/3203/2999 2835/3204/2909 2748/3149/2908
f 2836/3203/2999 2779/3068/2891 2648/3067/2890 2837/3205/3000
f 2047/3170/2289 2802/3169/2973 2787/3164/2969 2044/3202/2286
f 2803/3195/2994 2817/3166/2971 2810/3106/2924 2799/3185/2987
f 2812/3206/3001 2076/3207/2237 1966/3208/2236 2804/3209/3002
f 2056/3210/2291 2809/3197/2968 2814/3198/2996 2071/3211/2285
f 2815/3196/2995 2797/3193/2992 2801/3187/2989 2800/3165/2970
f 2814/3198/2996 2788/3174/2976 2646/3176/2978 2804/3209/3002
f 2794/3178/2980 2797/3193/2992 2799/3185/2987 2818/3184/2986
f 2719/3119/2933 2781/3135/2949 2822/3134/2948 2777/3120/2934
f 4084/3212/3003 4082/3199/2997 2795/3192/2991 2798/3194/2993
f 1848/3213/2243 2091/3189/2260 2808/3186/2988 4077/3214/3004
f 2818/3184/2986 2798/3194/2993 2789/3177/2979 2794/3178/2980
f 2071/3211/2285 2814/3198/2996 2804/3209/3002 1966/3208/2236
f 4085/3105/2923 4084/3212/3003 2798/3194/2993 2818/3184/2986
f 4077/3214/3004 2808/3186/2988 4086/3136/2950 2813/3156/2961
f 2802/3169/2973 2815/3196/2995 2800/3165/2970 2787/3164/2969
f 2704/3018/2846 2823/3146/2957 2834/3145/2956 2833/3019/2847
f 4083/3130/2944 2780/3129/2943 1855/3190/2031 2008/3215/2215
f 2661/3066/2889 2819/3063/2886 2737/3114/2928 2739/3113/2927
f 2658/3216/3005 2659/3154/2959 2703/3017/2845 2686/3016/2844
f 2657/3217/3006 2658/3216/3005 2686/3016/2844 2684/3125/2939
f 2656/3218/3007 2657/3217/3006 2684/3125/2939 2682/3124/2938
f 2682/3124/2938 2680/3076/2899 2655/3219/3008 2656/3218/3007
f 2680/3076/2899 2668/2985/2813 2654/3220/3009 2655/3219/3008
f 2668/2985/2813 2671/2984/2812 2653/3221/3010 2654/3220/3009
f 2653/3221/3010 2671/2984/2812 2676/3075/2898 2652/3222/3011
f 2652/3222/3011 2676/3075/2898 2673/3128/2942 2651/3223/2958
f 2651/3152/2958 2673/3153/2942 2736/3061/2884 2650/3065/2888
f 2650/3065/2888 2736/3061/2884 2735/3060/2883 2649/3062/2885
f 2742/3071/2894 2760/3093/2914 2649/3062/2885 2735/3060/2883
f 2648/3067/2890 2661/3066/2889 2739/3113/2927 2791/3141/2955
f 2837/3205/3000 2648/3067/2890 2791/3141/2955 2838/3140/2954
f 2646/3176/2978 2647/3175/2977 2812/3206/3001 2804/3209/3002
f 2672/3028/2856 2703/3017/2845 2659/3154/2959 2821/3126/2940
f 2008/3215/2215 2098/3147/2214 4087/3139/2953 4083/3130/2944
f 2826/2989/2817 2652/3222/3011 2651/3223/2958 2674/2986/2814
f 2654/3220/3009 2653/3221/3010 2827/2991/2819 2828/2993/2821
f 2655/3219/3008 2654/3220/3009 2828/2993/2821 2829/2994/2822
f 2829/2994/2822 2830/2996/2824 2656/3218/3007 2655/3219/3008
f 2657/3217/3006 2656/3218/3007 2830/2996/2824 2831/2998/2826
f 2658/3216/3005 2657/3217/3006 2831/2998/2826 2832/3001/2829
f 2659/3154/2959 2658/3216/3005 2832/3001/2829 2833/3019/2847
f 2784/3157/2962 4081/3158/2963 2807/3224/3012 2825/3179/2981
f 2827/2991/2819 2653/3221/3010 2652/3222/3011 2826/2989/2817
f 1961/3225/1828 2040/3226/1885 2806/3227/3013 4079/3181/2983
f 2805/3172/2974 2835/3204/2909 2836/3203/2999 2811/3173/2975
f 2811/3173/2975 2836/3203/2999 2837/3205/3000 2647/3175/2977
f 2838/3140/2954 2812/3206/3001 2647/3175/2977 2837/3205/3000
f 2076/3207/2237 2812/3206/3001 2838/3140/2954 2099/3143/2220
f 2849/3228/3014 2850/3229/3015 2847/3230/3016 2848/3231/3017
f 2856/3232/3018 2857/3233/3019 2858/3234/3020 2855/3235/3021
f 2958/3236/3022 2921/3237/3023 2981/3238/3024 2979/3239/3025
f 2857/3233/3019 2861/3240/3026 2862/3241/3027 2858/3234/3020
f 2863/3242/3028 2877/3243/3029 2878/3244/3030 2864/3245/3031
f 2865/3246/3032 2588/2874/2710 2587/2875/2711 2866/3247/3033
f 3004/3248/3034 2867/3249/3035 2995/3250/3036 2856/3232/3018
f 2995/3250/3036 2867/3249/3035 2940/3251/3037 3002/3252/3038
f 2870/3253/3039 2871/3254/3040 2872/3255/3041 2869/3256/3042
f 2873/3257/3043 2874/3258/3044 2870/3253/3039 2869/3256/3042
f 2876/2890/2726 2873/3257/3043 2869/3256/3042 2875/2884/2720
f 2861/3240/3026 2857/3233/3019 2878/3244/3030 2877/3243/3029
f 2882/3259/3045 2881/3260/3046 2942/3261/3047 2943/3262/3048
f 2884/3263/3049 2885/3264/3050 2886/3265/3051 2883/3266/3052
f 2890/3267/3053 2887/3268/3054 2888/3269/3055 2889/3270/3056
f 2893/3271/3057 2894/3272/3058 2891/3273/3059 2892/3274/3060
f 2896/3275/3061 2895/3276/3062 2889/3270/3056 2888/3269/3055
f 2883/3277/3052 2893/3271/3057 2892/3274/3060 2884/3278/3049
f 2866/3247/3033 2587/2875/2711 2623/2930/2764 2937/3279/3063
f 2898/3280/3064 2899/3281/3065 2900/2882/2718 2845/2825/2661
f 2903/3282/3066 2901/3283/3067 2902/2937/2766 2596/2936/2769
f 2873/3257/3043 2876/2890/2726 2905/2889/2725 2906/3284/3068
f 2907/3285/3069 2908/3286/3070 2909/3287/3071 2910/3288/3072
f 2891/3273/3059 2913/3289/3073 2911/3290/3074 2912/3291/3075
f 2912/3291/3075 2914/3292/3076 2892/3274/3060 2891/3273/3059
f 2901/3283/3067 2903/3282/3066 2885/3264/3050 2884/3263/3049
f 2916/3293/3077 2909/3287/3071 2908/3286/3070 2915/3294/3078
f 2845/2825/2661 2846/2824/2660 2917/3295/3079 2898/3280/3064
f 2898/3280/3064 2917/3295/3079 2855/3235/3021 2858/3234/3020
f 2919/3296/3080 2894/3272/3058 2926/3297/3081 2918/3298/3082
f 2922/3299/3083 2920/3300/3084 2951/3301/3085 2921/3237/3023
f 2926/3297/3081 2985/3302/3086 2924/3303/3087 2925/3304/3088
f 2881/3305/3046 2924/3303/3087 2985/3302/3086 2942/3306/3047
f 2857/3233/3019 2856/3232/3018 2864/3245/3031 2878/3244/3030
f 2846/2824/2660 2904/2885/2721 2872/3255/3041 2917/3295/3079
f 2959/3307/3089 3018/3308/3090 2921/3237/3023 2958/3236/3022
f 2996/3309/3091 2997/3310/3092 2863/3242/3028 2864/3245/3031
f 2930/2914/2750 2934/3311/3093 2935/3312/3094 2929/2911/2747
f 2923/3313/3095 2931/3314/3096 2922/3299/3083 3003/3315/3097
f 2897/3316/3098 2866/3247/3033 2937/3279/3063 2936/3317/3099
f 3011/3318/3100 3010/3319/3101 3006/3320/3102 2977/3321/3103
f 2588/2874/2710 2865/3246/3032 2934/3311/3093 2930/2914/2750
f 2972/3322/3104 2923/3313/3095 3003/3315/3097 2978/3323/3105
f 2935/3312/3094 2938/3324/3106 3018/3308/3090 2959/3307/3089
f 2934/3311/3093 2939/3325/3107 2938/3324/3106 2935/3312/3094
f 2943/3262/3048 2942/3261/3047 2883/3266/3052 2886/3265/3051
f 2894/3272/3058 2919/3296/3080 2913/3289/3073 2891/3273/3059
f 2944/3326/3108 2950/3327/3109 2945/3328/3110 2946/3329/3111
f 2852/2865/2701 2851/2864/2700 2948/3330/3112 2947/3331/3113
f 2887/3332/3054 2949/3333/3114 2950/3327/3109 2888/3334/3055
f 2945/3328/3110 2950/3327/3109 2949/3333/3114 2955/3335/3115
f 2888/3334/3055 2950/3327/3109 2944/3326/3108 2896/3336/3061
f 2929/2911/2747 2935/3312/3094 2959/3307/3089 2605/2910/2746
f 2899/3281/3065 2903/3282/3066 2596/2936/2769 2900/2882/2718
f 2862/3241/3027 2885/3264/3050 2903/3282/3066 2899/3281/3065
f 2861/3240/3026 2886/3265/3051 2885/3264/3050 2862/3241/3027
f 2877/3243/3029 2943/3262/3048 2886/3265/3051 2861/3240/3026
f 2863/3242/3028 2882/3259/3045 2943/3262/3048 2877/3243/3029
f 2848/3231/3017 2847/3230/3016 2933/3337/3116 2932/3338/3117
f 2850/3229/3015 2890/3267/3053 2889/3270/3056 2847/3230/3016
f 2853/2866/2702 2852/2865/2701 2947/3331/3113 2960/3339/3118
f 2954/2939/2771 2962/3340/3119 2961/3341/3120 2953/2940/2772
f 2964/2961/2791 2626/2950/2780 2910/3288/3072 2909/3287/3071
f 2901/3342/3067 2914/3292/3076 2601/2898/2734 2902/2932/2766
f 2963/2949/2779 2927/2899/2735 2912/3291/3075 2911/3290/3074
f 2602/2903/2739 2965/3343/3121 2966/3344/3122 2928/2904/2740
f 2626/2950/2780 2963/2949/2779 2911/3290/3074 2910/3288/3072
f 2628/2955/2785 2967/3345/3123 2968/3346/3124 2629/2952/2782
f 2969/2962/2792 2964/2961/2791 2909/3287/3071 2916/3293/3077
f 2914/3292/3076 2912/3291/3075 2927/2899/2735 2601/2898/2734
f 2910/3288/3072 2911/3290/3074 2913/3289/3073 2907/3285/3069
f 2928/2904/2740 2966/3344/3122 2906/3284/3068 2905/2889/2725
f 2965/3343/3121 2970/3347/3125 2971/3348/3126 2966/3344/3122
f 3008/3349/3127 2859/3350/3128 2970/3347/3125 2974/3351/3129
f 2884/3278/3049 2892/3274/3060 2914/3292/3076 2901/3342/3067
f 2874/3258/3044 2873/3257/3043 2906/3284/3068 2973/3352/3130
f 2973/3352/3130 2906/3284/3068 2966/3344/3122 2971/3348/3126
f 2858/3234/3020 2862/3241/3027 2899/3281/3065 2898/3280/3064
f 2968/3346/3124 2967/3345/3123 2994/3353/3131 2974/3351/3129
f 2967/3345/3123 2992/3354/3132 2975/3355/3133 2994/3353/3131
f 3010/3319/3101 3009/3356/3134 2978/3323/3105 3006/3320/3102
f 2980/3357/3135 2957/2943/2773 2956/2944/2774 2979/3239/3025
f 2606/2908/2744 2958/3236/3022 2979/3239/3025 2956/2944/2774
f 2990/3358/3136 2989/3359/3137 3002/3252/3038 2940/3251/3037
f 3002/3252/3038 2849/3228/3014 2848/3231/3017 2932/3338/3117
f 2925/3304/3088 3001/3360/3138 2920/3300/3084 2983/3361/3139
f 3000/3362/3140 3001/3360/3138 2925/3304/3088 2924/3303/3087
f 2999/3363/3141 3000/3362/3140 2924/3303/3087 2881/3305/3046
f 2998/3364/3142 2999/3365/3141 2881/3260/3046 2882/3259/3045
f 2997/3310/3092 2998/3364/3142 2882/3259/3045 2863/3242/3028
f 2937/3279/3063 2623/2930/2764 2880/2877/2713 2984/3366/3143
f 2985/3302/3086 2926/3297/3081 2894/3272/3058 2893/3271/3057
f 2925/3304/3088 2983/3361/3139 2918/3298/3082 2926/3297/3081
f 2946/3329/3111 2945/3328/3110 2952/3367/3144 2951/3301/3085
f 2938/3324/3106 2978/3323/3105 3003/3315/3097 3018/3308/3090
f 2979/3239/3025 2981/3238/3024 2955/3335/3115 2980/3357/3135
f 2865/3246/3032 2941/3368/3145 2939/3325/3107 2934/3311/3093
f 2970/3347/3125 2859/3350/3128 2868/3369/3146 2971/3348/3126
f 3012/3370/3147 2986/3371/3148 2987/3372/3149 3014/3373/3150
f 2988/3374/3151 3015/3375/3152 3014/3373/3150 2987/3372/3149
f 3005/3376/3153 2991/3377/3154 2990/3358/3136 2940/3251/3037
f 2991/3377/3154 3005/3376/3153 2860/3378/3155 2984/3366/3143
f 2907/3285/3069 2913/3289/3073 2919/3296/3080 2931/3314/3096
f 2939/3325/3107 3006/3320/3102 2978/3323/3105 2938/3324/3106
f 2980/3357/3135 2955/3335/3115 2949/3333/3114 2962/3340/3119
f 2949/3333/3114 2887/3332/3054 2961/3341/3120 2962/3340/3119
f 2948/3330/3112 2961/3379/3120 2887/3268/3054 2890/3267/3053
f 2931/3314/3096 2919/3296/3080 2918/3298/3082 2983/3361/3139
f 2890/3267/3053 2850/3229/3015 2947/3331/3113 2948/3330/3112
f 2904/2885/2721 2875/2884/2720 2869/3256/3042 2872/3255/3041
f 2960/3339/3118 2947/3331/3113 2850/3229/3015 2849/3228/3014
f 2922/3299/3083 2931/3314/3096 2983/3361/3139 2920/3300/3084
f 2989/3359/3137 2960/3339/3118 2849/3228/3014 3002/3252/3038
f 2941/3368/3145 2897/3316/3098 2986/3371/3148 2977/3321/3103
f 2962/3340/3119 2954/2939/2771 2957/2943/2773 2980/3357/3135
f 2866/3247/3033 2897/3316/3098 2941/3368/3145 2865/3246/3032
f 2961/3379/3120 2948/3330/3112 2851/2864/2700 2953/2942/2772
f 2989/3359/3137 2854/2867/2703 2853/2866/2702 2960/3339/3118
f 2854/2867/2703 2989/3359/3137 2990/3358/3136 2624/2931/2765
f 2624/2931/2765 2990/3358/3136 2991/3377/3154 2879/2878/2714
f 2984/3366/3143 2880/2877/2713 2879/2878/2714 2991/3377/3154
f 3005/3376/3153 2940/3251/3037 2867/3249/3035 2993/3380/3156
f 2936/3317/3099 2987/3372/3149 2986/3371/3148 2897/3316/3098
f 2939/3325/3107 2941/3368/3145 2977/3321/3103 3006/3320/3102
f 2915/3294/3078 2908/3286/3070 2923/3313/3095 2972/3322/3104
f 2628/2955/2785 2639/2976/2805 2992/3354/3132 2967/3345/3123
f 2942/3306/3047 2985/3302/3086 2893/3271/3057 2883/3277/3052
f 2987/3372/3149 2936/3317/3099 2860/3378/3155 2988/3374/3151
f 2995/3250/3036 2996/3309/3091 2864/3245/3031 2856/3232/3018
f 2936/3317/3099 2937/3279/3063 2984/3366/3143 2860/3378/3155
f 2933/3337/3116 2895/3276/3062 2998/3364/3142 2997/3310/3092
f 2970/3347/3125 2965/3343/3121 2968/3346/3124 2974/3351/3129
f 2965/3343/3121 2602/2903/2739 2629/2952/2782 2968/3346/3124
f 3012/3370/3147 3011/3318/3100 2977/3321/3103 2986/3371/3148
f 2871/3254/3040 2855/3235/3021 2917/3295/3079 2872/3255/3041
f 2988/3374/3151 2860/3378/3155 3005/3376/3153 2993/3380/3156
f 2847/3230/3016 2889/3270/3056 2895/3276/3062 2933/3337/3116
f 2945/3328/3110 2955/3335/3115 2981/3238/3024 2952/3367/3144
f 2605/2910/2746 2959/3307/3089 2958/3236/3022 2606/2908/2744
f 2916/3293/3077 2992/3354/3132 2639/2976/2805 2969/2962/2792
f 2992/3354/3132 2916/3293/3077 2915/3294/3078 2975/3355/3133
f 2976/3381/3157 2973/3352/3130 2971/3348/3126 2868/3369/3146
f 3013/3382/3158 2874/3258/3044 2973/3352/3130 2976/3381/3157
f 2995/3250/3036 3002/3252/3038 2932/3338/3117 2996/3309/3091
f 2996/3309/3091 2932/3338/3117 2933/3337/3116 2997/3310/3092
f 2999/3365/3141 2998/3364/3142 2895/3276/3062 2896/3275/3061
f 2896/3336/3061 2944/3326/3108 3000/3362/3140 2999/3363/3141
f 3001/3360/3138 3000/3362/3140 2944/3326/3108 2946/3329/3111
f 3001/3360/3138 2946/3329/3111 2951/3301/3085 2920/3300/3084
f 3004/3248/3034 2871/3254/3040 2870/3253/3039 3019/3383/3159
f 2921/3237/3023 2951/3301/3085 2952/3367/3144 2981/3238/3024
f 2931/3314/3096 2923/3313/3095 2908/3286/3070 2907/3285/3069
f 2993/3380/3156 3016/3384/3160 3015/3375/3152 2988/3374/3151
f 2982/3385/3161 2972/3322/3104 2978/3323/3105 3009/3356/3134
f 3009/3356/3134 3010/3319/3101 3007/3386/3162 2982/3385/3161
f 3010/3319/3101 3011/3318/3100 3008/3349/3127 3007/3386/3162
f 3011/3318/3100 3012/3370/3147 2859/3350/3128 3008/3349/3127
f 2859/3350/3128 3012/3370/3147 3014/3373/3150 2868/3369/3146
f 2868/3369/3146 3014/3373/3150 3015/3375/3152 2976/3381/3157
f 3016/3384/3160 3013/3382/3158 2976/3381/3157 3015/3375/3152
f 2867/3249/3035 3017/3387/3163 3016/3384/3160 2993/3380/3156
f 3018/3308/3090 3003/3315/3097 2922/3299/3083 2921/3237/3023
f 3013/3382/3158 3016/3384/3160 3017/3387/3163 3019/3383/3159
f 3004/3248/3034 2856/3232/3018 2855/3235/3021 2871/3254/3040
f 3007/3386/3162 3008/3349/3127 2974/3351/3129 2994/3353/3131
f 2994/3353/3131 2975/3355/3133 2982/3385/3161 3007/3386/3162
f 2975/3355/3133 2915/3294/3078 2972/3322/3104 2982/3385/3161
f 3019/3383/3159 2870/3253/3039 2874/3258/3044 3013/3382/3158
f 2867/3249/3035 3004/3248/3034 3019/3383/3159 3017/3387/3163
f 4067/3388/3164 4066/3389/3165 3115/3390/3166 3114/3391/3167
f 3122/3392/3168 3123/3393/3169 3121/3394/3170 4072/3395/3171
f 3768/3396/3172 4065/3397/3173 3117/3398/3174 3116/3399/3175
f 3856/3400/3176 3120/3401/3177 3860/3402/3178 3940/3403/3179
f 3127/3404/3180 3128/3405/3181 3125/3406/3182 3126/3407/3183
f 3727/3408/3184 3778/3409/3185 3736/3410/3186 3113/3411/3187
f 3129/3412/3188 3130/3413/3189 3131/3414/3190 3132/3415/3191
f 3115/3390/3166 3768/3396/3172 3769/3416/3192 3767/3417/3193
f 3132/3415/3191 3134/3418/3194 3133/3419/3195 3129/3412/3188
f 3706/3420/3196 3754/3421/3197 3753/3422/3198 3117/3398/3174
f 3138/3423/3199 3135/3424/3200 3136/3425/3201 3137/3426/3202
f 3140/3427/3203 3139/3428/3204 3135/3424/3200 3138/3423/3199
f 3144/3429/3205 3141/3430/3206 3142/3431/3207 3143/3432/3208
f 3147/3433/3209 3145/3434/3210 3146/3435/3211 3820/3436/3212
f 3150/3437/3213 3151/3438/3214 3148/3439/3215 3149/3440/3216
f 3154/3441/3217 3155/3442/3218 3152/3443/3219 3153/3444/3220
f 3160/3445/3221 3161/3446/3222 3158/3447/3223 3159/3448/3224
f 3163/3449/3225 3164/3450/3226 4016/3451/3227 3162/3452/3228
f 3166/3453/3229 3121/3454/3170 3123/3455/3169 3165/3456/3230
f 3165/3456/3230 3123/3455/3169 3167/3457/3231 3168/3458/3232
f 3169/3459/3233 3170/3460/3234 3168/3458/3232 3167/3457/3231
f 3170/3460/3234 3169/3459/3233 3171/3461/3235 3172/3462/3236
f 3153/3444/3220 3174/3463/3237 3173/3464/3238 3154/3441/3217
f 3176/3465/3239 3173/3464/3238 3174/3463/3237 3175/3466/3240
f 3179/3467/3241 3180/3468/3242 3884/3469/3243 3178/3470/3244
f 3182/3471/3245 3183/3472/3246 3181/3473/3247 3800/3474/3248
f 3186/3475/3249 3187/3476/3250 3188/3477/3251 4070/3478/3252
f 3191/3479/3253 2632/2956/2786 2631/2958/2788 3190/3480/3254
f 3192/3481/3255 3193/2965/2795 3194/2964/2794 3195/3482/3256
f 3163/3449/3225 3196/2963/2793 3124/2896/2732 3201/3483/3257
f 3162/3452/3228 3199/2969/2799 3196/2963/2793 3163/3449/3225
f 3204/3484/3258 3205/3485/3259 3202/3486/3260 3203/3487/3261
f 3208/3488/3262 3209/3489/3263 3206/3490/3264 3207/3491/3265
f 3206/3492/3264 3211/3493/3266 3210/3494/3267 3207/3495/3265
f 3233/3496/3268 3212/3497/3269 3213/3498/3270 3234/3499/3271
f 3216/3500/3272 3217/3501/3273 3214/3502/3274 3215/3503/3275
f 3218/3504/3276 3238/3505/3277 3219/3506/3278 3240/3507/3279
f 3242/3508/3280 3220/3509/3281 3224/3510/3282 3239/3511/3283
f 3222/3512/3284 3231/3513/3285 3221/3514/3286 3214/3515/3274
f 3271/3516/3287 3226/3517/3288 3220/3518/3281 3225/3519/3289
f 3228/3520/3290 3213/3498/3270 3212/3497/3269 3227/3521/3291
f 3229/3522/3292 3215/3503/3275 3214/3502/3274 3221/3523/3286
f 3231/3513/3285 3232/3524/3293 3230/3525/3294 3221/3514/3286
f 3233/3496/3268 3234/3499/3271 3235/3526/3295 3255/3527/3296
f 3236/3528/3297 3237/3529/3298 3217/3501/3273 3216/3500/3272
f 3222/3512/3284 3214/3515/3274 3217/3530/3273 3245/3531/3299
f 3224/3532/3282 3223/3533/3300 3244/3534/3301 3237/3535/3298
f 3241/3536/3302 3268/3537/3303 3240/3507/3279 3219/3506/3278
f 3243/3538/3304 3225/3539/3289 3220/3509/3281 3242/3508/3280
f 3222/3512/3284 3245/3531/3299 3234/3499/3271 3213/3498/3270
f 3226/3517/3288 3219/3506/3278 3238/3505/3277 3223/3533/3300
f 3222/3512/3284 3213/3498/3270 3228/3520/3290 3231/3513/3285
f 3234/3499/3271 3245/3531/3299 3244/3534/3301 3235/3526/3295
f 3226/3517/3288 3271/3516/3287 3241/3536/3302 3219/3506/3278
f 3247/3540/3305 3215/3503/3275 3229/3522/3292 3246/3541/3306
f 3242/3508/3280 3253/3542/3307 3248/3543/3308 3243/3538/3304
f 3250/3544/3309 3251/3545/3310 3246/3541/3306 3229/3522/3292
f 3215/3503/3275 3247/3540/3305 3252/3546/3311 3216/3500/3272
f 3236/3528/3297 3256/3547/3312 3249/3548/3313 3239/3511/3283
f 3220/3518/3281 3226/3517/3288 3223/3533/3300 3224/3532/3282
f 3253/3542/3307 3242/3508/3280 3239/3511/3283 3249/3548/3313
f 3264/3549/3314 3254/3550/3315 3253/3542/3307 3249/3548/3313
f 3245/3531/3299 3217/3530/3273 3237/3535/3298 3244/3534/3301
f 3216/3500/3272 3252/3546/3311 3256/3547/3312 3236/3528/3297
f 3258/3551/3316 3256/3547/3312 3252/3546/3311 3257/3552/3317
f 3259/3553/3318 3228/3520/3290 3227/3521/3291 3260/3554/3319
f 3230/3555/3294 3250/3544/3309 3229/3522/3292 3221/3523/3286
f 3232/3524/3293 3208/3488/3262 3207/3491/3265 3230/3525/3294
f 3232/3524/3293 3231/3513/3285 3228/3520/3290 3259/3553/3318
f 3210/3494/3267 3202/3486/3260 3251/3545/3310 3250/3544/3309
f 3261/3556/3320 3262/3557/3321 3259/3553/3318 3260/3554/3319
f 3250/3544/3309 3230/3555/3294 3207/3495/3265 3210/3494/3267
f 3208/3488/3262 3232/3524/3293 3259/3553/3318 3262/3557/3321
f 3211/3493/3266 3203/3487/3261 3202/3486/3260 3210/3494/3267
f 3238/3505/3277 3218/3504/3276 3255/3527/3296 3235/3526/3295
f 3236/3528/3297 3239/3511/3283 3224/3510/3282 3237/3529/3298
f 3235/3526/3295 3244/3534/3301 3223/3533/3300 3238/3505/3277
f 3263/3558/3322 3257/3552/3317 3252/3546/3311 3247/3540/3305
f 3264/3549/3314 3249/3548/3313 3256/3547/3312 3258/3551/3316
f 3254/3550/3315 3265/3559/3323 3248/3543/3308 3253/3542/3307
f 3205/3485/3259 3266/3560/3324 3251/3545/3310 3202/3486/3260
f 3267/3561/3325 3263/3558/3322 3247/3540/3305 3246/3541/3306
f 3266/3560/3324 3267/3561/3325 3246/3541/3306 3251/3545/3310
f 3243/3538/3304 3269/3562/3326 3270/3563/3327 3225/3539/3289
f 3248/3543/3308 3272/3564/3328 3269/3562/3326 3243/3538/3304
f 3272/3564/3328 3248/3543/3308 3265/3559/3323 3273/3565/3329
f 3270/3563/3327 3269/3562/3326 3274/3566/3330 3275/3567/3331
f 3269/3562/3326 3272/3564/3328 3276/3568/3332 3274/3566/3330
f 3273/3565/3329 3277/3569/3333 3276/3568/3332 3272/3564/3328
f 3275/3567/3331 3274/3566/3330 3278/3570/3334 3279/3571/3335
f 3280/3572/3336 3278/3570/3334 3274/3566/3330 3276/3568/3332
f 3281/3573/3337 3280/3572/3336 3276/3568/3332 3277/3569/3333
f 3278/3570/3334 3280/3572/3336 3282/3574/3338 3279/3571/3335
f 3280/3572/3336 3281/3573/3337 3283/3575/3339 3282/3574/3338
f 3268/3537/3303 3241/3536/3302 3284/3576/3340 3026/3577/3341
f 3271/3516/3287 3027/3578/3342 3284/3576/3340 3241/3536/3302
f 3225/3519/3289 3285/3579/3343 3027/3578/3342 3271/3516/3287
f 3270/3580/3327 3286/3581/3344 3285/3579/3343 3225/3519/3289
f 3275/3582/3331 3287/3583/3345 3286/3581/3344 3270/3580/3327
f 3279/3584/3335 3032/3585/3346 3287/3583/3345 3275/3582/3331
f 3282/3586/3338 3288/3587/3347 3032/3585/3346 3279/3584/3335
f 3282/3586/3338 3283/3588/3339 3289/3589/3348 3288/3587/3347
f 3292/3590/3349 3293/3591/3350 3290/3592/3351 3291/3593/3352
f 3300/3594/3353 3311/3595/3354 3294/3596/3355 3295/3597/3356
f 3296/3598/3357 3297/3599/3358 3298/3600/3359 3304/3601/3360
f 3306/3602/3361 3301/3603/3362 3299/3604/3363 3300/3605/3353
f 3304/3606/3360 3314/3607/3364 3303/3608/3365 3320/3609/3366
f 3305/3610/3367 3306/3611/3361 3300/3594/3353 3295/3597/3356
f 3301/3603/3362 3306/3602/3361 3307/3612/3368 3308/3613/3369
f 3311/3595/3354 3309/3614/3370 3316/3615/3371 3294/3596/3355
f 3300/3605/3353 3299/3604/3363 3310/3616/3372 3311/3617/3354
f 3312/3618/3373 3302/3619/3374 3298/3620/3359 3309/3621/3370
f 3304/3601/3360 3320/3622/3366 3313/3623/3375 3296/3598/3357
f 3233/3496/3268 3310/3616/3372 3299/3604/3363 3212/3497/3269
f 3240/3507/3279 3314/3607/3364 3302/3619/3374 3218/3504/3276
f 3299/3604/3363 3301/3603/3362 3227/3521/3291 3212/3497/3269
f 3233/3496/3268 3255/3527/3296 3312/3618/3373 3310/3616/3372
f 3268/3537/3303 3303/3608/3365 3314/3607/3364 3240/3507/3279
f 3263/3558/3322 3267/3561/3325 3305/3610/3367 3295/3597/3356
f 3265/3559/3323 3254/3550/3315 3296/3598/3357 3313/3623/3375
f 3315/3624/3376 3305/3610/3367 3267/3561/3325 3266/3560/3324
f 3295/3597/3356 3294/3596/3355 3257/3552/3317 3263/3558/3322
f 3258/3551/3316 3316/3615/3371 3297/3599/3358 3264/3549/3314
f 3314/3607/3364 3304/3606/3360 3298/3620/3359 3302/3619/3374
f 3254/3550/3315 3264/3549/3314 3297/3599/3358 3296/3598/3357
f 3309/3621/3370 3311/3617/3354 3310/3616/3372 3312/3618/3373
f 3257/3552/3317 3294/3596/3355 3316/3615/3371 3258/3551/3316
f 3305/3610/3367 3315/3624/3376 3307/3625/3368 3306/3611/3361
f 3307/3612/3368 3291/3626/3352 3317/3627/3377 3308/3613/3369
f 3308/3613/3369 3260/3554/3319 3227/3521/3291 3301/3603/3362
f 3266/3560/3324 3205/3485/3259 3292/3590/3349 3315/3624/3376
f 3291/3593/3352 3307/3625/3368 3315/3624/3376 3292/3590/3349
f 3317/3627/3377 3261/3556/3320 3260/3554/3319 3308/3613/3369
f 3317/3627/3377 3291/3626/3352 3290/3628/3351 3318/3629/3378
f 3205/3485/3259 3204/3484/3258 3293/3591/3350 3292/3590/3349
f 3297/3599/3358 3316/3615/3371 3309/3614/3370 3298/3600/3359
f 3255/3527/3296 3218/3504/3276 3302/3619/3374 3312/3618/3373
f 3321/3630/3379 3319/3631/3380 3313/3623/3375 3320/3622/3366
f 3319/3631/3380 3273/3565/3329 3265/3559/3323 3313/3623/3375
f 3321/3630/3379 3323/3632/3381 3322/3633/3382 3319/3631/3380
f 3319/3631/3380 3322/3633/3382 3277/3569/3333 3273/3565/3329
f 3323/3632/3381 3325/3634/3383 3324/3635/3384 3322/3633/3382
f 3281/3573/3337 3277/3569/3333 3322/3633/3382 3324/3635/3384
f 3283/3575/3339 3281/3573/3337 3324/3635/3384 3325/3634/3383
f 3026/3577/3341 3326/3636/3385 3303/3608/3365 3268/3537/3303
f 3326/3636/3385 3036/3637/3386 3320/3609/3366 3303/3608/3365
f 3036/3637/3386 3037/3638/3387 3321/3639/3379 3320/3609/3366
f 3037/3638/3387 3110/3640/3388 3323/3641/3381 3321/3639/3379
f 3110/3640/3388 3038/3642/3389 3325/3643/3383 3323/3641/3381
f 3038/3642/3389 3289/3589/3348 3283/3588/3339 3325/3643/3383
f 3329/3644/3390 3330/3645/3391 3327/3646/3392 3328/3647/3393
f 3333/3648/3394 3334/3649/3395 3331/3650/3396 3332/3651/3397
f 3792/3652/3398 3335/3653/3399 3336/3654/3400 3337/3655/3401
f 3358/3656/3402 3338/3657/3403 3339/3658/3404 3359/3659/3405
f 3340/3660/3406 3341/3661/3407 3342/3662/3408 3343/3663/3409
f 3347/3664/3410 3354/3665/3411 3346/3666/3412 3340/3667/3406
f 3349/3668/3413 3348/3669/3414 3362/3670/3415 3345/3671/3416
f 3394/3672/3417 3349/3668/3413 3345/3671/3416 3393/3673/3418
f 3338/3657/3403 3350/3674/3419 3351/3675/3420 3339/3658/3404
f 3352/3676/3421 3341/3661/3407 3340/3660/3406 3346/3677/3412
f 3354/3665/3411 3355/3678/3422 3353/3679/3423 3346/3666/3412
f 3358/3656/3402 3359/3659/3405 3356/3680/3424 3357/3681/3425
f 3361/3682/3426 3343/3663/3409 3342/3662/3408 3360/3683/3427
f 3347/3664/3410 3340/3667/3406 3343/3684/3409 3372/3685/3428
f 3382/3686/3429 3344/3687/3430 3366/3688/3431 3363/3689/3432
f 3367/3690/3433 3345/3691/3416 3362/3692/3415 3364/3693/3434
f 3344/3687/3430 3365/3694/3435 3392/3695/3436 3366/3688/3431
f 3368/3696/3437 3393/3697/3418 3345/3691/3416 3367/3690/3433
f 3347/3664/3410 3372/3685/3428 3359/3659/3405 3339/3658/3404
f 3369/3698/3438 3370/3699/3439 3331/3650/3396 3334/3649/3395
f 3354/3665/3411 3347/3664/3410 3339/3658/3404 3351/3675/3420
f 3372/3685/3428 3371/3700/3440 3356/3680/3424 3359/3659/3405
f 3348/3669/3414 3349/3668/3413 3344/3687/3430 3382/3686/3429
f 3349/3668/3413 3394/3672/3417 3365/3694/3435 3344/3687/3430
f 3341/3661/3407 3352/3676/3421 3373/3701/3441 3374/3702/3442
f 3375/3703/3443 3368/3696/3437 3367/3690/3433 3376/3704/3444
f 3380/3705/3445 3376/3704/3444 3367/3690/3433 3364/3693/3434
f 3352/3676/3421 3378/3706/3446 3377/3707/3447 3373/3701/3441
f 3379/3708/3448 3342/3662/3408 3341/3661/3407 3374/3702/3442
f 3356/3680/3424 3382/3686/3429 3363/3689/3432 3357/3681/3425
f 3362/3692/3415 3361/3682/3426 3360/3683/3427 3364/3693/3434
f 3372/3685/3428 3343/3684/3409 3361/3709/3426 3371/3700/3440
f 3371/3700/3440 3348/3669/3414 3382/3686/3429 3356/3680/3424
f 3379/3708/3448 3383/3710/3449 3360/3683/3427 3342/3662/3408
f 3385/3711/3450 3384/3712/3451 3383/3710/3449 3379/3708/3448
f 3387/3713/3452 3351/3675/3420 3350/3674/3419 3386/3714/3453
f 3352/3676/3421 3346/3677/3412 3353/3715/3423 3378/3706/3446
f 3355/3678/3422 3370/3699/3439 3388/3716/3454 3353/3679/3423
f 3355/3678/3422 3354/3665/3411 3351/3675/3420 3387/3713/3452
f 3378/3706/3446 3389/3717/3455 3327/3646/3392 3377/3707/3447
f 3332/3651/3397 3331/3650/3396 3387/3713/3452 3386/3714/3453
f 3389/3717/3455 3378/3706/3446 3353/3715/3423 3388/3718/3454
f 3370/3699/3439 3355/3678/3422 3387/3713/3452 3331/3650/3396
f 3336/3719/3400 3388/3716/3454 3370/3699/3439 3369/3698/3438
f 3389/3717/3455 3335/3653/3399 3328/3647/3393 3327/3646/3392
f 3361/3709/3426 3362/3670/3415 3348/3669/3414 3371/3700/3440
f 3360/3683/3427 3383/3710/3449 3380/3705/3445 3364/3693/3434
f 3384/3712/3451 3390/3720/3456 3380/3705/3445 3383/3710/3449
f 3375/3703/3443 3376/3704/3444 3381/3721/3457 3391/3722/3458
f 3380/3705/3445 3390/3720/3456 3381/3721/3457 3376/3704/3444
f 3393/3697/3418 3368/3696/3437 3395/3723/3459 3396/3724/3460
f 3395/3723/3459 3368/3696/3437 3375/3703/3443 3397/3725/3461
f 3397/3725/3461 3375/3703/3443 3391/3722/3458 3398/3726/3462
f 3396/3724/3460 3395/3723/3459 3399/3727/3463 3400/3728/3464
f 3397/3725/3461 3401/3729/3465 3399/3727/3463 3395/3723/3459
f 3398/3726/3462 3402/3730/3466 3401/3729/3465 3397/3725/3461
f 3399/3727/3463 3401/3729/3465 3403/3731/3467 3400/3728/3464
f 3402/3730/3466 3404/3732/3468 3403/3731/3467 3401/3729/3465
f 3365/3694/3435 3405/3733/3469 3042/3734/3470 3392/3695/3436
f 3405/3733/3469 3365/3694/3435 3394/3672/3417 3044/3735/3471
f 3393/3673/3418 3406/3736/3472 3044/3735/3471 3394/3672/3417
f 3396/3737/3460 3407/3738/3473 3406/3736/3472 3393/3673/3418
f 3400/3739/3464 3047/3740/3474 3407/3738/3473 3396/3737/3460
f 3403/3741/3467 3408/3742/3475 3047/3740/3474 3400/3739/3464
f 3409/3743/3476 3408/3742/3475 3403/3741/3467 3404/3744/3468
f 3410/3745/3477 3385/3711/3450 3379/3708/3448 3374/3702/3442
f 3377/3707/3447 3327/3646/3392 3330/3645/3391 3411/3746/3478
f 3412/3747/3479 3410/3745/3477 3374/3702/3442 3373/3701/3441
f 3373/3701/3441 3377/3707/3447 3411/3746/3478 3412/3747/3479
f 3415/3748/3480 3416/3749/3481 3413/3750/3482 3414/3751/3483
f 3433/3752/3484 3417/3753/3485 3418/3754/3486 3421/3755/3487
f 3427/3756/3488 3422/3757/3489 3420/3758/3490 3421/3759/3487
f 3423/3760/3491 3434/3761/3492 3435/3762/3493 3425/3763/3494
f 3425/3763/3494 3435/3762/3493 3424/3764/3495 3442/3765/3496
f 3426/3766/3497 3427/3767/3488 3421/3755/3487 3418/3754/3486
f 3422/3757/3489 3427/3756/3488 3428/3768/3498 3429/3769/3499
f 3431/3770/3500 3430/3771/3501 3417/3753/3485 3433/3752/3484
f 3433/3772/3484 3421/3759/3487 3420/3758/3490 3432/3773/3502
f 3425/3774/3494 3419/3775/3503 3438/3776/3504 3423/3777/3491
f 3425/3774/3494 3442/3778/3496 3441/3779/3505 3419/3775/3503
f 3358/3656/3402 3432/3773/3502 3420/3758/3490 3338/3657/3403
f 3420/3758/3490 3422/3757/3489 3350/3674/3419 3338/3657/3403
f 3357/3681/3425 3436/3780/3506 3432/3773/3502 3358/3656/3402
f 3363/3689/3432 3366/3688/3431 3435/3762/3493 3434/3761/3492
f 3435/3762/3493 3366/3688/3431 3392/3695/3436 3424/3764/3495
f 3410/3745/3477 3412/3747/3479 3426/3766/3497 3418/3754/3486
f 3391/3722/3458 3381/3721/3457 3419/3775/3503 3441/3779/3505
f 3419/3775/3503 3381/3721/3457 3390/3720/3456 3438/3776/3504
f 3412/3747/3479 3411/3746/3478 3437/3781/3507 3426/3766/3497
f 3417/3753/3485 3385/3711/3450 3410/3745/3477 3418/3754/3486
f 3423/3777/3491 3438/3776/3504 3430/3771/3501 3431/3770/3500
f 3431/3782/3500 3433/3772/3484 3432/3773/3502 3436/3780/3506
f 3436/3780/3506 3357/3681/3425 3363/3689/3432 3434/3761/3492
f 3385/3711/3450 3417/3753/3485 3430/3771/3501 3384/3712/3451
f 3428/3783/3498 3427/3767/3488 3426/3766/3497 3437/3781/3507
f 3429/3769/3499 3428/3768/3498 3413/3784/3482 3439/3785/3508
f 3429/3769/3499 3386/3714/3453 3350/3674/3419 3422/3757/3489
f 3411/3746/3478 3330/3645/3391 3414/3751/3483 3437/3781/3507
f 3428/3783/3498 3437/3781/3507 3414/3751/3483 3413/3750/3482
f 3439/3785/3508 3332/3651/3397 3386/3714/3453 3429/3769/3499
f 3332/3651/3397 3439/3785/3508 3440/3786/3509 3333/3648/3394
f 3415/3748/3480 3414/3751/3483 3330/3645/3391 3329/3644/3390
f 3436/3780/3506 3434/3761/3492 3423/3760/3491 3431/3782/3500
f 3390/3720/3456 3384/3712/3451 3430/3771/3501 3438/3776/3504
f 3442/3778/3496 3444/3787/3510 3443/3788/3511 3441/3779/3505
f 3398/3726/3462 3391/3722/3458 3441/3779/3505 3443/3788/3511
f 3444/3787/3510 3446/3789/3512 3445/3790/3513 3443/3788/3511
f 3445/3790/3513 3402/3730/3466 3398/3726/3462 3443/3788/3511
f 3445/3790/3513 3446/3789/3512 3404/3732/3468 3402/3730/3466
f 3042/3734/3470 3447/3791/3514 3424/3764/3495 3392/3695/3436
f 3447/3791/3514 3050/3792/3515 3442/3765/3496 3424/3764/3495
f 3050/3792/3515 3109/3793/3516 3444/3794/3510 3442/3765/3496
f 3109/3793/3516 3051/3795/3517 3446/3796/3512 3444/3794/3510
f 3051/3795/3517 3409/3743/3476 3404/3744/3468 3446/3796/3512
f 3451/3797/3518 3448/3798/3519 3449/3799/3520 3450/3800/3521
f 3454/3801/3522 3455/3802/3523 3452/3803/3524 3453/3804/3525
f 3470/3805/3526 3456/3806/3527 3468/3807/3528 3469/3808/3529
f 3458/3809/3530 3464/3810/3531 3457/3811/3532 3452/3812/3524
f 3499/3813/3533 3461/3814/3534 3456/3815/3527 3460/3816/3535
f 3462/3817/3536 3453/3804/3525 3452/3803/3524 3457/3818/3532
f 3464/3810/3531 3465/3819/3537 3463/3820/3538 3457/3811/3532
f 3454/3801/3522 3466/3821/3539 3467/3822/3540 3455/3802/3523
f 3452/3812/3524 3455/3823/3523 3480/3824/3541 3458/3809/3530
f 3471/3825/3542 3460/3826/3535 3456/3806/3527 3470/3805/3526
f 3458/3809/3530 3480/3824/3541 3479/3827/3543 3472/3828/3544
f 3461/3814/3534 3481/3829/3545 3473/3830/3546 3459/3831/3547
f 3474/3832/3548 3475/3833/3549 3451/3834/3518 3450/3835/3521
f 3464/3810/3531 3458/3809/3530 3472/3828/3544 3476/3836/3550
f 3480/3824/3541 3477/3837/3551 3478/3838/3552 3479/3827/3543
f 3500/3839/3553 3481/3829/3545 3461/3814/3534 3499/3813/3533
f 3482/3840/3554 3483/3841/3555 3453/3804/3525 3462/3817/3536
f 3484/3842/3556 3471/3825/3542 3470/3805/3526 3489/3843/3557
f 3482/3840/3554 3462/3817/3536 3485/3844/3558 3486/3845/3559
f 3483/3841/3555 3487/3846/3560 3454/3801/3522 3453/3804/3525
f 3456/3815/3527 3461/3814/3534 3459/3831/3547 3468/3847/3528
f 3470/3805/3526 3469/3808/3529 3488/3848/3561 3489/3843/3557
f 3466/3821/3539 3469/3808/3529 3468/3807/3528 3467/3822/3540
f 3480/3824/3541 3455/3823/3523 3467/3849/3540 3477/3837/3551
f 3473/3830/3546 3478/3838/3552 3477/3837/3551 3459/3831/3547
f 3487/3846/3560 3490/3850/3562 3466/3821/3539 3454/3801/3522
f 3485/3844/3558 3462/3817/3536 3457/3818/3532 3463/3851/3538
f 3465/3819/3537 3474/3832/3548 3450/3835/3521 3463/3820/3538
f 3465/3819/3537 3464/3810/3531 3476/3836/3550 3491/3852/3563
f 3449/3799/3520 3492/3853/3564 3486/3845/3559 3485/3844/3558
f 3449/3799/3520 3485/3844/3558 3463/3851/3538 3450/3800/3521
f 3474/3832/3548 3465/3819/3537 3491/3852/3563 3493/3854/3565
f 3492/3853/3564 3449/3799/3520 3448/3798/3519 3496/3855/3566
f 3468/3847/3528 3459/3831/3547 3477/3837/3551 3467/3849/3540
f 3488/3848/3561 3469/3808/3529 3466/3821/3539 3490/3850/3562
f 3471/3825/3542 3497/3856/3567 3498/3857/3568 3460/3826/3535
f 3471/3825/3542 3484/3842/3556 3501/3858/3569 3497/3856/3567
f 3498/3857/3568 3497/3856/3567 3502/3859/3570 3503/3860/3571
f 3497/3856/3567 3501/3858/3569 3504/3861/3572 3502/3859/3570
f 3503/3860/3571 3502/3859/3570 3505/3862/3573 3506/3863/3574
f 3504/3861/3572 3507/3864/3575 3505/3862/3573 3502/3859/3570
f 3505/3862/3573 3507/3864/3575 3508/3865/3576 3506/3863/3574
f 3499/3813/3533 3057/3866/3577 3056/3867/3578 3500/3839/3553
f 3460/3816/3535 3509/3868/3579 3057/3866/3577 3499/3813/3533
f 3498/3869/3568 3510/3870/3580 3509/3868/3579 3460/3816/3535
f 3503/3871/3571 3511/3872/3581 3510/3870/3580 3498/3869/3568
f 3506/3873/3574 3060/3874/3582 3511/3872/3581 3503/3871/3571
f 3508/3875/3576 3512/3876/3583 3060/3874/3582 3506/3873/3574
f 3514/3877/3584 3492/3853/3564 3496/3855/3566 3513/3878/3585
f 3517/3879/3586 3493/3854/3565 3515/3880/3587 3516/3881/3588
f 3520/3882/3589 3521/3883/3590 3518/3884/3591 3519/3885/3592
f 3479/3827/3543 3522/3886/3593 3523/3887/3594 3472/3828/3544
f 3530/3888/3595 3542/3889/3596 3524/3890/3597 3525/3891/3598
f 3526/3892/3599 3473/3830/3546 3481/3829/3545 3544/3893/3600
f 3527/3894/3601 3558/3895/3602 3528/3896/3603 3533/3897/3604
f 3535/3898/3605 3531/3899/3606 3529/3900/3607 3530/3901/3595
f 3533/3902/3604 3546/3903/3608 3532/3904/3609 3564/3905/3610
f 3559/3906/3611 3476/3836/3550 3472/3828/3544 3523/3887/3594
f 3534/3907/3612 3535/3908/3605 3530/3888/3595 3525/3891/3598
f 3531/3899/3606 3535/3898/3605 3536/3909/3613 3537/3910/3614
f 3479/3827/3543 3478/3838/3552 3538/3911/3615 3522/3886/3593
f 3524/3890/3597 3542/3889/3596 3539/3912/3616 3540/3913/3617
f 3529/3900/3607 3541/3914/3618 3542/3915/3596 3530/3901/3595
f 3500/3839/3553 3562/3916/3619 3544/3893/3600 3481/3829/3545
f 3533/3897/3604 3564/3917/3610 3545/3918/3620 3527/3894/3601
f 3522/3886/3593 3541/3914/3618 3529/3900/3607 3523/3887/3594
f 3544/3893/3600 3546/3903/3608 3543/3919/3621 3526/3892/3599
f 3547/3920/3622 3516/3881/3588 3515/3880/3587 3548/3921/3623
f 3523/3887/3594 3529/3900/3607 3531/3899/3606 3559/3906/3611
f 3522/3886/3593 3538/3911/3615 3549/3922/3624 3541/3914/3618
f 3562/3916/3619 3532/3904/3609 3546/3903/3608 3544/3893/3600
f 3551/3923/3625 3550/3924/3626 3534/3907/3612 3525/3891/3598
f 3552/3925/3627 3553/3926/3628 3527/3894/3601 3545/3918/3620
f 3556/3927/3629 3534/3907/3612 3550/3924/3626 3555/3928/3630
f 3525/3891/3598 3524/3890/3597 3557/3929/3631 3551/3923/3625
f 3533/3902/3604 3528/3930/3603 3543/3919/3621 3546/3903/3608
f 3558/3895/3602 3527/3894/3601 3553/3926/3628 3554/3931/3632
f 3554/3931/3632 3553/3926/3628 3489/3843/3557 3488/3848/3561
f 3526/3892/3599 3538/3911/3615 3478/3838/3552 3473/3830/3546
f 3540/3913/3617 3539/3912/3616 3528/3896/3603 3558/3895/3602
f 3539/3932/3616 3542/3915/3596 3541/3914/3618 3549/3922/3624
f 3543/3919/3621 3549/3922/3624 3538/3911/3615 3526/3892/3599
f 3524/3890/3597 3540/3913/3617 3560/3933/3633 3557/3929/3631
f 3560/3933/3633 3490/3850/3562 3487/3846/3560 3557/3929/3631
f 3559/3906/3611 3561/3934/3634 3491/3852/3563 3476/3836/3550
f 3534/3907/3612 3556/3927/3629 3536/3935/3613 3535/3908/3605
f 3537/3910/3614 3536/3909/3613 3521/3936/3590 3548/3921/3623
f 3537/3910/3614 3561/3934/3634 3559/3906/3611 3531/3899/3606
f 3555/3928/3630 3514/3877/3584 3518/3884/3591 3556/3927/3629
f 3561/3934/3634 3515/3880/3587 3493/3854/3565 3491/3852/3563
f 3521/3883/3590 3536/3935/3613 3556/3927/3629 3518/3884/3591
f 3561/3934/3634 3537/3910/3614 3548/3921/3623 3515/3880/3587
f 3521/3936/3590 3520/3937/3589 3547/3920/3622 3548/3921/3623
f 3513/3878/3585 3519/3885/3592 3518/3884/3591 3514/3877/3584
f 3543/3919/3621 3528/3930/3603 3539/3932/3616 3549/3922/3624
f 3540/3913/3617 3558/3895/3602 3554/3931/3632 3560/3933/3633
f 3488/3848/3561 3490/3850/3562 3560/3933/3633 3554/3931/3632
f 3487/3846/3560 3483/3841/3555 3551/3923/3625 3557/3929/3631
f 3553/3926/3628 3552/3925/3627 3484/3842/3556 3489/3843/3557
f 3555/3928/3630 3486/3845/3559 3492/3853/3564 3514/3877/3584
f 3483/3841/3555 3482/3840/3554 3550/3924/3626 3551/3923/3625
f 3482/3840/3554 3486/3845/3559 3555/3928/3630 3550/3924/3626
f 3566/3938/3635 3563/3939/3636 3545/3918/3620 3564/3917/3610
f 3545/3918/3620 3563/3939/3636 3565/3940/3637 3552/3925/3627
f 3552/3925/3627 3565/3940/3637 3501/3858/3569 3484/3842/3556
f 3566/3938/3635 3568/3941/3638 3567/3942/3639 3563/3939/3636
f 3563/3939/3636 3567/3942/3639 3569/3943/3640 3565/3940/3637
f 3504/3861/3572 3501/3858/3569 3565/3940/3637 3569/3943/3640
f 3568/3941/3638 3571/3944/3641 3570/3945/3642 3567/3942/3639
f 3570/3945/3642 3572/3946/3643 3569/3943/3640 3567/3942/3639
f 3572/3946/3643 3507/3864/3575 3504/3861/3572 3569/3943/3640
f 3573/3947/3644 3572/3946/3643 3570/3945/3642 3571/3944/3641
f 3507/3864/3575 3572/3946/3643 3573/3947/3644 3508/3865/3576
f 3562/3916/3619 3500/3839/3553 3056/3867/3578 3065/3948/3645
f 3065/3948/3645 3020/3949/3646 3532/3904/3609 3562/3916/3619
f 3020/3949/3646 3069/3950/3647 3564/3905/3610 3532/3904/3609
f 3069/3950/3647 3070/3951/3648 3566/3952/3635 3564/3905/3610
f 3070/3951/3648 3111/3953/3649 3568/3954/3638 3566/3952/3635
f 3111/3953/3649 3108/3955/3650 3571/3956/3641 3568/3954/3638
f 3108/3955/3650 3061/3957/3651 3573/3958/3644 3571/3956/3641
f 3508/3875/3576 3573/3958/3644 3061/3957/3651 3512/3876/3583
f 3587/3959/3652 3576/3960/3653 3578/3961/3654 3586/3962/3655
f 3582/3963/3656 3575/3964/3657 3594/3965/3658 3583/3966/3659
f 3616/3967/3660 3580/3968/3661 3576/3969/3653 3579/3970/3662
f 3581/3971/3663 3574/3972/3664 3575/3973/3657 3582/3974/3656
f 3574/3972/3664 3584/3975/3665 3585/3976/3666 3575/3973/3657
f 3585/3977/3666 3578/3978/3654 3577/3979/3667 3595/3980/3668
f 3588/3981/3669 3579/3970/3662 3576/3969/3653 3587/3982/3652
f 3589/3983/3670 3577/3979/3667 3580/3968/3661 3596/3984/3671
f 3591/3985/3672 3494/3986/3673 3495/3987/3674 3590/3988/3675
f 3593/3989/3676 3592/3990/3677 3583/3966/3659 3594/3965/3658
f 3594/3965/3658 3595/3980/3668 3602/3991/3678 3593/3989/3676
f 3580/3968/3661 3616/3967/3660 3075/3992/3679 3596/3984/3671
f 3581/3971/3663 3600/3993/3680 3597/3994/3681 3574/3972/3664
f 3598/3995/3682 3588/3996/3669 3587/3959/3652 3601/3997/3683
f 3584/3975/3665 3603/3998/3684 3599/3999/3685 3586/3962/3655
f 3576/3969/3653 3580/3968/3661 3577/3979/3667 3578/3978/3654
f 3599/3999/3685 3601/3997/3683 3587/3959/3652 3586/3962/3655
f 3575/3964/3657 3585/3977/3666 3595/3980/3668 3594/3965/3658
f 3584/3975/3665 3574/3972/3664 3597/3994/3681 3603/3998/3684
f 3583/3966/3659 3605/4000/3686 3604/4001/3687 3582/3963/3656
f 3606/4002/3688 3607/4003/3689 3600/3993/3680 3581/3971/3663
f 3581/3971/3663 3582/3974/3656 3604/4004/3687 3606/4002/3688
f 3605/4000/3686 3583/3966/3659 3592/3990/3677 3608/4005/3690
f 3610/4006/3691 3611/4007/3692 4052/4008/3693 3609/4009/3694
f 3612/4010/3695 3613/4011/3696 3607/4003/3689 3606/4002/3688
f 3578/3961/3654 3585/3976/3666 3584/3975/3665 3586/3962/3655
f 3589/3983/3670 3602/3991/3678 3595/3980/3668 3577/3979/3667
f 3588/3981/3669 3614/4012/3697 3615/4013/3698 3579/3970/3662
f 3598/3995/3682 3617/4014/3699 3614/4015/3697 3588/3996/3669
f 3615/4013/3698 3614/4012/3697 3618/4016/3700 3619/4017/3701
f 3614/4015/3697 3617/4014/3699 3620/4018/3702 3618/4019/3700
f 3619/4017/3701 3618/4016/3700 3621/4020/3703 3622/4021/3704
f 3620/4018/3702 3623/4022/3705 3621/4023/3703 3618/4019/3700
f 3621/4020/3703 3623/4024/3705 3624/4025/3706 3622/4021/3704
f 3626/4026/3707 3607/4003/3689 3613/4011/3696 3625/4027/3708
f 3629/4028/3709 3608/4005/3690 3627/4029/3710 3628/4030/3711
f 3632/4031/3712 3633/4032/3713 3630/4033/3714 3631/4034/3715
f 3636/4035/3716 3589/3983/3670 3596/3984/3671 3649/4036/3717
f 3639/4037/3718 3643/4038/3719 3637/4039/3720 3638/4040/3721
f 3640/4041/3722 3641/4042/3723 3644/4043/3724 3645/4044/3725
f 3643/4038/3719 3651/4045/3726 4053/4046/3727 3085/4047/3728
f 3634/4048/3729 3662/4049/3730 3592/3990/3677 3593/3989/3676
f 3641/4042/3723 3635/4050/3731 3658/4051/3732 3644/4043/3724
f 3663/4052/3733 3634/4048/3729 3593/3989/3676 3602/3991/3678
f 3635/4050/3731 3641/4042/3723 3646/4053/3734 3660/4054/3735
f 3639/4037/3718 3646/4053/3734 3647/4055/3736 3642/4056/3737
f 3075/3992/3679 3648/4057/3738 3649/4036/3717 3596/3984/3671
f 3643/4038/3719 3085/4047/3728 3650/4058/3739 3637/4039/3720
f 3651/4045/3726 3642/4056/3737 3636/4035/3716 3649/4036/3717
f 3628/4030/3711 3652/4059/3740 3653/4060/3741 3803/4061/3742
f 3640/4041/3722 3645/4044/3725 3662/4049/3730 3634/4048/3729
f 3640/4041/3722 3634/4048/3729 3663/4052/3733 3647/4055/3736
f 3648/4057/3738 4053/4046/3727 3651/4045/3726 3649/4036/3717
f 3635/4062/3731 3659/4063/3743 3654/4064/3744 3658/4065/3732
f 3655/4066/3745 3656/4067/3746 3637/4068/3720 3650/4069/3739
f 3660/4070/3735 3638/4071/3721 3657/4072/3747 3661/4073/3748
f 3642/4056/3737 3651/4045/3726 3643/4038/3719 3639/4037/3718
f 3656/4067/3746 3657/4072/3747 3638/4071/3721 3637/4068/3720
f 3601/3997/3683 3599/3999/3685 3657/4072/3747 3656/4067/3746
f 3646/4053/3734 3641/4042/3723 3640/4041/3722 3647/4055/3736
f 3660/4070/3735 3661/4073/3748 3659/4063/3743 3635/4062/3731
f 3597/3994/3681 3659/4063/3743 3661/4073/3748 3603/3998/3684
f 3630/4033/3714 3664/4074/3749 3645/4044/3725 3644/4043/3724
f 3658/4065/3732 3654/4064/3744 3626/4026/3707 3631/4075/3715
f 3608/4005/3690 3592/3990/3677 3662/4049/3730 3627/4029/3710
f 3631/4034/3715 3630/4033/3714 3644/4043/3724 3658/4051/3732
f 3627/4029/3710 3662/4049/3730 3645/4044/3725 3664/4074/3749
f 3631/4075/3715 3626/4026/3707 3625/4027/3708 3632/4076/3712
f 3636/4035/3716 3663/4052/3733 3602/3991/3678 3589/3983/3670
f 3639/4037/3718 3638/4040/3721 3660/4054/3735 3646/4053/3734
f 3642/4056/3737 3647/4055/3736 3663/4052/3733 3636/4035/3716
f 3600/3993/3680 3654/4064/3744 3659/4063/3743 3597/3994/3681
f 3086/4077/3750 3665/4078/3751 3650/4058/3739 3085/4047/3728
f 3650/4069/3739 3665/4079/3751 3666/4080/3752 3655/4066/3745
f 3655/4066/3745 3666/4080/3752 3617/4014/3699 3598/3995/3682
f 3086/4077/3750 3112/4081/3753 3667/4082/3754 3665/4078/3751
f 3665/4079/3751 3667/4083/3754 3668/4084/3755 3666/4080/3752
f 3620/4018/3702 3617/4014/3699 3666/4080/3752 3668/4084/3755
f 3112/4081/3753 3087/4085/3756 3669/4086/3757 3667/4082/3754
f 3670/4087/3758 3668/4084/3755 3667/4083/3754 3669/4088/3757
f 3620/4018/3702 3668/4084/3755 3670/4087/3758 3623/4022/3705
f 3669/4086/3757 3087/4085/3756 3078/4089/3759 3670/4090/3758
f 3623/4024/3705 3670/4090/3758 3078/4089/3759 3624/4025/3706
f 3657/4072/3747 3599/3999/3685 3603/3998/3684 3661/4073/3748
f 3598/3995/3682 3601/3997/3683 3656/4067/3746 3655/4066/3745
f 3654/4064/3744 3600/3993/3680 3607/4003/3689 3626/4026/3707
f 3211/3493/3266 3206/3492/3264 3671/4091/3760 3672/4092/3761
f 3293/3591/3350 3673/4093/3762 3674/4094/3763 3290/3592/3351
f 3519/3885/3592 3676/4095/3764 3675/4096/3765 3520/3882/3589
f 3612/4010/3695 3590/4097/3675 3675/4096/3765 3676/4095/3764
f 3126/3407/3183 3125/3406/3182 3677/4098/3766 3678/4099/3767
f 3448/3798/3519 3451/3797/3518 3674/4094/3763 3673/4093/3762
f 3671/4100/3760 3696/4101/3768 3717/4102/3769 3416/4103/3481
f 3683/4104/3770 4057/4105/3771 3682/4106/3772 3838/4107/3773
f 3685/4108/3774 3679/4109/3775 3683/4104/3770 3684/4110/3776
f 3684/4110/3776 3688/4111/3777 3687/4112/3778 3685/4108/3774
f 3610/4006/3691 3689/4113/3779 4023/4114/3780 3611/4007/3692
f 3692/4115/3781 3834/4116/3782 3690/4117/3783 3691/4118/3784
f 3694/4119/3785 3127/3404/3180 3126/3407/3183 3693/4120/3786
f 3209/3489/3263 3710/4121/3787 3695/4122/3788 3206/3490/3264
f 3996/4123/3789 3520/3937/3589 3675/4124/3765 3977/4125/3790
f 3698/4126/3791 3187/4127/3250 4055/4128/3792 3697/4129/3793
f 3547/3920/3622 3699/4130/3794 3700/4131/3795 3516/3881/3588
f 3691/4118/3784 3690/4117/3783 3701/4132/3796 3702/4133/3797
f 3742/4134/3798 3704/4135/3799 3703/4136/3800 3830/4137/3801
f 3606/4002/3688 3604/4004/3687 3590/4097/3675 3612/4010/3695
f 3704/4135/3799 3494/3986/3673 3705/4138/3802 3703/4136/3800
f 3156/4139/3803 3976/4140/3804 4058/4141/3805 3837/4142/3806
f 3333/3648/3394 3440/3786/3509 3707/4143/3807 3708/4144/3808
f 3494/3986/3673 3591/3985/3672 3629/4028/3709 3705/4138/3802
f 3674/4145/3763 3709/4146/3809 3723/4147/3810 3290/3628/3351
f 3712/4148/3811 3695/4122/3788 3710/4121/3787 3711/4149/3812
f 3713/4150/3813 4055/4151/3792 3187/3476/3250 3186/3475/3249
f 3994/4152/3814 3517/3879/3586 3516/3881/3588 3700/4131/3795
f 3714/4153/3815 3715/4154/3816 3716/4155/3817 4017/4156/3818
f 3717/4102/3769 3696/4101/3768 3695/4122/3788 3712/4148/3811
f 3628/4030/3711 3803/4061/3742 3705/4138/3802 3629/4028/3709
f 3751/4157/3819 3336/3719/3400 3369/3698/3438 3718/4158/3820
f 3157/4159/3821 3113/3411/3187 3728/4160/3822 3726/4161/3823
f 3708/4144/3808 3734/4162/3824 3334/3649/3395 3333/3648/3394
f 3720/4163/3825 3721/4164/3826 3130/3413/3189 3129/3412/3188
f 3369/3698/3438 3334/3649/3395 3734/4162/3824 3718/4158/3820
f 3712/4148/3811 3722/4165/3827 3707/4143/3807 3717/4102/3769
f 3696/4101/3768 3671/4100/3760 3206/3490/3264 3695/4122/3788
f 3723/4147/3810 3724/4166/3828 3318/3629/3378 3290/3628/3351
f 3722/4165/3827 3725/4167/3829 3708/4144/3808 3707/4143/3807
f 4059/4168/3830 3899/4169/3831 3900/4170/3832 3973/4171/3833
f 3730/4172/3834 3731/4173/3835 3729/4174/3836 4069/4175/3837
f 3732/4176/3838 3653/4060/3741 3652/4059/3740 3633/4032/3713
f 3725/4167/3829 3733/4177/3839 3734/4162/3824 3708/4144/3808
f 3113/3411/3187 3157/4159/3821 4068/4178/3840 3727/3408/3184
f 3738/4179/3841 3739/4180/3842 3736/3410/3186 3737/4181/3843
f 3136/3425/3201 3135/3424/3200 3740/4182/3844 3741/4183/3845
f 3745/4184/3846 3742/4134/3798 3743/4185/3847 3744/4186/3848
f 3748/4187/3849 3743/4185/3847 3746/4188/3850 3747/4189/3851
f 3733/4177/3839 3749/4190/3852 3718/4158/3820 3734/4162/3824
f 3751/4157/3819 3718/4158/3820 3749/4190/3852 3750/4191/3853
f 3878/4192/3854 4071/4193/3855 3752/4194/3856 3993/4195/3857
f 3753/3422/3198 3849/4196/3858 3116/3399/3175 3117/3398/3174
f 3755/4197/3859 3756/4198/3860 3672/4092/3761 3415/3748/3480
f 3772/4199/3861 3211/3493/3266 3672/4092/3761 3756/4198/3860
f 3772/4199/3861 3757/4200/3862 3203/3487/3261 3211/3493/3266
f 3329/3644/3390 3802/4201/3863 3755/4197/3859 3415/3748/3480
f 3758/4202/3864 3293/3591/3350 3204/3484/3258 3783/4203/3865
f 3496/3855/3566 3448/3798/3519 3774/4204/3866 3759/4205/3867
f 3758/4202/3864 3773/4206/3868 3673/4093/3762 3293/3591/3350
f 3448/3798/3519 3673/4093/3762 3773/4206/3868 3774/4204/3866
f 3519/3885/3592 3513/3878/3585 3782/4207/3869 3760/4208/3870
f 4063/4209/3871 3761/4210/3872 3954/4211/3873 3953/4212/3874
f 3676/4095/3764 3519/3885/3592 3760/4208/3870 3776/4213/3875
f 3513/3878/3585 3496/3855/3566 3759/4205/3867 3782/4207/3869
f 3757/4200/3862 3783/4203/3865 3204/3484/3258 3203/3487/3261
f 4063/4209/3871 3763/4214/3876 3764/4215/3877 3761/4210/3872
f 3328/3647/3393 3796/4216/3878 3802/4201/3863 3329/3644/3390
f 3953/4212/3874 4062/4217/3879 3762/4218/3880 4063/4209/3871
f 3796/4216/3878 3328/3647/3393 3335/3653/3399 3792/3652/3398
f 3799/4219/3881 3732/4176/3838 3633/4032/3713 3632/4031/3712
f 4062/4217/3879 3180/3468/3242 3869/4220/3882 3762/4218/3880
f 3763/4214/3876 3766/4221/3883 3765/4222/3884 3764/4215/3877
f 3767/3417/3193 3779/4223/3885 3114/3391/3167 3115/3390/3166
f 3800/3474/3248 3181/3473/3247 3770/4224/3886 3771/4225/3887
f 3780/4226/3888 3781/4227/3889 3778/3409/3185 3779/4223/3885
f 3709/4146/3809 3674/4145/3763 3451/3834/3518 3785/4228/3890
f 3788/4229/3891 3786/4230/3892 3787/4231/3893 3693/4120/3786
f 3791/4232/3894 3792/3652/3398 3789/4233/3895 3790/4234/3896
f 3792/3652/3398 3791/4232/3894 3795/4235/3897 3796/4216/3878
f 3798/4236/3898 3122/3392/3168 4072/3395/3171 3797/4237/3899
f 3796/4216/3878 3795/4235/3897 3801/4238/3900 3802/4201/3863
f 3591/3985/3672 3605/4000/3686 3608/4005/3690 3629/4028/3709
f 3733/4177/3839 3725/4167/3829 3804/4239/3901 3805/4240/3902
f 3767/3417/3193 3769/3416/3192 3806/4241/3903 3807/4242/3904
f 3113/3411/3187 3736/3410/3186 3739/4180/3842 3728/4160/3822
f 3809/4243/3905 3810/4244/3906 3808/4245/3907 3161/3446/3222
f 4006/4246/3908 4036/4247/3909 3811/4248/3910 3812/4249/3911
f 3815/4250/3912 3337/4251/3401 3813/4252/3913 3814/4253/3914
f 3791/4232/3894 3816/4254/3915 3817/4255/3916 3795/4235/3897
f 3820/3436/3212 3818/4256/3917 3819/4257/3918 3147/3433/3209
f 3823/4258/3919 3821/4259/3920 3818/4260/3917 3820/4261/3212
f 3822/4262/3921 3694/4119/3785 3693/4120/3786 3787/4231/3893
f 3834/4116/3782 3692/4115/3781 3609/4009/3694 4052/4008/3693
f 3701/4132/3796 3825/4263/3922 3824/4264/3923 3702/4133/3797
f 3827/4265/3924 3826/4266/3925 3742/4134/3798 3745/4184/3846
f 3771/4225/3887 3790/4234/3896 3789/4233/3895 3800/3474/3248
f 3736/3410/3186 3778/3409/3185 3781/4227/3889 3737/4181/3843
f 3728/4160/3822 3739/4180/3842 3828/4267/3926 3829/4268/3927
f 3832/4269/3928 3838/4107/3773 3682/4106/3772 3831/4270/3929
f 3834/4116/3782 3711/4149/3812 3833/4271/3930 4019/4272/3931
f 3835/4273/3932 4024/4274/3933 4023/4114/3780 3689/4113/3779
f 3836/4275/3934 3823/4258/3919 3820/4261/3212 3146/4276/3211
f 3151/3438/3214 3152/3443/3219 3155/3442/3218 3148/3439/3215
f 3899/4169/3831 3939/4277/3935 4061/4278/3936 3916/4279/3937
f 3841/4280/3938 3842/4281/3939 3839/4282/3940 3840/4283/3941
f 3416/3749/3481 3415/3748/3480 3672/4092/3761 3671/4091/3760
f 3843/4284/3942 4064/4285/3943 3761/4210/3872 3764/4215/3877
f 3816/4254/3915 3845/4286/3944 3846/4287/3945 3817/4255/3916
f 3847/4288/3946 3848/4289/3947 3142/3431/3207 3141/3430/3206
f 3857/4290/3948 3680/4291/3949 3694/4119/3785 3822/4262/3921
f 3794/4292/3950 3799/4293/3881 3632/4076/3712 3625/4027/3708
f 3201/3483/3257 3124/2896/2732 2599/2895/2731 3697/4129/3793
f 3166/3453/3229 3198/2966/2796 3199/2969/2799 3162/3452/3228
f 3198/2966/2796 3166/3453/3229 3165/3456/3230 3197/2967/2797
f 3172/3462/3236 4041/2970/2800 3119/2893/2729 3170/3460/3234
f 3697/4129/3793 2599/2895/2731 2636/2968/2798 3698/4126/3791
f 3698/4126/3791 2636/2968/2798 3193/2965/2795 3192/3481/3255
f 3192/3481/3255 3188/4294/3251 3187/4127/3250 3698/4126/3791
f 3188/4294/3251 3192/3481/3255 3195/3482/3256 3850/4295/3951
f 4056/4296/3952 3201/3483/3257 3697/4129/3793 4055/4128/3792
f 3731/4297/3835 3191/3479/3253 3190/3480/3254 3729/4298/3836
f 3851/4299/3953 3852/4300/3954 3847/4301/3946 3853/4302/3955
f 3819/4257/3918 3854/4303/3956 3150/3437/3213 3147/3433/3209
f 3190/3480/3254 2631/2958/2788 3184/2946/2776 3855/4304/3957
f 3156/4139/3803 3837/4142/3806 3775/4305/3958 3719/4306/3959
f 3185/2945/2775 3858/4307/3960 3855/4304/3957 3184/2946/2776
f 3185/2945/2775 3200/2971/2801 3859/4308/3961 3858/4307/3960
f 3859/4309/3961 3200/2973/2801 4040/2972/2802 3177/4310/3962
f 3156/4311/3803 3719/4312/3959 3858/4307/3960 3859/4308/3961
f 3854/4303/3956 3861/4313/3963 3151/3438/3214 3150/3437/3213
f 3170/3460/3234 3119/2893/2729 3118/2892/2728 3168/3458/3232
f 3863/4314/3964 3151/3438/3214 3861/4313/3963 3862/4315/3965
f 3793/4316/3966 3794/4292/3950 3625/4027/3708 3613/4011/3696
f 3868/4317/3967 3865/4318/3968 3866/4319/3969 3867/4320/3970
f 3870/4321/3971 3871/4322/3972 3869/4220/3882 3180/3468/3242
f 3710/4121/3787 3209/3489/3263 3872/4323/3973 3844/4324/3974
f 3151/3438/3214 3863/4314/3964 3874/4325/3975 3152/3443/3219
f 3706/3420/3196 4074/4326/3976 3876/4327/3977 3120/3401/3177
f 3878/4192/3854 3879/4328/3978 3877/4329/3979 4071/4193/3855
f 3874/4325/3975 3880/4330/3980 3153/3444/3220 3152/3443/3219
f 3174/3463/3237 3153/3444/3220 3880/4330/3980 3881/4331/3981
f 3763/4214/3876 4063/4209/3871 3762/4218/3880 3869/4220/3882
f 3883/4332/3982 3174/3463/3237 3881/4331/3981 3882/4333/3983
f 3180/3468/3242 4062/4217/3879 4061/4278/3936 3884/3469/3243
f 3847/4288/3946 3852/4334/3954 3885/4335/3984 3848/4289/3947
f 3175/3466/3240 3174/3463/3237 3883/4332/3982 3886/4336/3985
f 3887/4337/3986 3848/4289/3947 3885/4335/3984 3738/4179/3841
f 3764/4215/3877 3765/4222/3884 3888/4338/3987 3843/4284/3942
f 3889/4339/3988 3905/4340/3989 3974/4341/3990 3865/4342/3968
f 3866/4319/3969 3865/4318/3968 3974/4343/3990 3894/4344/3991
f 3891/4345/3992 3898/4346/3993 3900/4347/3832 3892/4348/3994
f 3901/4349/3995 3897/4350/3996 3975/4351/3997 3898/4346/3993
f 3901/4349/3995 3898/4346/3993 3891/4345/3992 3890/4352/3998
f 3892/4353/3994 3900/4170/3832 3899/4169/3831 3893/4354/3999
f 3896/4355/4000 3891/4345/3992 3892/4348/3994 3895/4356/4001
f 3903/4357/4002 3904/4358/4003 3155/3442/3218 3154/3441/3217
f 3906/4359/4004 4060/4360/4005 4059/4168/3830 3905/4340/3989
f 3907/4361/4006 3903/4357/4002 3154/3441/3217 3173/3464/3238
f 3173/3464/3238 3176/3465/3239 3908/4362/4007 3907/4361/4006
f 3910/4363/4008 3908/4362/4007 3176/3465/3239 3909/4364/4009
f 3911/4365/4010 3910/4363/4008 3909/4364/4009 3812/4249/3911
f 3912/4366/4011 3911/4365/4010 3812/4249/3911 3811/4248/3910
f 3870/4321/3971 3912/4366/4011 3811/4248/3910 3846/4287/3945
f 3870/4321/3971 3846/4287/3945 3845/4286/3944 3871/4322/3972
f 3770/4224/3886 3766/4221/3883 3871/4322/3972 3845/4286/3944
f 3891/4345/3992 3896/4355/4000 3919/4367/4012 3890/4352/3998
f 3902/4368/4013 3895/4369/4001 3892/4353/3994 3893/4354/3999
f 3181/3473/3247 3765/4222/3884 3766/4221/3883 3770/4224/3886
f 3183/3472/3246 3888/4338/3987 3765/4222/3884 3181/3473/3247
f 3914/4370/4014 3915/4371/4015 3888/4372/3987 3183/4373/3246
f 3835/4273/3932 3688/4111/3777 3915/4371/4015 3914/4370/4014
f 3689/4113/3779 3687/4112/3778 3688/4111/3777 3835/4273/3932
f 3610/4006/3691 3917/4374/4016 3687/4112/3778 3689/4113/3779
f 3902/4368/4013 3893/4354/3999 3913/4375/4017 3918/4376/4018
f 3893/4354/3999 3899/4169/3831 3916/4279/3937 3913/4375/4017
f 3939/4277/3935 3899/4169/3831 4059/4168/3830 4060/4360/4005
f 3902/4368/4013 3921/4377/4019 3920/4378/4020 3895/4369/4001
f 3609/4009/3694 3128/3405/3181 3917/4374/4016 3610/4006/3691
f 3692/4115/3781 3125/3406/3182 3128/3405/3181 3609/4009/3694
f 3902/4368/4013 3918/4376/4018 3922/4379/4021 3921/4377/4019
f 3921/4377/4019 3923/4380/4022 3924/4381/4023 3920/4378/4020
f 3691/4118/3784 3677/4098/3766 3125/3406/3182 3692/4115/3781
f 3922/4379/4021 3925/4382/4024 3923/4380/4022 3921/4377/4019
f 3924/4381/4023 3923/4380/4022 3926/4383/4025 3927/4384/4026
f 3702/4133/3797 3131/3414/3190 3677/4098/3766 3691/4118/3784
f 3925/4382/4024 3928/4385/4027 3926/4383/4025 3923/4380/4022
f 3132/3415/3191 3131/3414/3190 3702/4133/3797 3824/4264/3923
f 3929/4386/4028 3134/3418/3194 3132/3415/3191 3824/4264/3923
f 3926/4383/4025 3928/4385/4027 3930/4387/4029 3927/4384/4026
f 3092/4388/4030 3919/4367/4012 3896/4355/4000 3931/4389/4031
f 3134/3418/3194 3929/4386/4028 3827/4265/3924 3137/3426/3202
f 3895/4356/4001 3932/4390/4032 3931/4389/4031 3896/4355/4000
f 3920/4391/4020 3933/4392/4033 3932/4390/4032 3895/4356/4001
f 3924/4393/4023 3934/4394/4034 3933/4392/4033 3920/4391/4020
f 3927/4395/4026 3095/4396/4035 3934/4394/4034 3924/4393/4023
f 3137/3426/3202 3827/4265/3924 3745/4184/3846 3138/3423/3199
f 3095/4396/4035 3927/4395/4026 3930/4397/4029 3935/4398/4036
f 3138/3423/3199 3745/4184/3846 3744/4186/3848 3140/3427/3203
f 3140/3427/3203 3744/4186/3848 3836/4275/3934 3143/3432/3208
f 3143/3432/3208 3836/4275/3934 3146/4276/3211 3144/3429/3205
f 3145/3434/3210 3936/4399/4037 3144/4400/3205 3146/3435/3211
f 3937/4401/4038 3938/4402/4039 3149/3440/3216 3148/3439/3215
f 3992/4403/4040 3939/4277/3935 4060/4360/4005 3906/4359/4004
f 3806/4241/3903 3769/3416/3192 3849/4196/3858 3786/4230/3892
f 3787/4231/3893 3786/4230/3892 3849/4196/3858 3753/3422/3198
f 3787/4231/3893 3753/3422/3198 3754/3421/3197 3822/4262/3921
f 3857/4290/3948 3856/3400/3176 3940/3403/3179 3681/4404/4041
f 3940/3403/3179 3860/3402/3178 4057/4105/3771 3681/4404/4041
f 3946/4405/4042 3947/4406/4043 3950/4407/4044 3943/4408/4045
f 3948/4409/4046 3901/4349/3995 3890/4352/3998 3942/4410/4047
f 3946/4411/4042 3943/4412/4045 3944/4413/4048 3954/4211/3873
f 3943/4408/4045 3950/4407/4044 3945/4414/4049 3958/4415/4050
f 3948/4409/4046 3947/4406/4043 3951/4416/4051 3784/4417/4052
f 3942/4410/4047 3950/4407/4044 3947/4406/4043 3948/4409/4046
f 3955/4418/4053 3953/4212/3874 3954/4211/3873 3944/4413/4048
f 3952/4419/4054 3955/4418/4053 3944/4413/4048 3949/4420/4055
f 3919/4367/4012 3956/4421/4056 3942/4410/4047 3890/4352/3998
f 3943/4412/4045 3958/4422/4050 3949/4420/4055 3944/4413/4048
f 3950/4407/4044 3942/4410/4047 3956/4421/4056 3945/4414/4049
f 3918/4376/4018 3913/4375/4017 3955/4418/4053 3952/4419/4054
f 3913/4375/4017 3916/4279/3937 3953/4212/3874 3955/4418/4053
f 3957/4423/4057 3949/4420/4055 3958/4422/4050 3960/4424/4058
f 3957/4423/4057 3959/4425/4059 3952/4419/4054 3949/4420/4055
f 3959/4425/4059 3922/4379/4021 3918/4376/4018 3952/4419/4054
f 3960/4424/4058 3962/4426/4060 3961/4427/4061 3957/4423/4057
f 3961/4427/4061 3963/4428/4062 3959/4425/4059 3957/4423/4057
f 3922/4379/4021 3959/4425/4059 3963/4428/4062 3925/4382/4024
f 3962/4426/4060 3965/4429/4063 3964/4430/4064 3961/4427/4061
f 3964/4430/4064 3966/4431/4065 3963/4428/4062 3961/4427/4061
f 3928/4385/4027 3925/4382/4024 3963/4428/4062 3966/4431/4065
f 3967/4432/4066 3966/4431/4065 3964/4430/4064 3965/4429/4063
f 3967/4432/4066 3930/4387/4029 3928/4385/4027 3966/4431/4065
f 3092/4388/4030 3100/4433/4067 3956/4421/4056 3919/4367/4012
f 3945/4414/4049 3956/4421/4056 3100/4433/4067 4054/4434/4068
f 4054/4434/4068 3104/4435/4069 3958/4415/4050 3945/4414/4049
f 3104/4435/4069 3105/4436/4070 3960/4437/4058 3958/4415/4050
f 3105/4436/4070 3106/4438/4071 3962/4439/4060 3960/4437/4058
f 3106/4438/4071 3107/4440/4072 3965/4441/4063 3962/4439/4060
f 3107/4440/4072 3096/4442/4073 3967/4443/4066 3965/4441/4063
f 3096/4442/4073 3935/4398/4036 3930/4397/4029 3967/4443/4066
f 3941/4444/4074 3968/4445/4075 3831/4270/3929 3682/4106/3772
f 3886/4336/3985 3969/4446/4076 3686/4447/4077 3175/3466/3240
f 3684/4110/3776 3683/4104/3770 3838/4107/3773 3970/4448/4078
f 4057/4105/3771 3683/4104/3770 3679/4109/3775 3681/4404/4041
f 3804/4239/3901 3725/4167/3829 3722/4165/3827 3611/4007/3692
f 3195/3482/3256 3194/2964/2794 2632/2956/2786 3191/3479/3253
f 3971/4449/4079 3831/4270/3929 3968/4445/4075 3972/4450/4080
f 3970/4448/4078 3838/4107/3773 4001/4451/4081 3843/4452/3942
f 3973/4171/3833 3974/4341/3990 3905/4340/3989 4059/4168/3830
f 3973/4453/3833 3975/4351/3997 3894/4344/3991 3974/4343/3990
f 3120/3401/3177 3876/4327/3977 3941/4444/4074 3860/3402/3178
f 3735/4454/4082 3855/4304/3957 3858/4307/3960 3719/4312/3959
f 3121/3454/3170 3166/3453/3229 3162/3452/3228 4016/3451/3227
f 3177/4310/3962 3976/4455/3804 3156/4456/3803 3859/4309/3961
f 3172/3462/3236 3171/3461/3235 3976/4455/3804 3177/4310/3962
f 3743/4185/3847 3748/4187/3849 3821/4259/3920 3823/4258/3919
f 3802/4201/3863 3801/4238/3900 3978/4457/4083 3755/4197/3859
f 3867/4320/3970 3971/4449/4079 3972/4450/4080 3980/4458/4084
f 4036/4247/3909 3817/4255/3916 3846/4287/3945 3811/4248/3910
f 3982/4459/4085 3713/4150/3813 3186/3475/3249 3981/4460/4086
f 3838/4107/3773 3832/4269/3928 3983/4461/4087 4001/4451/4081
f 3777/4462/4088 3793/4316/3966 3613/4011/3696 3612/4010/3695
f 3972/4450/4080 3798/4236/3898 3797/4237/3899 3980/4458/4084
f 3388/3718/3454 3336/3654/3400 3335/3653/3399 3389/3717/3455
f 4069/4463/3837 3729/4464/3836 3735/4465/4082 3864/4466/4089
f 3664/4074/3749 3630/4033/3714 3633/4032/3713 3652/4059/3740
f 3986/4467/4090 3987/4468/4091 3984/4469/4092 3985/4470/4093
f 3988/4471/4094 3756/4198/3860 3755/4197/3859 3978/4457/4083
f 3590/3988/3675 3495/3987/3674 3977/4125/3790 3675/4124/3765
f 3191/3479/3253 3731/4297/3835 3850/4295/3951 3195/3482/3256
f 3209/3489/3263 3208/3488/3262 3262/3557/3321 3872/4323/3973
f 3989/4472/4095 3868/4317/3967 3867/4320/3970 3980/4458/4084
f 3865/4342/3968 3868/4473/3967 3990/4474/4096 3889/4339/3988
f 3866/4319/3969 3991/4475/4097 3971/4449/4079 3867/4320/3970
f 3713/4150/3813 3982/4459/4085 3993/4195/3857 3752/4194/3856
f 3995/4476/4098 3894/4344/3991 3975/4351/3997 3897/4350/3996
f 4072/3395/3171 3121/3394/3170 4016/4477/3227 3873/4478/4099
f 3983/4461/4087 3995/4476/4098 3897/4350/3996 3784/4417/4052
f 3855/4304/3957 3735/4454/4082 3729/4479/3836 3190/3480/3254
f 3898/4346/3993 3975/4351/3997 3973/4453/3833 3900/4347/3832
f 3992/4403/4040 3997/4480/4100 3178/3470/3244 3884/3469/3243
f 4073/4481/4101 3875/4482/4102 3876/4327/3977 4074/4326/3976
f 3947/4406/4043 3946/4405/4042 4064/4483/3943 3951/4416/4051
f 3901/4349/3995 3948/4409/4046 3784/4417/4052 3897/4350/3996
f 4062/4217/3879 3953/4212/3874 3916/4279/3937 4061/4278/3936
f 3761/4210/3872 4064/4285/3943 3946/4411/4042 3954/4211/3873
f 3997/4480/4100 3999/4484/4103 3998/4485/4104 3178/3470/3244
f 3939/4277/3935 3992/4403/4040 3884/3469/3243 4061/4278/3936
f 3988/4471/4094 4000/4486/4105 3772/4199/3861 3756/4198/3860
f 4001/4451/4081 3983/4461/4087 3784/4417/4052 3951/4416/4051
f 3911/4365/4010 3912/4366/4011 3179/3467/3241 4002/4487/4106
f 3180/3468/3242 3179/3467/3241 3912/4366/4011 3870/4321/3971
f 4003/4488/4107 3158/3447/3223 3161/3446/3222 3808/4245/3907
f 4004/4489/4108 4005/4490/4109 3889/4339/3988 3990/4474/4096
f 3951/4416/4051 4064/4483/3943 3843/4452/3942 4001/4451/4081
f 3740/4182/3844 3887/4337/3986 3738/4179/3841 3737/4181/3843
f 4066/3389/3165 4067/3388/3164 4058/4141/3805 3976/4140/3804
f 3937/4401/4038 3904/4358/4003 3159/3448/3224 3158/3447/3223
f 3612/4010/3695 3676/4095/3764 3776/4213/3875 3777/4462/4088
f 3178/3470/3244 3998/4485/4104 4002/4487/4106 3179/3467/3241
f 4005/4490/4109 3906/4359/4004 3905/4340/3989 3889/4339/3988
f 3969/4446/4076 4000/4486/4105 4006/4246/3908 3686/4447/4077
f 3680/4291/3949 3857/4290/3948 3681/4404/4041 3679/4109/3775
f 3968/4445/4075 3875/4482/4102 3798/4236/3898 3972/4450/4080
f 3652/4059/3740 3628/4030/3711 3627/4029/3710 3664/4074/3749
f 3814/4253/3914 4007/4491/4110 3182/4492/3245 3815/4250/3912
f 3832/4269/3928 3991/4475/4097 3995/4476/4098 3983/4461/4087
f 3741/4183/3845 3740/4182/3844 3737/4181/3843 3781/4227/3889
f 4007/4491/4110 3914/4370/4014 3183/4373/3246 3182/4492/3245
f 3991/4475/4097 3866/4319/3969 3894/4344/3991 3995/4476/4098
f 3998/4485/4104 4009/4493/4111 4008/4494/4112 4002/4487/4106
f 3189/4495/4113 3850/4496/3951 3731/4173/3835 3730/4172/3834
f 3739/4180/3842 3738/4179/3841 3885/4335/3984 3828/4267/3926
f 3848/4289/3947 3887/4337/3986 3139/3428/3204 3142/3431/3207
f 3143/3432/3208 3142/3431/3207 3139/3428/3204 3140/3427/3203
f 3823/4258/3919 3836/4275/3934 3744/4186/3848 3743/4185/3847
f 3868/4473/3967 3989/4497/4095 4010/4498/4114 3990/4474/4096
f 3843/4452/3942 3888/4372/3987 3915/4371/4015 3970/4448/4078
f 3682/4106/3772 4057/4105/3771 3860/3402/3178 3941/4444/4074
f 4011/4499/4115 4012/4500/4116 3829/4268/3927 3828/4267/3926
f 3730/4172/3834 4069/4175/3837 4012/4501/4116 4013/4502/4117
f 3715/4154/3816 3714/4153/3815 4050/4503/4118 4014/4504/4119
f 3990/4474/4096 4010/4498/4114 4015/4505/4120 4004/4489/4108
f 3970/4448/4078 3915/4371/4015 3688/4111/3777 3684/4110/3776
f 3757/4200/3862 3772/4199/3861 4000/4486/4105 3969/4446/4076
f 3929/4386/4028 3824/4264/3923 3825/4263/3922 4017/4156/3818
f 3783/4203/3865 3757/4200/3862 3969/4446/4076 3886/4336/3985
f 3758/4202/3864 3783/4203/3865 3886/4336/3985 3883/4332/3982
f 4018/4506/4121 4020/4507/4122 4021/4508/4123 3690/4117/3783
f 3882/4333/3983 3773/4206/3868 3758/4202/3864 3883/4332/3982
f 3774/4204/3866 3773/4206/3868 3882/4333/3983 3881/4331/3981
f 3781/4227/3889 3780/4226/3888 4022/4509/4124 3741/4183/3845
f 3749/4190/3852 4023/4114/3780 4024/4274/3933 3750/4191/3853
f 3978/4457/4083 4006/4246/3908 4000/4486/4105 3988/4471/4094
f 3914/4370/4014 4007/4491/4110 4024/4274/3933 3835/4273/3932
f 4004/4489/4108 4015/4505/4120 4025/4510/4125 3999/4484/4103
f 3752/4194/3856 4056/4511/3952 4055/4151/3792 3713/4150/3813
f 3987/4468/4091 3160/3445/3221 3159/3448/3224 3984/4469/4092
f 4009/4493/4111 3998/4485/4104 3999/4484/4103 4025/4510/4125
f 3847/4301/3946 3141/4512/3206 4026/4513/4126 3853/4302/3955
f 3175/3466/3240 3686/4447/4077 3909/4364/4009 3176/3465/3239
f 3997/4480/4100 3992/4403/4040 3906/4359/4004 4005/4490/4109
f 3999/4484/4103 3997/4480/4100 4005/4490/4109 4004/4489/4108
f 4029/4514/4127 4027/4515/4128 4028/4516/4129 3809/4243/3905
f 3780/4226/3888 3807/4242/3904 3720/4163/3825 4022/4509/4124
f 4030/4517/4130 4025/4510/4125 4015/4505/4120 3879/4328/3978
f 3809/4243/3905 4028/4516/4129 4031/4518/4131 3810/4244/3906
f 3981/4460/4086 3186/3475/3249 4070/3478/3252 4032/4519/4132
f 4033/4520/4133 4011/4521/4115 3852/4300/3954 3851/4299/3953
f 3686/4447/4077 4006/4246/3908 3812/4249/3911 3909/4364/4009
f 3879/4328/3978 3878/4192/3854 4034/4522/4134 4030/4517/4130
f 3993/4195/3857 4035/4523/4135 4034/4522/4134 3878/4192/3854
f 3830/4137/3801 3703/4136/3800 3747/4189/3851 3746/4188/3850
f 3908/4362/4007 3910/4363/4008 4008/4494/4112 3842/4281/3939
f 4006/4246/3908 3978/4457/4083 3801/4238/3900 4036/4247/3909
f 4038/4524/4136 4037/4525/4137 4027/4515/4128 4029/4514/4127
f 3828/4267/3926 3885/4335/3984 3852/4334/3954 4011/4499/4115
f 3982/4459/4085 4037/4525/4137 4035/4523/4135 3993/4195/3857
f 3907/4361/4006 3908/4362/4007 4039/4526/4138 3985/4470/4093
f 3981/4460/4086 4027/4515/4128 4037/4525/4137 3982/4459/4085
f 3903/4357/4002 3907/4361/4006 3985/4470/4093 3984/4469/4092
f 4032/4519/4132 4028/4516/4129 4027/4515/4128 3981/4460/4086
f 3759/4205/3867 3774/4204/3866 3881/4331/3981 3880/4330/3980
f 3189/4495/4113 3730/4172/3834 4013/4502/4117 4042/4527/4139
f 4036/4247/3909 3801/4238/3900 3795/4235/3897 3817/4255/3916
f 3879/4328/3978 4015/4505/4120 4010/4498/4114 3877/4329/3979
f 3778/3409/3185 3727/3408/3184 3114/3391/3167 3779/4223/3885
f 4035/4523/4135 4037/4525/4137 4038/4524/4136 4043/4528/4140
f 4042/4527/4139 4031/4518/4131 4028/4516/4129 4032/4519/4132
f 4011/4521/4115 4033/4520/4133 4013/4502/4117 4012/4501/4116
f 4007/4491/4110 3814/4253/3914 3750/4191/3853 4024/4274/3933
f 4042/4527/4139 4013/4502/4117 4033/4520/4133 4031/4518/4131
f 4066/3389/3165 3976/4140/3804 3171/4529/3235 4065/3397/3173
f 4002/4487/4106 4008/4494/4112 3910/4363/4008 3911/4365/4010
f 3807/4242/3904 3806/4241/3903 3721/4164/3826 3720/4163/3825
f 3904/4358/4003 3903/4357/4002 3984/4469/4092 3159/3448/3224
f 3839/4282/3940 4009/4493/4111 4025/4510/4125 4030/4517/4130
f 3201/3483/3257 4056/4296/3952 3164/3450/3226 3163/3449/3225
f 3904/4358/4003 3937/4401/4038 3148/3439/3215 3155/3442/3218
f 3197/2967/2797 3165/3456/3230 3168/3458/3232 3118/2892/2728
f 4031/4518/4131 4033/4520/4133 3851/4299/3953 3810/4244/3906
f 4070/3478/3252 3188/3477/3251 3850/4496/3951 3189/4495/4113
f 4009/4493/4111 3839/4282/3940 3842/4281/3939 4008/4494/4112
f 3749/4190/3852 3733/4177/3839 3805/4240/3902 4023/4114/3780
f 3751/4157/3819 3750/4191/3853 3814/4253/3914 3813/4252/3913
f 3941/4444/4074 3876/4327/3977 3875/4482/4102 3968/4445/4075
f 4030/4517/4130 4034/4522/4134 3840/4283/3941 3839/4282/3940
f 4043/4528/4140 3840/4283/3941 4034/4522/4134 4035/4523/4135
f 3751/4157/3819 3813/4252/3913 3337/4251/3401 3336/3719/3400
f 3874/4325/3975 3782/4207/3869 3759/4205/3867 3880/4330/3980
f 3724/4166/3828 3723/4147/3810 4044/4530/4141 4021/4508/4123
f 4044/4530/4141 3785/4228/3890 4045/4531/4142 4046/4532/4143
f 3590/3988/3675 3604/4001/3687 3605/4000/3686 3591/3985/3672
f 3717/4102/3769 3707/4143/3807 3440/3786/3509 3416/4103/3481
f 3475/3833/3549 4045/4531/4142 3785/4228/3890 3451/3834/3518
f 3938/4402/4039 3937/4401/4038 3158/3447/3223 4003/4488/4107
f 3844/4324/3974 3872/4323/3973 4047/4533/4144 3979/4534/4145
f 3980/4458/4084 3797/4237/3899 4048/4535/4146 3989/4472/4095
f 3760/4208/3870 3782/4207/3869 3874/4325/3975 3863/4314/3964
f 3936/4399/4037 4026/4513/4126 3141/4512/3206 3144/4400/3205
f 3262/3557/3321 3261/3556/3320 4047/4533/4144 3872/4323/3973
f 3261/3556/3320 3317/3627/3377 3318/3629/3378 4047/4533/4144
f 3760/4208/3870 3863/4314/3964 3862/4315/3965 3776/4213/3875
f 3439/3785/3508 3413/3784/3482 3416/4103/3481 3440/3786/3509
f 3777/4462/4088 3776/4213/3875 3862/4315/3965 3861/4313/3963
f 3793/4316/3966 3777/4462/4088 3861/4313/3963 3854/4303/3956
f 3794/4292/3950 3793/4316/3966 3854/4303/3956 3819/4257/3918
f 3799/4293/3881 3794/4292/3950 3819/4257/3918 3818/4256/3917
f 3821/4259/3920 3732/4176/3838 3799/4219/3881 3818/4260/3917
f 4047/4533/4144 3318/3629/3378 3724/4166/3828 3979/4534/4145
f 3189/4495/4113 4042/4527/4139 4032/4519/4132 4070/3478/3252
f 3732/4176/3838 3821/4259/3920 3748/4187/3849 3653/4060/3741
f 3747/4189/3851 3803/4061/3742 3653/4060/3741 3748/4187/3849
f 4049/4536/4147 3917/4374/4016 3128/3405/3181 3127/3404/3180
f 3611/4007/3692 4023/4114/3780 3805/4240/3902 3804/4239/3901
f 3834/4116/3782 4019/4272/3931 4018/4506/4121 3690/4117/3783
f 3714/4153/3815 4017/4156/3818 3825/4263/3922 4050/4503/4118
f 4045/4531/4142 3475/3833/3549 3517/3879/3586 3994/4152/3814
f 4051/4537/4148 3716/4155/3817 3699/4130/3794 3996/4123/3789
f 3746/4188/3850 3743/4185/3847 3742/4134/3798 3830/4137/3801
f 3807/4242/3904 3780/4226/3888 3779/4223/3885 3767/3417/3193
f 3133/3419/3195 3136/3425/3201 3741/4183/3845 4022/4509/4124
f 3475/3833/3549 3474/3832/3548 3493/3854/3565 3517/3879/3586
f 3996/4123/3789 3699/4130/3794 3547/3920/3622 3520/3937/3589
f 3803/4061/3742 3747/4189/3851 3703/4136/3800 3705/4138/3802
f 3873/4478/4099 4048/4535/4146 3797/4237/3899 4072/3395/3171
f 3929/4386/4028 4017/4156/3818 3826/4266/3925 3827/4265/3924
f 3137/3426/3202 3136/3425/3201 3133/3419/3195 3134/3418/3194
f 4014/4504/4119 4050/4503/4118 3825/4263/3922 4046/4532/4143
f 3129/3412/3188 3133/3419/3195 4022/4509/4124 3720/4163/3825
f 4019/4272/3931 3833/4271/3930 4020/4507/4122 4018/4506/4121
f 4051/4537/4148 3495/3987/3674 3494/3986/3673 3704/4135/3799
f 3130/3413/3189 3721/4164/3826 3788/4229/3891 3678/4099/3767
f 3853/4302/3955 3808/4245/3907 3810/4244/3906 3851/4299/3953
f 3131/3414/3190 3130/3413/3189 3678/4099/3767 3677/4098/3766
f 3693/4120/3786 3126/3407/3183 3678/4099/3767 3788/4229/3891
f 3680/4291/3949 4049/4536/4147 3127/3404/3180 3694/4119/3785
f 4049/4536/4147 3680/4291/3949 3679/4109/3775 3685/4108/3774
f 3685/4108/3774 3687/4112/3778 3917/4374/4016 4049/4536/4147
f 3826/4266/3925 4051/4537/4148 3704/4135/3799 3742/4134/3798
f 3826/4266/3925 4017/4156/3818 3716/4155/3817 4051/4537/4148
f 3701/4132/3796 4044/4530/4141 4046/4532/4143 3825/4263/3922
f 4021/4508/4123 4044/4530/4141 3701/4132/3796 3690/4117/3783
f 4052/4008/3693 3712/4148/3811 3711/4149/3812 3834/4116/3782
f 3722/4165/3827 3712/4148/3811 4052/4008/3693 3611/4007/3692
f 3844/4324/3974 3833/4271/3930 3711/4149/3812 3710/4121/3787
f 3833/4271/3930 3844/4324/3974 3979/4534/4145 4020/4507/4122
f 3979/4534/4145 3724/4166/3828 4021/4508/4123 4020/4507/4122
f 3869/4220/3882 3871/4322/3972 3766/4221/3883 3763/4214/3876
f 3723/4147/3810 3709/4146/3809 3785/4228/3890 4044/4530/4141
f 3771/4225/3887 3770/4224/3886 3845/4286/3944 3816/4254/3915
f 4046/4532/4143 4045/4531/4142 3994/4152/3814 4014/4504/4119
f 3994/4152/3814 3700/4131/3795 3715/4154/3816 4014/4504/4119
f 3700/4131/3795 3699/4130/3794 3716/4155/3817 3715/4154/3816
f 3996/4123/3789 3977/4125/3790 3495/3987/3674 4051/4537/4148
f 3790/4234/3896 3771/4225/3887 3816/4254/3915 3791/4232/3894
f 3769/3416/3192 3768/3396/3172 3116/3399/3175 3849/4196/3858
f 3786/4230/3892 3788/4229/3891 3721/4164/3826 3806/4241/3903
f 4039/4526/4138 3908/4362/4007 3842/4281/3939 3841/4280/3938
f 3117/3398/3174 4065/3397/3173 4074/4326/3976 3706/3420/3196
f 4066/3389/3165 4065/3397/3173 3768/3396/3172 3115/3390/3166
f 4065/3397/3173 3171/4529/3235 3169/4538/3233 4074/4326/3976
f 4074/4326/3976 3169/4538/3233 3167/4539/3231 4073/4481/4101
f 4073/4481/4101 3167/4539/3231 3123/3393/3169 3122/3392/3168
f 3991/4475/4097 3832/4269/3928 3831/4270/3929 3971/4449/4079
f 4071/4193/3855 3877/4329/3979 4048/4540/4146 3873/4541/4099
f 3877/4329/3979 4010/4498/4114 3989/4497/4095 4048/4540/4146
f 3887/4337/3986 3740/4182/3844 3135/3424/3200 3139/3428/3204
f 3986/4467/4090 3841/4280/3938 3840/4283/3941 4043/4528/4140
f 3987/4468/4091 3986/4467/4090 4043/4528/4140 4038/4524/4136
f 4038/4524/4136 4029/4514/4127 3160/3445/3221 3987/4468/4091
f 4029/4514/4127 3809/4243/3905 3161/3446/3222 3160/3445/3221
f 3985/4470/4093 4039/4526/4138 3841/4280/3938 3986/4467/4090
f 3337/3655/3401 3815/4542/3912 3789/4233/3895 3792/3652/3398
f 3800/3474/3248 3789/4233/3895 3815/4542/3912 3182/3471/3245
f 3864/4466/4089 3829/4268/3927 4012/4500/4116 4069/4463/3837
f 3829/4268/3927 3864/4466/4089 3726/4161/3823 3728/4160/3822
f 4003/4488/4107 3808/4245/3907 3853/4302/3955 4026/4513/4126
f 4026/4513/4126 3936/4399/4037 3938/4402/4039 4003/4488/4107
f 3145/3434/3210 3149/3440/3216 3938/4402/4039 3936/4399/4037
f 4071/4193/3855 3164/4543/3226 4056/4511/3952 3752/4194/3856
f 3149/3440/3216 3145/3434/3210 3147/3433/3209 3150/3437/3213
f 3177/4310/3962 4040/2972/2802 4041/2970/2800 3172/3462/3236
f 3875/4482/4102 4073/4481/4101 3122/3392/3168 3798/4236/3898
f 4067/3388/3164 3114/3391/3167 3727/3408/3184 4068/4178/3840
f 3856/3400/3176 3857/4290/3948 3822/4262/3921 3754/3421/3197
f 3120/3401/3177 3856/3400/3176 3754/3421/3197 3706/3420/3196
f 4068/4178/3840 3157/4159/3821 3775/4305/3958 3837/4142/3806
f 3775/4305/3958 3157/4159/3821 3726/4161/3823 3719/4306/3959
f 3735/4465/4082 3719/4306/3959 3726/4161/3823 3864/4466/4089
f 4058/4141/3805 4067/3388/3164 4068/4178/3840 3837/4142/3806
f 3164/4543/3226 4071/4193/3855 3873/4541/4099 4016/4544/3227
f 4080/3200/2998 4075/3180/2982 2792/3183/2985 2793/3191/2990
f 4078/4545/4149 4077/3214/3004 2813/3156/2961 2825/3179/2981
f 2790/3132/2946 4076/3131/2945 2823/3146/2957 2822/3134/2948
f 2007/4546/1817 2012/4547/1816 4075/3180/2982 4080/3200/2998
f 2012/4547/1816 1961/3225/1828 4079/3181/2983 4075/3180/2982
f 4077/3214/3004 4078/4545/4149 2084/4548/2242 1848/3213/2243
f 2825/3179/2981 2807/3224/3012 2806/3227/3013 4078/4545/4149
f 4079/3181/2983 2806/3227/3013 2807/3224/3012 2820/3182/2984
f 4080/3200/2998 4082/3199/2997 2020/4549/1886 2007/4546/1817
f 2054/4550/1835 2020/4549/1886 4082/3199/2997 4084/3212/3003
f 2042/3104/1832 2054/4550/1835 4084/3212/3003 4085/3105/2923
f 4078/4545/4149 2806/3227/3013 2040/3226/1885 2084/4548/2242
f 2823/3146/2957 4076/3131/2945 2782/3138/2952 2834/3145/2956
f 4083/3130/2944 4087/3139/2953 2782/3138/2952 4076/3131/2945
f 4089/3161/2966 2785/3160/2965 2792/3183/2985 2820/3182/2984
f 2820/3182/2984 2807/3224/3012 4081/3158/2963 4089/3161/2966
f 4089/3161/2966 4081/3158/2963 4090/3118/2932 2688/3027/2855
f 2773/3121/2935 2709/3024/2852 2688/3027/2855 4090/3118/2932
f 3289/3589/3348 3022/4551/4150 3021/4552/4151 3288/3587/3347
f 3032/3585/3346 3288/3587/3347 3021/4552/4151 3023/4553/4152
f 3024/4554/4153 3025/4555/4154 3026/3577/3341 3284/3576/3340
f 3284/3576/3340 3027/3578/3342 3028/4556/4155 3024/4554/4153
f 3029/4557/4156 3030/4558/4157 3025/4555/4154 3024/4554/4153
f 3029/4557/4156 3024/4554/4153 3028/4556/4155 3031/4559/4158
f 3022/4551/4150 3030/4558/4157 3029/4557/4156 3021/4552/4151
f 3023/4553/4152 3021/4552/4151 3029/4557/4156 3031/4559/4158
f 3028/4556/4155 3027/3578/3342 3285/3579/3343 3031/4559/4158
f 3287/3583/3345 3032/3585/3346 3023/4553/4152 3286/3581/3344
f 3031/4559/4158 3285/3579/3343 3286/3581/3344 3023/4553/4152
f 3038/3642/3389 3033/4560/4159 3022/4551/4150 3289/3589/3348
f 3026/3577/3341 3025/4555/4154 3034/4561/4160 3326/3636/3385
f 3030/4558/4157 3035/4562/4161 3034/4561/4160 3025/4555/4154
f 3022/4551/4150 3033/4560/4159 3035/4562/4161 3030/4558/4157
f 3036/3637/3386 3326/3636/3385 3034/4561/4160 3035/4562/4161
f 3033/4560/4159 3038/3642/3389 3110/3640/3388 3037/3638/3387
f 3037/3638/3387 3036/3637/3386 3035/4562/4161 3033/4560/4159
f 3408/3742/3475 3409/3743/3476 3039/4563/4162 3045/4564/4163
f 3047/3740/3474 3408/3742/3475 3045/4564/4163 3046/4565/4164
f 3042/3734/3470 3405/3733/3469 3040/4566/4165 3041/4567/4166
f 3405/3733/3469 3044/3735/3471 3043/4568/4167 3040/4566/4165
f 3045/4564/4163 3039/4563/4162 3041/4567/4166 3040/4566/4165
f 3045/4564/4163 3040/4566/4165 3043/4568/4167 3046/4565/4164
f 3044/3735/3471 3406/3736/3472 3046/4565/4164 3043/4568/4167
f 3407/3738/3473 3047/3740/3474 3046/4565/4164 3406/3736/3472
f 3051/3795/3517 3048/4569/4168 3039/4563/4162 3409/3743/3476
f 3049/4570/4169 3447/3791/3514 3042/3734/3470 3041/4567/4166
f 3039/4563/4162 3048/4569/4168 3049/4570/4169 3041/4567/4166
f 3048/4569/4168 3050/3792/3515 3447/3791/3514 3049/4570/4169
f 3048/4569/4168 3051/3795/3517 3109/3793/3516 3050/3792/3515
f 3060/3874/3582 3512/3876/3583 3052/4571/4170 3053/4572/4171
f 3056/3867/3578 3057/3866/3577 3054/4573/4172 3055/4574/4173
f 3059/4575/4174 3055/4574/4173 3054/4573/4172 3058/4576/4175
f 3058/4576/4175 3053/4572/4171 3052/4571/4170 3059/4575/4174
f 3057/3866/3577 3509/3868/3579 3058/4576/4175 3054/4573/4172
f 3511/3872/3581 3060/3874/3582 3053/4572/4171 3510/3870/3580
f 3058/4576/4175 3509/3868/3579 3510/3870/3580 3053/4572/4171
f 3062/4577/4176 3052/4571/4170 3512/3876/3583 3061/3957/3651
f 3108/3955/3650 3063/4578/4177 3062/4577/4176 3061/3957/3651
f 3056/3867/3578 3055/4574/4173 3064/4579/4178 3065/3948/3645
f 3066/4580/4179 3020/3949/3646 3065/3948/3645 3064/4579/4178
f 3067/4581/4180 3064/4579/4178 3055/4574/4173 3059/4575/4174
f 3067/4581/4180 3068/4582/4181 3066/4580/4179 3064/4579/4178
f 3059/4575/4174 3052/4571/4170 3062/4577/4176 3067/4581/4180
f 3067/4581/4180 3062/4577/4176 3063/4578/4177 3068/4582/4181
f 3066/4580/4179 3068/4582/4181 3069/3950/3647 3020/3949/3646
f 3063/4578/4177 3108/3955/3650 3111/3953/3649 3070/3951/3648
f 3068/4582/4181 3063/4578/4177 3070/3951/3648 3069/3950/3647
f 3071/4583/4182 3072/4584/4183 3622/4021/3704 3624/4025/3706
f 3075/3992/3679 3616/3967/3660 3073/4585/4184 3074/4586/4185
f 3077/4587/4186 3074/4586/4185 3073/4585/4184 3076/4588/4187
f 3076/4588/4187 3072/4584/4183 3071/4583/4182 3077/4587/4186
f 3076/4588/4187 3073/4585/4184 3616/3967/3660 3579/3970/3662
f 3072/4584/4183 3615/4013/3698 3619/4017/3701 3622/4021/3704
f 3072/4584/4183 3076/4588/4187 3579/3970/3662 3615/4013/3698
f 3071/4583/4182 3624/4025/3706 3078/4089/3759 3079/4589/4188
f 3087/4085/3756 3080/4590/4189 3079/4589/4188 3078/4089/3759
f 3082/4591/4190 4053/4046/3727 3648/4057/3738 3081/4592/4191
f 3083/4593/4192 3084/4594/4193 3082/4591/4190 3081/4592/4191
f 3079/4589/4188 3080/4590/4189 3084/4594/4193 3083/4593/4192
f 4053/4046/3727 3082/4591/4190 3084/4594/4193 3085/4047/3728
f 3080/4590/4189 3087/4085/3756 3112/4081/3753 3086/4077/3750
f 3086/4077/3750 3085/4047/3728 3084/4594/4193 3080/4590/4189
f 3648/4057/3738 3075/3992/3679 3074/4586/4185 3081/4592/4191
f 3083/4593/4192 3081/4592/4191 3074/4586/4185 3077/4587/4186
f 3077/4587/4186 3071/4583/4182 3079/4589/4188 3083/4593/4192
f 3095/4396/4035 3935/4398/4036 3088/4595/4194 3089/4596/4195
f 3092/4388/4030 3931/4389/4031 3090/4597/4196 3091/4598/4197
f 3090/4597/4196 3094/4599/4198 3093/4600/4199 3091/4598/4197
f 3093/4600/4199 3094/4599/4198 3089/4596/4195 3088/4595/4194
f 3094/4599/4198 3090/4597/4196 3931/4389/4031 3932/4390/4032
f 3934/4394/4034 3095/4396/4035 3089/4596/4195 3933/4392/4033
f 3933/4392/4033 3089/4596/4195 3094/4599/4198 3932/4390/4032
f 3097/4601/4200 3088/4595/4194 3935/4398/4036 3096/4442/4073
f 3107/4440/4072 3098/4602/4201 3097/4601/4200 3096/4442/4073
f 3092/4388/4030 3091/4598/4197 3099/4603/4202 3100/4433/4067
f 3101/4604/4203 4054/4434/4068 3100/4433/4067 3099/4603/4202
f 3099/4603/4202 3091/4598/4197 3093/4600/4199 3102/4605/4204
f 3102/4605/4204 3103/4606/4205 3101/4604/4203 3099/4603/4202
f 3097/4601/4200 3102/4605/4204 3093/4600/4199 3088/4595/4194
f 3098/4602/4201 3103/4606/4205 3102/4605/4204 3097/4601/4200
f 3103/4606/4205 3104/4435/4069 4054/4434/4068 3101/4604/4203
f 3098/4602/4201 3107/4440/4072 3106/4438/4071 3105/4436/4070
f 3103/4606/4205 3098/4602/4201 3105/4436/4070 3104/4435/4069
f 2141/4607/1894 2118/4608/1893 4206/4609/4206 4207/4610/4207
f 2120/4611/1898 2119/4612/1897 4208/4613/4208 4209/4614/4209
f 2119/4612/1897 2111/4615/1901 4210/4616/4210 4208/4613/4208
f 2111/4615/1901 2112/4617/1903 4211/4618/4211 4210/4616/4210
f 2113/4619/1905 2114/4620/1908 4212/4621/4212 4213/4622/4213
f 2116/4623/1909 2115/4624/1912 4214/4625/4214 4215/4626/4215
f 2115/4624/1912 2117/4627/1914 4216/4628/4216 4214/4625/4214
f 2117/4627/1914 1745/4629/1916 4217/4630/4217 4216/4628/4216
f 1745/4629/1916 2121/4631/1918 4218/4632/4218 4217/4630/4217
f 2123/4633/1924 2122/4634/1923 4219/4635/4219 4220/4636/4220
f 1789/4637/1962 2123/4633/1924 4220/4636/4220 4221/4638/4221
f 2124/4639/1967 1789/4637/1962 4221/4638/4221 4222/4640/4222
f 2125/4641/1977 2144/4642/1976 4223/4643/4223 4224/4644/4224
f 2122/4634/1923 2125/4641/1977 4224/4644/4224 4219/4635/4219
f 2126/4645/1990 2127/4646/1993 4225/4647/4225 4226/4648/4226
f 2121/4631/1918 2126/4645/1990 4226/4648/4226 4218/4632/4218
f 2128/4649/1998 2113/4619/1905 4213/4622/4213 4227/4650/4227
f 1808/4651/2000 2116/4623/1909 4215/4626/4215 4228/4652/4228
f 2118/4608/1893 2120/4611/1898 4209/4614/4209 4206/4609/4206
f 2112/4617/1903 2128/4649/1998 4227/4650/4227 4211/4618/4211
f 2127/4646/1993 2124/4639/1967 4222/4640/4222 4225/4647/4225
f 2114/4620/1908 1808/4651/2000 4228/4652/4228 4212/4621/4212
f 2162/4653/2308 2141/4607/1894 4207/4610/4207 4229/4654/4229
f 2164/4655/2310 2165/4656/2313 4230/4657/4230 4231/4658/4231
f 2168/4659/2314 2164/4655/2310 4231/4658/4231 4232/4660/4232
f 2170/4661/2316 2168/4659/2314 4232/4660/4232 4233/4662/4233
f 2175/4663/2319 2172/4664/2318 4234/4665/4234 4235/4666/4235
f 2179/4667/2323 2176/4668/2322 4236/4669/4236 4237/4670/4237
f 2181/4671/2327 2179/4667/2323 4237/4670/4237 4238/4672/4238
f 2183/4673/2329 2181/4671/2327 4238/4672/4238 4239/4674/4239
f 2185/4675/2331 2183/4673/2329 4239/4674/4239 4240/4676/4240
f 2191/4677/2336 2192/4678/2339 4241/4679/4241 4242/4680/4242
f 2192/4678/2339 2225/4681/2375 4243/4682/4243 4241/4679/4241
f 2225/4681/2375 2229/4683/2380 4244/4684/4244 4243/4682/4243
f 2144/4642/1976 2237/4685/2388 4245/4686/4245 4223/4643/4223
f 2237/4685/2388 2191/4677/2336 4242/4680/4242 4245/4686/4245
f 2245/4687/2398 2242/4688/2397 4246/4689/4246 4247/4690/4247
f 2242/4688/2397 2185/4675/2331 4240/4676/4240 4246/4689/4246
f 2172/4664/2318 2250/4691/2405 4248/4692/4248 4234/4665/4234
f 2176/4668/2322 2252/4693/2407 4249/4694/4249 4236/4669/4236
f 2165/4656/2313 2162/4653/2308 4229/4654/4229 4230/4657/4230
f 2250/4691/2405 2170/4661/2316 4233/4662/4233 4248/4692/4248
f 2229/4683/2380 2245/4687/2398 4247/4690/4247 4244/4684/4244
f 2252/4693/2407 2175/4663/2319 4235/4666/4235 4249/4694/4249
f 4245/4686/4245 4250/4695/4250 4223/4643/4223
f 4207/4610/4207 4206/4609/4206 4250/4695/4250
f 4250/4695/4250 4206/4609/4206 4209/4614/4209
f 4250/4695/4250 4209/4614/4209 4208/4613/4208
f 4250/4695/4250 4208/4613/4208 4210/4616/4210
f 4250/4695/4250 4210/4616/4210 4211/4618/4211
f 4250/4695/4250 4211/4618/4211 4227/4650/4227
f 4250/4695/4250 4227/4650/4227 4213/4622/4213
f 4250/4695/4250 4213/4622/4213 4212/4621/4212
f 4250/4695/4250 4212/4621/4212 4228/4652/4228
f 4250/4695/4250 4228/4652/4228 4215/4626/4215
f 4250/4695/4250 4215/4626/4215 4214/4625/4214
f 4250/4695/4250 4214/4625/4214 4216/4628/4216
f 4250/4695/4250 4216/4628/4216 4217/4630/4217
f 4250/4695/4250 4217/4630/4217 4218/4632/4218
f 4250/4695/4250 4218/4632/4218 4226/4648/4226
f 4250/4695/4250 4226/4648/4226 4225/4647/4225
f 4250/4695/4250 4225/4647/4225 4222/4640/4222
f 4250/4695/4250 4222/4640/4222 4221/4638/4221
f 4250/4695/4250 4221/4638/4221 4220/4636/4220
f 4250/4695/4250 4220/4636/4220 4219/4635/4219
f 4250/4695/4250 4219/4635/4219 4224/4644/4224
f 4250/4695/4250 4224/4644/4224 4223/4643/4223
f 4242/4680/4242 4250/4695/4250 4245/4686/4245
f 4241/4679/4241 4250/4695/4250 4242/4680/4242
f 4243/4682/4243 4250/4695/4250 4241/4679/4241
f 4244/4684/4244 4250/4695/4250 4243/4682/4243
f 4247/4690/4247 4250/4695/4250 4244/4684/4244
f 4246/4689/4246 4250/4695/4250 4247/4690/4247
f 4240/4676/4240 4250/4695/4250 4246/4689/4246
f 4239/4674/4239 4250/4695/4250 4240/4676/4240
f 4238/4672/4238 4250/4695/4250 4239/4674/4239
f 4237/4670/4237 4250/4695/4250 4238/4672/4238
f 4236/4669/4236 4250/4695/4250 4237/4670/4237
f 4249/4694/4249 4250/4695/4250 4236/4669/4236
f 4235/4666/4235 4250/4695/4250 4249/4694/4249
f 4234/4665/4234 4250/4695/4250 4235/4666/4235
f 4248/4692/4248 4250/4695/4250 4234/4665/4234
f 4233/4662/4233 4250/4695/4250 4248/4692/4248
f 4232/4660/4232 4250/4695/4250 4233/4662/4233
f 4231/4658/4231 4250/4695/4250 4232/4660/4232
f 4230/4657/4230 4250/4695/4250 4231/4658/4231
f 4229/4654/4229 4250/4695/4250 4230/4657/4230
f 4207/4610/4207 4250/4695/4250 4229/4654/4229
f 4185/1986/1868 4251/4696/4251 4191/1980/1862
f 4135/1899/1783 4128/1901/1785 4251/4696/4251
f 4251/4696/4251 4128/1901/1785 4126/1896/1780
f 4251/4696/4251 4126/1896/1780 4132/1895/1779
f 4251/4696/4251 4132/1895/1779 4133/1897/1781
f 4251/4696/4251 4133/1897/1781 4134/1898/1782
f 4251/4696/4251 4134/1898/1782 4142/1915/1799
f 4251/4696/4251 4142/1915/1799 4144/1921/1805
f 4251/4696/4251 4144/1921/1805 4203/1928/1810
f 4251/4696/4251 4203/1928/1810 4189/2001/1881
f 4251/4696/4251 4189/2001/1881 4188/1995/1877
f 4251/4696/4251 4188/1995/1877 4183/1978/1860
f 4251/4696/4251 4183/1978/1860 4182/1977/1859
f 4251/4696/4251 4182/1977/1859 4181/1975/1857
f 4251/4696/4251 4181/1975/1857 4190/1976/1858
f 4251/4696/4251 4190/1976/1858 4192/1982/1864
f 4251/4696/4251 4192/1982/1864 4184/1979/1861
f 4251/4696/4251 4184/1979/1861 4191/1980/1862
f 4194/1985/1867 4251/4696/4251 4185/1986/1868
f 4204/2003/1883 4251/4696/4251 4194/1985/1867
f 4187/1992/1874 4251/4696/4251 4204/2003/1883
f 4198/1991/1873 4251/4696/4251 4187/1992/1874
f 4186/1988/1870 4251/4696/4251 4198/1991/1873
f 4197/1987/1869 4251/4696/4251 4186/1988/1870
f 4200/1917/1801 4251/4696/4251 4197/1987/1869
f 4130/1907/1791 4251/4696/4251 4200/1917/1801
f 4140/1910/1794 4251/4696/4251 4130/1907/1791
f 4131/1911/1795 4251/4696/4251 4140/1910/1794
f 4141/1914/1798 4251/4696/4251 4131/1911/1795
f 4147/1923/1807 4251/4696/4251 4141/1914/1798
f 4129/1903/1787 4251/4696/4251 4147/1923/1807
f 4138/1906/1790 4251/4696/4251 4129/1903/1787
f 4127/1900/1784 4251/4696/4251 4138/1906/1790
f 4135/1899/1783 4251/4696/4251 4127/1900/1784
f 4252/4697/4252 4255/4698/4253 4254/4699/4254 4253/4700/4255
f 4256/4701/4256 4257/4702/4257 1704/4703/1706 1705/4704/1705
f 4258/4705/4258 4261/4706/4259 4260/4707/4260 4259/4708/4261
f 4262/4709/4262 4265/4710/4263 4264/4711/4264 4263/4712/4265
f 4266/4713/4266 4269/4714/4267 4268/4715/4268 4267/4716/4269
f 4270/4717/4270 4273/4718/4271 4272/4719/4272 4271/4720/4273
f 4274/4721/4274 4277/4722/4275 4276/4723/4276 4275/4724/4277
f 4254/4699/4254 4279/4725/4278 4278/4726/4279 4258/4705/4258
f 4277/4722/4275 4274/4721/4274 4281/4727/4280 4280/4728/4281
f 4282/4729/4282 4260/4707/4260 4284/4730/4283 4283/4731/4284
f 4285/4732/4285 4288/4733/4286 4287/4734/4287 4286/4735/4288
f 4289/4736/4289 4285/4732/4285 4286/4735/4288 4290/4737/4290
f 4291/4738/4291 4294/4739/4292 4293/4740/4293 4292/4741/4294
f 4295/4742/4295 4298/4743/4296 4297/4744/4297 4296/4745/4298
f 4299/4746/4299 4302/4747/4300 4301/4748/4301 4300/4749/4302
f 4303/4750/4303 4306/4751/4304 4305/4752/4305 4304/4753/4306
f 4307/4754/4307 4310/4755/4308 4309/4756/4309 4308/4757/4310
f 4306/4751/4304 4303/4750/4303 4312/4758/4311 4311/4759/4312
f 4313/4760/4313 4314/4761/4314 4311/4759/4312 4312/4758/4311
f 4315/4762/4315 4318/4763/4316 4317/4764/4317 4316/4765/4318
f 4319/4766/4319 4322/4767/4320 4321/4768/4321 4320/4769/4322
f 4323/4770/4323 4324/4771/4324 1722/4772/1722 1719/4773/1721
f 4325/4774/4325 4328/4775/4326 4327/4776/4327 4326/4777/4328
f 4329/4778/4329 4332/4779/4330 4331/4780/4331 4330/4781/4332
f 4331/4782/4331 4332/4783/4330 4334/4784/4333 4333/4785/4334
f 4335/4786/4335 4338/4787/4336 4337/4788/4337 4336/4789/4338
f 4339/4790/4339 4342/4791/4340 4341/4792/4341 4340/4793/4342
f 4343/4794/4343 4346/4795/4344 4345/4796/4345 4344/4797/4346
f 4347/4798/4347 4350/4799/4348 4349/4800/4349 4348/4801/4350
f 4351/4802/4351 4341/4803/4341 4353/4804/4352 4352/4805/4353
f 4354/4806/4354 4356/4807/4355 4348/4808/4350 4355/4809/4356
f 4357/4810/4357 4358/4811/4358 4336/4789/4338 4337/4788/4337
f 4359/4812/4359 4353/4813/4352 4341/4792/4341 4342/4791/4340
f 4352/4805/4353 4353/4804/4352 4361/4814/4360 4360/4815/4361
f 4335/4786/4335 4363/4816/4362 4362/4817/4363 4338/4787/4336
f 4364/4818/4364 4339/4790/4339 4340/4793/4342 4365/4819/4365
f 4351/4802/4351 4366/4820/4366 4340/4821/4342 4341/4803/4341
f 4349/4822/4349 4365/4823/4365 4368/4824/4367 4367/4825/4368
f 4369/4826/4369 4345/4796/4345 4346/4795/4344 4370/4827/4370
f 4371/4828/4371 4347/4798/4347 4348/4801/4350 4356/4829/4355
f 4351/4802/4351 4337/4788/4337 4338/4787/4336 4366/4820/4366
f 4355/4809/4356 4367/4825/4368 4344/4797/4346 4345/4796/4345
f 4351/4802/4351 4352/4805/4353 4357/4810/4357 4337/4788/4337
f 4338/4787/4336 4362/4817/4363 4368/4824/4367 4366/4820/4366
f 4355/4809/4356 4345/4796/4345 4369/4826/4369 4354/4806/4354
f 4372/4830/4372 4373/4831/4373 4359/4812/4359 4342/4791/4340
f 4347/4798/4347 4371/4828/4371 4375/4832/4374 4374/4833/4375
f 4376/4834/4376 4359/4812/4359 4373/4831/4373 4377/4835/4377
f 4342/4791/4340 4339/4790/4339 4378/4836/4378 4372/4830/4372
f 4364/4818/4364 4350/4799/4348 4380/4837/4379 4379/4838/4380
f 4348/4808/4350 4349/4822/4349 4367/4825/4368 4355/4809/4356
f 4374/4833/4375 4380/4837/4379 4350/4799/4348 4347/4798/4347
f 4381/4839/4381 4380/4837/4379 4374/4833/4375 4382/4840/4382
f 4366/4820/4366 4368/4824/4367 4365/4823/4365 4340/4821/4342
f 4339/4790/4339 4364/4818/4364 4379/4838/4380 4378/4836/4378
f 4383/4841/4383 4384/4842/4384 4378/4836/4378 4379/4838/4380
f 4385/4843/4385 4386/4844/4386 4358/4811/4358 4357/4810/4357
f 4361/4845/4360 4353/4813/4352 4359/4812/4359 4376/4834/4376
f 4360/4815/4361 4361/4814/4360 4332/4779/4330 4329/4778/4329
f 4360/4815/4361 4385/4843/4385 4357/4810/4357 4352/4805/4353
f 4334/4784/4333 4376/4834/4376 4377/4835/4377 4327/4776/4327
f 4387/4846/4387 4386/4844/4386 4385/4843/4385 4388/4847/4388
f 4376/4834/4376 4334/4784/4333 4332/4783/4330 4361/4845/4360
f 4329/4778/4329 4388/4847/4388 4385/4843/4385 4360/4815/4361
f 4333/4785/4334 4334/4784/4333 4327/4776/4327 4328/4775/4326
f 4344/4797/4346 4362/4817/4363 4363/4816/4362 4343/4794/4343
f 4364/4818/4364 4365/4819/4365 4349/4800/4349 4350/4799/4348
f 4362/4817/4363 4344/4797/4346 4367/4825/4368 4368/4824/4367
f 4389/4848/4389 4372/4830/4372 4378/4836/4378 4384/4842/4384
f 4381/4839/4381 4383/4841/4383 4379/4838/4380 4380/4837/4379
f 4382/4840/4382 4374/4833/4375 4375/4832/4374 4390/4849/4390
f 4326/4777/4328 4327/4776/4327 4377/4835/4377 4391/4850/4391
f 4392/4851/4392 4373/4831/4373 4372/4830/4372 4389/4848/4389
f 4391/4850/4391 4377/4835/4377 4373/4831/4373 4392/4851/4392
f 4371/4828/4371 4356/4829/4355 4394/4852/4393 4393/4853/4394
f 4375/4832/4374 4371/4828/4371 4393/4853/4394 4395/4854/4395
f 4395/4854/4395 4396/4855/4396 4390/4849/4390 4375/4832/4374
f 4394/4852/4393 4398/4856/4397 4397/4857/4398 4393/4853/4394
f 4393/4853/4394 4397/4857/4398 4399/4858/4399 4395/4854/4395
f 4396/4855/4396 4395/4854/4395 4399/4858/4399 4400/4859/4400
f 4398/4856/4397 4402/4860/4401 4401/4861/4402 4397/4857/4398
f 4403/4862/4403 4399/4858/4399 4397/4857/4398 4401/4861/4402
f 4404/4863/4404 4400/4859/4400 4399/4858/4399 4403/4862/4403
f 4401/4861/4402 4402/4860/4401 4405/4864/4405 4403/4862/4403
f 4403/4862/4403 4405/4864/4405 4406/4865/4406 4404/4863/4404
f 4370/4827/4370 4408/4866/4407 4407/4867/4408 4369/4826/4369
f 4354/4806/4354 4369/4826/4369 4407/4867/4408 4409/4868/4409
f 4356/4807/4355 4354/4806/4354 4409/4868/4409 4410/4869/4410
f 4394/4870/4393 4356/4807/4355 4410/4869/4410 4411/4871/4411
f 4398/4872/4397 4394/4870/4393 4411/4871/4411 4412/4873/4412
f 4402/4874/4401 4398/4872/4397 4412/4873/4412 4413/4875/4413
f 4405/4876/4405 4402/4874/4401 4413/4875/4413 4414/4877/4414
f 4405/4876/4405 4414/4877/4414 4415/4878/4415 4406/4879/4406
f 4416/4880/4416 4419/4881/4417 4418/4882/4418 4417/4883/4419
f 4420/4884/4420 4423/4885/4421 4422/4886/4422 4421/4887/4423
f 4424/4888/4424 4427/4889/4425 4426/4890/4426 4425/4891/4427
f 4428/4892/4428 4420/4893/4420 4430/4894/4429 4429/4895/4430
f 4427/4896/4425 4433/4897/4431 4432/4898/4432 4431/4899/4433
f 4434/4900/4434 4423/4885/4421 4420/4884/4420 4428/4901/4428
f 4429/4895/4430 4436/4902/4435 4435/4903/4436 4428/4892/4428
f 4421/4887/4423 4422/4886/4422 4438/4904/4437 4437/4905/4438
f 4420/4893/4420 4421/4906/4423 4439/4907/4439 4430/4894/4429
f 4440/4908/4440 4437/4909/4438 4426/4910/4426 4441/4911/4441
f 4427/4889/4425 4424/4888/4424 4442/4912/4442 4433/4913/4431
f 4335/4786/4335 4336/4789/4338 4430/4894/4429 4439/4907/4439
f 4346/4795/4344 4343/4794/4343 4441/4911/4441 4431/4899/4433
f 4430/4894/4429 4336/4789/4338 4358/4811/4358 4429/4895/4430
f 4335/4786/4335 4439/4907/4439 4440/4908/4440 4363/4816/4362
f 4370/4827/4370 4346/4795/4344 4431/4899/4433 4432/4898/4432
f 4389/4848/4389 4423/4885/4421 4434/4900/4434 4392/4851/4392
f 4390/4849/4390 4442/4912/4442 4424/4888/4424 4382/4840/4382
f 4443/4914/4443 4391/4850/4391 4392/4851/4392 4434/4900/4434
f 4423/4885/4421 4389/4848/4389 4384/4842/4384 4422/4886/4422
f 4383/4841/4383 4381/4839/4381 4425/4891/4427 4438/4904/4437
f 4431/4899/4433 4441/4911/4441 4426/4910/4426 4427/4896/4425
f 4382/4840/4382 4424/4888/4424 4425/4891/4427 4381/4839/4381
f 4437/4909/4438 4440/4908/4440 4439/4907/4439 4421/4906/4423
f 4384/4842/4384 4383/4841/4383 4438/4904/4437 4422/4886/4422
f 4434/4900/4434 4428/4901/4428 4435/4915/4436 4443/4914/4443
f 4435/4903/4436 4436/4902/4435 4444/4916/4444 4419/4917/4417
f 4436/4902/4435 4429/4895/4430 4358/4811/4358 4386/4844/4386
f 4391/4850/4391 4443/4914/4443 4416/4880/4416 4326/4777/4328
f 4419/4881/4417 4416/4880/4416 4443/4914/4443 4435/4915/4436
f 4444/4916/4444 4436/4902/4435 4386/4844/4386 4387/4846/4387
f 4444/4916/4444 4445/4918/4445 4418/4919/4418 4419/4917/4417
f 4326/4777/4328 4416/4880/4416 4417/4883/4419 4325/4774/4325
f 4425/4891/4427 4426/4890/4426 4437/4905/4438 4438/4904/4437
f 4363/4816/4362 4440/4908/4440 4441/4911/4441 4343/4794/4343
f 4446/4920/4446 4433/4913/4431 4442/4912/4442 4447/4921/4447
f 4447/4921/4447 4442/4912/4442 4390/4849/4390 4396/4855/4396
f 4446/4920/4446 4447/4921/4447 4449/4922/4448 4448/4923/4449
f 4447/4921/4447 4396/4855/4396 4400/4859/4400 4449/4922/4448
f 4448/4923/4449 4449/4922/4448 4451/4924/4450 4450/4925/4451
f 4404/4863/4404 4451/4924/4450 4449/4922/4448 4400/4859/4400
f 4406/4865/4406 4450/4925/4451 4451/4924/4450 4404/4863/4404
f 4408/4866/4407 4370/4827/4370 4432/4898/4432 4452/4926/4452
f 4452/4926/4452 4432/4898/4432 4433/4897/4431 4453/4927/4453
f 4453/4927/4453 4433/4897/4431 4446/4928/4446 4454/4929/4454
f 4454/4929/4454 4446/4928/4446 4448/4930/4449 4455/4931/4455
f 4455/4931/4455 4448/4930/4449 4450/4932/4451 4456/4933/4456
f 4456/4933/4456 4450/4932/4451 4406/4879/4406 4415/4878/4415
f 4457/4934/4457 4460/4935/4458 4459/4936/4459 4458/4937/4460
f 4461/4938/4461 4464/4939/4462 4463/4940/4463 4462/4941/4464
f 4465/4942/4465 4468/4943/4466 4467/4944/4467 4466/4945/4468
f 4469/4946/4469 4472/4947/4470 4471/4948/4471 4470/4949/4472
f 4473/4950/4473 4476/4951/4474 4475/4952/4475 4474/4953/4476
f 4477/4954/4477 4473/4955/4473 4479/4956/4478 4478/4957/4479
f 4480/4958/4480 4483/4959/4481 4482/4960/4482 4481/4961/4483
f 4484/4962/4484 4485/4963/4485 4483/4959/4481 4480/4958/4480
f 4470/4949/4472 4471/4948/4471 4487/4964/4486 4486/4965/4487
f 4488/4966/4488 4479/4967/4478 4473/4950/4473 4474/4953/4476
f 4478/4957/4479 4479/4956/4478 4490/4968/4489 4489/4969/4490
f 4469/4946/4469 4492/4970/4491 4491/4971/4492 4472/4947/4470
f 4493/4972/4493 4494/4973/4494 4475/4952/4475 4476/4951/4474
f 4477/4954/4477 4495/4974/4495 4476/4975/4474 4473/4955/4473
f 4496/4976/4496 4499/4977/4497 4498/4978/4498 4497/4979/4499
f 4500/4980/4500 4501/4981/4501 4482/4982/4482 4483/4983/4481
f 4497/4979/4499 4498/4978/4498 4503/4984/4502 4502/4985/4503
f 4504/4986/4504 4500/4980/4500 4483/4983/4481 4485/4987/4485
f 4477/4954/4477 4471/4948/4471 4472/4947/4470 4495/4974/4495
f 4505/4988/4505 4462/4941/4464 4463/4940/4463 4506/4989/4506
f 4478/4957/4479 4487/4964/4486 4471/4948/4471 4477/4954/4477
f 4495/4974/4495 4472/4947/4470 4491/4971/4492 4507/4990/4507
f 4481/4961/4483 4496/4976/4496 4497/4979/4499 4480/4958/4480
f 4480/4958/4480 4497/4979/4499 4502/4985/4503 4484/4962/4484
f 4474/4953/4476 4509/4991/4508 4508/4992/4509 4488/4966/4488
f 4510/4993/4510 4511/4994/4511 4500/4980/4500 4504/4986/4504
f 4512/4995/4512 4501/4981/4501 4500/4980/4500 4511/4994/4511
f 4488/4966/4488 4508/4992/4509 4514/4996/4513 4513/4997/4514
f 4515/4998/4515 4509/4991/4508 4474/4953/4476 4475/4952/4475
f 4491/4971/4492 4492/4970/4491 4499/4977/4497 4496/4976/4496
f 4482/4982/4482 4501/4981/4501 4494/4973/4494 4493/4972/4493
f 4495/4974/4495 4507/4990/4507 4493/4999/4493 4476/4975/4474
f 4507/4990/4507 4491/4971/4492 4496/4976/4496 4481/4961/4483
f 4515/4998/4515 4475/4952/4475 4494/4973/4494 4516/5000/4516
f 4517/5001/4517 4515/4998/4515 4516/5000/4516 4518/5002/4518
f 4519/5003/4519 4520/5004/4520 4486/4965/4487 4487/4964/4486
f 4488/4966/4488 4513/4997/4514 4490/5005/4489 4479/4967/4478
f 4489/4969/4490 4490/4968/4489 4521/5006/4521 4506/4989/4506
f 4489/4969/4490 4519/5003/4519 4487/4964/4486 4478/4957/4479
f 4513/4997/4514 4514/4996/4513 4459/4936/4459 4522/5007/4522
f 4464/4939/4462 4520/5004/4520 4519/5003/4519 4463/4940/4463
f 4522/5007/4522 4521/5008/4521 4490/5005/4489 4513/4997/4514
f 4506/4989/4506 4463/4940/4463 4519/5003/4519 4489/4969/4490
f 4467/5009/4467 4505/4988/4505 4506/4989/4506 4521/5006/4521
f 4522/5007/4522 4459/4936/4459 4460/4935/4458 4466/4945/4468
f 4493/4999/4493 4507/4990/4507 4481/4961/4483 4482/4960/4482
f 4494/4973/4494 4501/4981/4501 4512/4995/4512 4516/5000/4516
f 4518/5002/4518 4516/5000/4516 4512/4995/4512 4523/5010/4523
f 4510/4993/4510 4525/5011/4524 4524/5012/4525 4511/4994/4511
f 4512/4995/4512 4511/4994/4511 4524/5012/4525 4523/5010/4523
f 4485/4987/4485 4527/5013/4526 4526/5014/4527 4504/4986/4504
f 4526/5014/4527 4528/5015/4528 4510/4993/4510 4504/4986/4504
f 4528/5015/4528 4529/5016/4529 4525/5011/4524 4510/4993/4510
f 4527/5013/4526 4531/5017/4530 4530/5018/4531 4526/5014/4527
f 4528/5015/4528 4526/5014/4527 4530/5018/4531 4532/5019/4532
f 4529/5016/4529 4528/5015/4528 4532/5019/4532 4533/5020/4533
f 4530/5018/4531 4531/5017/4530 4534/5021/4534 4532/5019/4532
f 4533/5020/4533 4532/5019/4532 4534/5021/4534 4535/5022/4535
f 4502/4985/4503 4503/4984/4502 4537/5023/4536 4536/5024/4537
f 4536/5024/4537 4538/5025/4538 4484/4962/4484 4502/4985/4503
f 4485/4963/4485 4484/4962/4484 4538/5025/4538 4539/5026/4539
f 4527/5027/4526 4485/4963/4485 4539/5026/4539 4540/5028/4540
f 4531/5029/4530 4527/5027/4526 4540/5028/4540 4541/5030/4541
f 4534/5031/4534 4531/5029/4530 4541/5030/4541 4542/5032/4542
f 4543/5033/4543 4535/5034/4535 4534/5031/4534 4542/5032/4542
f 4544/5035/4544 4509/4991/4508 4515/4998/4515 4517/5001/4517
f 4514/4996/4513 4545/5036/4545 4458/4937/4460 4459/4936/4459
f 4546/5037/4546 4508/4992/4509 4509/4991/4508 4544/5035/4544
f 4508/4992/4509 4546/5037/4546 4545/5036/4545 4514/4996/4513
f 4547/5038/4547 4550/5039/4548 4549/5040/4549 4548/5041/4550
f 4551/5042/4551 4554/5043/4552 4553/5044/4553 4552/5045/4554
f 4555/5046/4555 4554/5047/4552 4557/5048/4556 4556/5049/4557
f 4558/5050/4558 4561/5051/4559 4560/5052/4560 4559/5053/4561
f 4561/5051/4559 4563/5054/4562 4562/5055/4563 4560/5052/4560
f 4564/5056/4564 4553/5044/4553 4554/5043/4552 4555/5057/4555
f 4556/5049/4557 4566/5058/4565 4565/5059/4566 4555/5046/4555
f 4567/5060/4567 4551/5042/4551 4552/5045/4554 4568/5061/4568
f 4551/5062/4551 4569/5063/4569 4557/5048/4556 4554/5047/4552
f 4561/5064/4559 4558/5065/4558 4571/5066/4570 4570/5067/4571
f 4561/5064/4559 4570/5067/4571 4572/5068/4572 4563/5069/4562
f 4469/4946/4469 4470/4949/4472 4557/5048/4556 4569/5063/4569
f 4557/5048/4556 4470/4949/4472 4486/4965/4487 4556/5049/4557
f 4492/4970/4491 4469/4946/4469 4569/5063/4569 4573/5070/4573
f 4499/4977/4497 4559/5053/4561 4560/5052/4560 4498/4978/4498
f 4560/5052/4560 4562/5055/4563 4503/4984/4502 4498/4978/4498
f 4544/5035/4544 4553/5044/4553 4564/5056/4564 4546/5037/4546
f 4525/5011/4524 4572/5068/4572 4570/5067/4571 4524/5012/4525
f 4570/5067/4571 4571/5066/4570 4523/5010/4523 4524/5012/4525
f 4546/5037/4546 4564/5056/4564 4574/5071/4574 4545/5036/4545
f 4552/5045/4554 4553/5044/4553 4544/5035/4544 4517/5001/4517
f 4558/5065/4558 4567/5060/4567 4568/5061/4568 4571/5066/4570
f 4567/5072/4567 4573/5070/4573 4569/5063/4569 4551/5062/4551
f 4573/5070/4573 4559/5053/4561 4499/4977/4497 4492/4970/4491
f 4517/5001/4517 4518/5002/4518 4568/5061/4568 4552/5045/4554
f 4565/5073/4566 4574/5071/4574 4564/5056/4564 4555/5057/4555
f 4566/5058/4565 4575/5074/4575 4549/5075/4549 4565/5059/4566
f 4566/5058/4565 4556/5049/4557 4486/4965/4487 4520/5004/4520
f 4545/5036/4545 4574/5071/4574 4550/5039/4548 4458/4937/4460
f 4565/5073/4566 4549/5040/4549 4550/5039/4548 4574/5071/4574
f 4575/5074/4575 4566/5058/4565 4520/5004/4520 4464/4939/4462
f 4464/4939/4462 4461/4938/4461 4576/5076/4576 4575/5074/4575
f 4547/5038/4547 4457/4934/4457 4458/4937/4460 4550/5039/4548
f 4573/5070/4573 4567/5072/4567 4558/5050/4558 4559/5053/4561
f 4523/5010/4523 4571/5066/4570 4568/5061/4568 4518/5002/4518
f 4563/5069/4562 4572/5068/4572 4578/5077/4577 4577/5078/4578
f 4529/5016/4529 4578/5077/4577 4572/5068/4572 4525/5011/4524
f 4577/5078/4578 4578/5077/4577 4580/5079/4579 4579/5080/4580
f 4580/5079/4579 4578/5077/4577 4529/5016/4529 4533/5020/4533
f 4580/5079/4579 4533/5020/4533 4535/5022/4535 4579/5080/4580
f 4537/5023/4536 4503/4984/4502 4562/5055/4563 4581/5081/4581
f 4581/5081/4581 4562/5055/4563 4563/5054/4562 4582/5082/4582
f 4582/5082/4582 4563/5054/4562 4577/5083/4578 4583/5084/4583
f 4583/5084/4583 4577/5083/4578 4579/5085/4580 4584/5086/4584
f 4584/5086/4584 4579/5085/4580 4535/5034/4535 4543/5033/4543
f 4585/5087/4585 4588/5088/4586 4587/5089/4587 4586/5090/4588
f 4589/5091/4589 4592/5092/4590 4591/5093/4591 4590/5094/4592
f 4593/5095/4593 4596/5096/4594 4595/5097/4595 4594/5098/4596
f 4597/5099/4597 4591/5100/4591 4599/5101/4598 4598/5102/4599
f 4600/5103/4600 4602/5104/4601 4594/5105/4596 4601/5106/4602
f 4603/5107/4603 4599/5108/4598 4591/5093/4591 4592/5092/4590
f 4598/5102/4599 4599/5101/4598 4605/5109/4604 4604/5110/4605
f 4589/5091/4589 4590/5094/4592 4607/5111/4606 4606/5112/4607
f 4591/5100/4591 4597/5099/4597 4608/5113/4608 4590/5114/4592
f 4609/5115/4609 4593/5095/4593 4594/5098/4596 4602/5116/4601
f 4597/5099/4597 4611/5117/4610 4610/5118/4611 4608/5113/4608
f 4601/5106/4602 4614/5119/4612 4613/5120/4613 4612/5121/4614
f 4615/5122/4615 4588/5123/4586 4585/5124/4585 4616/5125/4616
f 4598/5102/4599 4617/5126/4617 4611/5117/4610 4597/5099/4597
f 4608/5113/4608 4610/5118/4611 4619/5127/4618 4618/5128/4619
f 4620/5129/4620 4600/5103/4600 4601/5106/4602 4612/5121/4614
f 4621/5130/4621 4603/5107/4603 4592/5092/4590 4622/5131/4622
f 4623/5132/4623 4624/5133/4624 4593/5095/4593 4609/5115/4609
f 4621/5130/4621 4626/5134/4625 4625/5135/4626 4603/5107/4603
f 4622/5131/4622 4592/5092/4590 4589/5091/4589 4627/5136/4627
f 4594/5105/4596 4595/5137/4595 4614/5119/4612 4601/5106/4602
f 4593/5095/4593 4624/5133/4624 4628/5138/4628 4596/5096/4594
f 4606/5112/4607 4607/5111/4606 4595/5097/4595 4596/5096/4594
f 4608/5113/4608 4618/5128/4619 4607/5139/4606 4590/5114/4592
f 4613/5120/4613 4614/5119/4612 4618/5128/4619 4619/5127/4618
f 4627/5136/4627 4589/5091/4589 4606/5112/4607 4629/5140/4629
f 4625/5135/4626 4605/5141/4604 4599/5108/4598 4603/5107/4603
f 4604/5110/4605 4605/5109/4604 4588/5123/4586 4615/5122/4615
f 4604/5110/4605 4630/5142/4630 4617/5126/4617 4598/5102/4599
f 4587/5089/4587 4625/5135/4626 4626/5134/4625 4631/5143/4631
f 4587/5089/4587 4588/5088/4586 4605/5141/4604 4625/5135/4626
f 4615/5122/4615 4632/5144/4632 4630/5142/4630 4604/5110/4605
f 4631/5143/4631 4633/5145/4633 4586/5090/4588 4587/5089/4587
f 4595/5137/4595 4607/5139/4606 4618/5128/4619 4614/5119/4612
f 4628/5138/4628 4629/5140/4629 4606/5112/4607 4596/5096/4594
f 4609/5115/4609 4602/5116/4601 4635/5146/4634 4634/5147/4635
f 4609/5115/4609 4634/5147/4635 4636/5148/4636 4623/5132/4623
f 4635/5146/4634 4638/5149/4637 4637/5150/4638 4634/5147/4635
f 4634/5147/4635 4637/5150/4638 4639/5151/4639 4636/5148/4636
f 4638/5149/4637 4641/5152/4640 4640/5153/4641 4637/5150/4638
f 4639/5151/4639 4637/5150/4638 4640/5153/4641 4642/5154/4642
f 4640/5153/4641 4641/5152/4640 4643/5155/4643 4642/5154/4642
f 4600/5103/4600 4620/5129/4620 4645/5156/4644 4644/5157/4645
f 4602/5104/4601 4600/5103/4600 4644/5157/4645 4646/5158/4646
f 4635/5159/4634 4602/5104/4601 4646/5158/4646 4647/5160/4647
f 4638/5161/4637 4635/5159/4634 4647/5160/4647 4648/5162/4648
f 4641/5163/4640 4638/5161/4637 4648/5162/4648 4649/5164/4649
f 4643/5165/4643 4641/5163/4640 4649/5164/4649 4650/5166/4650
f 4651/5167/4651 4652/5168/4652 4633/5145/4633 4631/5143/4631
f 4653/5169/4653 4655/5170/4654 4654/5171/4655 4632/5144/4632
f 4656/5172/4656 4659/5173/4657 4658/5174/4658 4657/5175/4659
f 4610/5118/4611 4611/5117/4610 4661/5176/4660 4660/5177/4661
f 4662/5178/4662 4665/5179/4663 4664/5180/4664 4663/5181/4665
f 4666/5182/4666 4667/5183/4667 4612/5121/4614 4613/5120/4613
f 4668/5184/4668 4671/5185/4669 4670/5186/4670 4669/5187/4671
f 4672/5188/4672 4662/5189/4662 4674/5190/4673 4673/5191/4674
f 4671/5192/4669 4677/5193/4675 4676/5194/4676 4675/5195/4677
f 4678/5196/4678 4661/5176/4660 4611/5117/4610 4617/5126/4617
f 4679/5197/4679 4665/5179/4663 4662/5178/4662 4672/5198/4672
f 4673/5191/4674 4681/5199/4680 4680/5200/4681 4672/5188/4672
f 4610/5118/4611 4660/5177/4661 4682/5201/4682 4619/5127/4618
f 4664/5180/4664 4684/5202/4683 4683/5203/4684 4663/5181/4665
f 4674/5190/4673 4662/5189/4662 4663/5204/4665 4685/5205/4685
f 4620/5129/4620 4612/5121/4614 4667/5183/4667 4686/5206/4686
f 4671/5185/4669 4668/5184/4668 4687/5207/4687 4677/5208/4675
f 4660/5177/4661 4661/5176/4660 4674/5190/4673 4685/5205/4685
f 4667/5183/4667 4666/5182/4666 4688/5209/4688 4675/5195/4677
f 4689/5210/4689 4690/5211/4690 4654/5171/4655 4655/5170/4654
f 4661/5176/4660 4678/5196/4678 4673/5191/4674 4674/5190/4673
f 4660/5177/4661 4685/5205/4685 4691/5212/4691 4682/5201/4682
f 4686/5206/4686 4667/5183/4667 4675/5195/4677 4676/5194/4676
f 4692/5213/4692 4665/5179/4663 4679/5197/4679 4693/5214/4693
f 4694/5215/4694 4687/5207/4687 4668/5184/4668 4695/5216/4695
f 4696/5217/4696 4697/5218/4697 4693/5214/4693 4679/5197/4679
f 4665/5179/4663 4692/5213/4692 4698/5219/4698 4664/5180/4664
f 4671/5192/4669 4675/5195/4677 4688/5209/4688 4670/5220/4670
f 4669/5187/4671 4699/5221/4699 4695/5216/4695 4668/5184/4668
f 4699/5221/4699 4628/5138/4628 4624/5133/4624 4695/5216/4695
f 4666/5182/4666 4613/5120/4613 4619/5127/4618 4682/5201/4682
f 4684/5202/4683 4669/5187/4671 4670/5186/4670 4683/5203/4684
f 4683/5222/4684 4691/5212/4691 4685/5205/4685 4663/5204/4665
f 4688/5209/4688 4666/5182/4666 4682/5201/4682 4691/5212/4691
f 4664/5180/4664 4698/5219/4698 4700/5223/4700 4684/5202/4683
f 4700/5223/4700 4698/5219/4698 4627/5136/4627 4629/5140/4629
f 4678/5196/4678 4617/5126/4617 4630/5142/4630 4701/5224/4701
f 4679/5197/4679 4672/5198/4672 4680/5225/4681 4696/5217/4696
f 4681/5199/4680 4690/5211/4690 4657/5226/4659 4680/5200/4681
f 4681/5199/4680 4673/5191/4674 4678/5196/4678 4701/5224/4701
f 4697/5218/4697 4696/5217/4696 4658/5174/4658 4651/5167/4651
f 4701/5224/4701 4630/5142/4630 4632/5144/4632 4654/5171/4655
f 4657/5175/4659 4658/5174/4658 4696/5217/4696 4680/5225/4681
f 4701/5224/4701 4654/5171/4655 4690/5211/4690 4681/5199/4680
f 4657/5226/4659 4690/5211/4690 4689/5210/4689 4656/5227/4656
f 4652/5168/4652 4651/5167/4651 4658/5174/4658 4659/5173/4657
f 4688/5209/4688 4691/5212/4691 4683/5222/4684 4670/5220/4670
f 4684/5202/4683 4700/5223/4700 4699/5221/4699 4669/5187/4671
f 4628/5138/4628 4699/5221/4699 4700/5223/4700 4629/5140/4629
f 4627/5136/4627 4698/5219/4698 4692/5213/4692 4622/5131/4622
f 4695/5216/4695 4624/5133/4624 4623/5132/4623 4694/5215/4694
f 4697/5218/4697 4651/5167/4651 4631/5143/4631 4626/5134/4625
f 4622/5131/4622 4692/5213/4692 4693/5214/4693 4621/5130/4621
f 4621/5130/4621 4693/5214/4693 4697/5218/4697 4626/5134/4625
f 4702/5228/4702 4677/5208/4675 4687/5207/4687 4703/5229/4703
f 4687/5207/4687 4694/5215/4694 4704/5230/4704 4703/5229/4703
f 4694/5215/4694 4623/5132/4623 4636/5148/4636 4704/5230/4704
f 4702/5228/4702 4703/5229/4703 4706/5231/4705 4705/5232/4706
f 4703/5229/4703 4704/5230/4704 4707/5233/4707 4706/5231/4705
f 4639/5151/4639 4707/5233/4707 4704/5230/4704 4636/5148/4636
f 4705/5232/4706 4706/5231/4705 4709/5234/4708 4708/5235/4709
f 4709/5234/4708 4706/5231/4705 4707/5233/4707 4710/5236/4710
f 4710/5236/4710 4707/5233/4707 4639/5151/4639 4642/5154/4642
f 4711/5237/4711 4708/5235/4709 4709/5234/4708 4710/5236/4710
f 4642/5154/4642 4643/5155/4643 4711/5237/4711 4710/5236/4710
f 4686/5206/4686 4712/5238/4712 4645/5156/4644 4620/5129/4620
f 4712/5238/4712 4686/5206/4686 4676/5194/4676 4713/5239/4713
f 4713/5239/4713 4676/5194/4676 4677/5193/4675 4714/5240/4714
f 4714/5240/4714 4677/5193/4675 4702/5241/4702 4715/5242/4715
f 4715/5242/4715 4702/5241/4702 4705/5243/4706 4716/5244/4716
f 4716/5244/4716 4705/5243/4706 4708/5245/4709 4717/5246/4717
f 4717/5246/4717 4708/5245/4709 4711/5247/4711 4718/5248/4718
f 4643/5165/4643 4650/5166/4650 4718/5248/4718 4711/5247/4711
f 4719/5249/4719 4722/5250/4720 4721/5251/4721 4720/5252/4722
f 4723/5253/4723 4726/5254/4724 4725/5255/4725 4724/5256/4726
f 4727/5257/4727 4729/5258/4728 4720/5259/4722 4728/5260/4729
f 4730/5261/4730 4723/5262/4723 4724/5263/4726 4731/5264/4731
f 4731/5264/4731 4724/5263/4726 4733/5265/4732 4732/5266/4733
f 4733/5267/4732 4735/5268/4734 4734/5269/4735 4721/5270/4721
f 4736/5271/4736 4719/5272/4719 4720/5259/4722 4729/5258/4728
f 4737/5273/4737 4738/5274/4738 4728/5260/4729 4734/5269/4735
f 4739/5275/4739 4742/5276/4740 4741/5277/4741 4740/5278/4742
f 4743/5279/4743 4725/5255/4725 4726/5254/4724 4744/5280/4744
f 4725/5255/4725 4743/5279/4743 4745/5281/4745 4735/5268/4734
f 4728/5260/4729 4738/5274/4738 4746/5282/4746 4727/5257/4727
f 4730/5261/4730 4731/5264/4731 4748/5283/4747 4747/5284/4748
f 4749/5285/4749 4750/5286/4750 4719/5249/4719 4736/5287/4736
f 4732/5266/4733 4722/5250/4720 4752/5288/4751 4751/5289/4752
f 4720/5259/4722 4721/5270/4721 4734/5269/4735 4728/5260/4729
f 4752/5288/4751 4722/5250/4720 4719/5249/4719 4750/5286/4750
f 4724/5256/4726 4725/5255/4725 4735/5268/4734 4733/5267/4732
f 4732/5266/4733 4751/5289/4752 4748/5283/4747 4731/5264/4731
f 4726/5254/4724 4723/5253/4723 4754/5290/4753 4753/5291/4754
f 4755/5292/4755 4730/5261/4730 4747/5284/4748 4756/5293/4756
f 4730/5261/4730 4755/5292/4755 4754/5294/4753 4723/5262/4723
f 4753/5291/4754 4757/5295/4757 4744/5280/4744 4726/5254/4724
f 4758/5296/4758 4761/5297/4759 4760/5298/4760 4759/5299/4761
f 4762/5300/4762 4755/5292/4755 4756/5293/4756 4763/5301/4763
f 4721/5251/4721 4722/5250/4720 4732/5266/4733 4733/5265/4732
f 4737/5273/4737 4734/5269/4735 4735/5268/4734 4745/5281/4745
f 4736/5271/4736 4729/5258/4728 4765/5302/4764 4764/5303/4765
f 4749/5285/4749 4736/5287/4736 4764/5304/4765 4766/5305/4766
f 4765/5302/4764 4768/5306/4767 4767/5307/4768 4764/5303/4765
f 4764/5304/4765 4767/5308/4768 4769/5309/4769 4766/5305/4766
f 4768/5306/4767 4771/5310/4770 4770/5311/4771 4767/5307/4768
f 4769/5309/4769 4767/5308/4768 4770/5312/4771 4772/5313/4772
f 4770/5311/4771 4771/5310/4770 4773/5314/4773 4772/5315/4772
f 4774/5316/4774 4775/5317/4775 4763/5301/4763 4756/5293/4756
f 4776/5318/4776 4778/5319/4777 4777/5320/4778 4757/5295/4757
f 4779/5321/4779 4782/5322/4780 4781/5323/4781 4780/5324/4782
f 4783/5325/4783 4784/5326/4784 4738/5274/4738 4737/5273/4737
f 4785/5327/4785 4788/5328/4786 4787/5329/4787 4786/5330/4788
f 4789/5331/4789 4792/5332/4790 4791/5333/4791 4790/5334/4792
f 4786/5330/4788 4795/5335/4793 4794/5336/4794 4793/5337/4795
f 4796/5338/4796 4743/5279/4743 4744/5280/4744 4797/5339/4797
f 4790/5334/4792 4791/5333/4791 4799/5340/4798 4798/5341/4799
f 4800/5342/4800 4745/5281/4745 4743/5279/4743 4796/5338/4796
f 4798/5341/4799 4802/5343/4801 4801/5344/4802 4790/5334/4792
f 4785/5327/4785 4804/5345/4803 4803/5346/4804 4801/5344/4802
f 4746/5282/4746 4738/5274/4738 4784/5326/4784 4805/5347/4805
f 4786/5330/4788 4787/5329/4787 4806/5348/4806 4795/5335/4793
f 4793/5337/4795 4784/5326/4784 4783/5325/4783 4804/5345/4803
f 4778/5319/4777 4809/5349/4807 4808/5350/4808 4807/5351/4809
f 4789/5331/4789 4796/5338/4796 4797/5339/4797 4792/5332/4790
f 4789/5331/4789 4803/5346/4804 4800/5342/4800 4796/5338/4796
f 4805/5347/4805 4784/5326/4784 4793/5337/4795 4794/5336/4794
f 4798/5352/4799 4799/5353/4798 4811/5354/4810 4810/5355/4811
f 4812/5356/4812 4806/5357/4806 4787/5358/4787 4813/5359/4813
f 4802/5360/4801 4815/5361/4814 4814/5362/4815 4788/5363/4786
f 4804/5345/4803 4785/5327/4785 4786/5330/4788 4793/5337/4795
f 4813/5359/4813 4787/5358/4787 4788/5363/4786 4814/5362/4815
f 4750/5286/4750 4813/5359/4813 4814/5362/4815 4752/5288/4751
f 4801/5344/4802 4803/5346/4804 4789/5331/4789 4790/5334/4792
f 4802/5360/4801 4798/5352/4799 4810/5355/4811 4815/5361/4814
f 4748/5283/4747 4751/5289/4752 4815/5361/4814 4810/5355/4811
f 4781/5323/4781 4791/5333/4791 4792/5332/4790 4816/5364/4816
f 4799/5353/4798 4782/5365/4780 4774/5316/4774 4811/5354/4810
f 4757/5295/4757 4777/5320/4778 4797/5339/4797 4744/5280/4744
f 4782/5322/4780 4799/5340/4798 4791/5333/4791 4781/5323/4781
f 4777/5320/4778 4816/5364/4816 4792/5332/4790 4797/5339/4797
f 4782/5365/4780 4779/5366/4779 4775/5317/4775 4774/5316/4774
f 4783/5325/4783 4737/5273/4737 4745/5281/4745 4800/5342/4800
f 4785/5327/4785 4801/5344/4802 4802/5343/4801 4788/5328/4786
f 4804/5345/4803 4783/5325/4783 4800/5342/4800 4803/5346/4804
f 4747/5284/4748 4748/5283/4747 4810/5355/4811 4811/5354/4810
f 4817/5367/4817 4795/5335/4793 4806/5348/4806 4818/5368/4818
f 4806/5357/4806 4812/5356/4812 4819/5369/4819 4818/5370/4818
f 4812/5356/4812 4749/5285/4749 4766/5305/4766 4819/5369/4819
f 4817/5367/4817 4818/5368/4818 4821/5371/4820 4820/5372/4821
f 4818/5370/4818 4819/5369/4819 4822/5373/4822 4821/5374/4820
f 4769/5309/4769 4822/5373/4822 4819/5369/4819 4766/5305/4766
f 4820/5372/4821 4821/5371/4820 4824/5375/4823 4823/5376/4824
f 4825/5377/4825 4824/5378/4823 4821/5374/4820 4822/5373/4822
f 4769/5309/4769 4772/5313/4772 4825/5377/4825 4822/5373/4822
f 4824/5375/4823 4825/5379/4825 4826/5380/4826 4823/5376/4824
f 4772/5315/4772 4773/5314/4773 4826/5380/4826 4825/5379/4825
f 4814/5362/4815 4815/5361/4814 4751/5289/4752 4752/5288/4751
f 4749/5285/4749 4812/5356/4812 4813/5359/4813 4750/5286/4750
f 4811/5354/4810 4774/5316/4774 4756/5293/4756 4747/5284/4748
f 4333/4785/4334 4828/5381/4827 4827/5382/4828 4331/4782/4331
f 4417/4883/4419 4418/4882/4418 4830/5383/4829 4829/5384/4830
f 4659/5173/4657 4656/5172/4656 4832/5385/4831 4831/5386/4832
f 4762/5300/4762 4831/5386/4832 4832/5385/4831 4742/5387/4740
f 4269/4714/4267 4834/5388/4833 4833/5389/4834 4268/4715/4268
f 4586/5090/4588 4829/5384/4830 4830/5383/4829 4585/5087/4585
f 4827/5390/4828 4548/5391/4550 4836/5392/4835 4835/5393/4836
f 4837/5394/4837 4840/5395/4838 4839/5396/4839 4838/5397/4840
f 4841/5398/4841 4843/5399/4842 4837/5394/4837 4842/5400/4843
f 4843/5399/4842 4841/5398/4841 4845/5401/4844 4844/5402/4845
f 4758/5296/4758 4759/5299/4761 4847/5403/4846 4846/5404/4847
f 4848/5405/4848 4851/5406/4849 4850/5407/4850 4849/5408/4851
f 4852/5409/4852 4853/5410/4853 4269/4714/4267 4266/4713/4266
f 4330/4781/4332 4331/4780/4331 4855/5411/4854 4854/5412/4855
f 4856/5413/4856 4857/5414/4857 4832/5415/4831 4656/5227/4656
f 4689/5210/4689 4655/5170/4654 4859/5416/4858 4858/5417/4859
f 4851/5406/4849 4861/5418/4860 4860/5419/4861 4850/5407/4850
f 4862/5420/4862 4865/5421/4863 4864/5422/4864 4863/5423/4865
f 4755/5292/4755 4762/5300/4762 4742/5387/4740 4754/5294/4753
f 4863/5423/4865 4864/5422/4864 4866/5424/4866 4740/5278/4742
f 1731/5425/1731 4868/5426/4867 4867/5427/4868 1734/5428/1734
f 4461/4938/4461 4870/5429/4869 4869/5430/4870 4576/5076/4576
f 4740/5278/4742 4866/5424/4866 4776/5318/4776 4739/5275/4739
f 4830/5431/4829 4418/4919/4418 4872/5432/4871 4871/5433/4872
f 4873/5434/4873 4874/5435/4874 4854/5412/4855 4855/5411/4854
f 4875/5436/4875 4323/4770/4323 1719/4773/1721 1720/5437/1720
f 4876/5438/4876 4859/5416/4858 4655/5170/4654 4653/5169/4653
f 4877/5439/4877 4880/5440/4878 4879/5441/4879 4878/5442/4880
f 4836/5392/4835 4873/5434/4873 4855/5411/4854 4835/5393/4836
f 4778/5319/4777 4776/5318/4776 4866/5424/4866 4809/5349/4807
f 4881/5443/4881 4882/5444/4882 4505/4988/4505 4467/5009/4467
f 4883/5445/4883 4885/5446/4884 4884/5447/4885 4273/4718/4271
f 4870/5429/4869 4461/4938/4461 4462/4941/4464 4886/5448/4886
f 4887/5449/4887 4274/4721/4274 4275/4724/4277 4888/5450/4888
f 4505/4988/4505 4882/5444/4882 4886/5448/4886 4462/4941/4464
f 4873/5434/4873 4836/5392/4835 4869/5430/4870 4889/5451/4889
f 4835/5393/4836 4855/5411/4854 4331/4780/4331 4827/5390/4828
f 4872/5432/4871 4418/4919/4418 4445/4918/4445 4890/5452/4890
f 4889/5451/4889 4869/5430/4870 4870/5429/4869 4891/5453/4891
f 4892/5454/4892 4895/5455/4893 4894/5456/4894 4893/5457/4895
f 4896/5458/4896 4897/5459/4897 1726/5460/1726 1725/5461/1725
f 4898/5462/4898 4780/5324/4782 4807/5351/4809 4808/5350/4808
f 4891/5453/4891 4870/5429/4869 4886/5448/4886 4899/5463/4899
f 4273/4718/4271 4270/4717/4270 4900/5464/4900 4883/5445/4883
f 4901/5465/4901 4903/5466/4902 4272/4719/4272 4902/5467/4903
f 4287/4734/4287 4905/5468/4904 4904/5469/4905 4286/4735/4288
f 4906/5470/4906 4908/5471/4907 4907/5472/4908 4862/5420/4862
f 4909/5473/4909 4911/5474/4910 4910/5475/4911 4907/5472/4908
f 4899/5463/4899 4886/5448/4886 4882/5444/4882 4912/5476/4912
f 4881/5443/4881 4913/5477/4913 4912/5476/4912 4882/5444/4882
f 4914/5478/4914 4917/5479/4915 4916/5480/4916 4915/5481/4917
f 4284/4730/4283 4260/4707/4260 4261/4706/4259 4918/5482/4918
f 4919/5483/4919 4547/5038/4547 4828/5381/4827 4920/5484/4920
f 4921/5485/4921 4920/5484/4920 4828/5381/4827 4333/4785/4334
f 4921/5485/4921 4333/4785/4334 4328/4775/4326 4922/5486/4922
f 4457/4934/4457 4547/5038/4547 4919/5483/4919 4923/5487/4923
f 4924/5488/4924 4925/5489/4925 4325/4774/4325 4417/4883/4419
f 4633/5145/4633 4927/5490/4926 4926/5491/4927 4586/5090/4588
f 4924/5488/4924 4417/4883/4419 4829/5384/4830 4928/5492/4928
f 4586/5090/4588 4926/5491/4927 4928/5492/4928 4829/5384/4830
f 4659/5173/4657 4930/5493/4929 4929/5494/4930 4652/5168/4652
f 4931/5495/4931 4934/5496/4932 4933/5497/4933 4932/5498/4934
f 4831/5386/4832 4935/5499/4935 4930/5493/4929 4659/5173/4657
f 4652/5168/4652 4929/5494/4930 4927/5490/4926 4633/5145/4633
f 4922/5486/4922 4328/4775/4326 4325/4774/4325 4925/5489/4925
f 4931/5495/4931 4932/5498/4934 4937/5500/4936 4936/5501/4937
f 4460/4935/4458 4457/4934/4457 4923/5487/4923 4938/5502/4938
f 4934/5496/4932 4931/5495/4931 4940/5503/4939 4939/5504/4940
f 4938/5502/4938 4465/4942/4465 4466/4945/4468 4460/4935/4458
f 4941/5505/4941 4779/5321/4779 4780/5324/4782 4898/5462/4898
f 4939/5504/4940 4940/5503/4939 4942/5506/4942 4316/4765/4318
f 4936/5501/4937 4937/5500/4936 4944/5507/4943 4943/5508/4944
f 4279/4725/4278 4254/4699/4254 4255/4698/4253 4945/5509/4945
f 4322/4767/4320 4947/5510/4946 4946/5511/4947 4321/4768/4321
f 4948/5512/4948 4945/5509/4945 4271/4720/4273 4949/5513/4949
f 4871/5433/4872 4950/5514/4950 4585/5124/4585 4830/5431/4829
f 4951/5515/4951 4853/5410/4853 4953/5516/4952 4952/5517/4953
f 4954/5518/4954 4956/5519/4955 4955/5520/4956 4465/4942/4465
f 4465/4942/4465 4938/5502/4938 4957/5521/4957 4954/5518/4954
f 4958/5522/4958 4959/5523/4959 4257/4702/4257 4256/4701/4256
f 4938/5502/4938 4923/5487/4923 4960/5524/4960 4957/5521/4957
f 4739/5275/4739 4776/5318/4776 4757/5295/4757 4753/5291/4754
f 4899/5463/4899 4962/5525/4961 4961/5526/4962 4891/5453/4891
f 4279/4725/4278 4964/5527/4963 4963/5528/4964 4278/4726/4279
f 4273/4718/4271 4884/5447/4885 4902/5467/4903 4272/4719/4272
f 4965/5529/4965 4308/4757/4310 4967/5530/4966 4966/5531/4967
f 4968/5532/4968 4971/5533/4969 4970/5534/4970 4969/5535/4971
f 4972/5536/4972 4974/5537/4973 4973/5538/4974 4468/5539/4466
f 4954/5518/4954 4957/5521/4957 4976/5540/4975 4975/5541/4976
f 4298/4743/4296 4295/4742/4295 4978/5542/4977 4977/5543/4978
f 4979/5544/4979 4298/5545/4296 4977/5546/4978 4980/5547/4980
f 4981/5548/4981 4953/5516/4952 4853/5410/4853 4852/5409/4852
f 4849/5408/4851 4760/5298/4760 4761/5297/4759 4848/5405/4848
f 4860/5419/4861 4861/5418/4860 4983/5549/4982 4982/5550/4983
f 4984/5551/4984 4906/5470/4906 4862/5420/4862 4985/5552/4985
f 4947/5510/4946 4322/4767/4320 4955/5520/4956 4956/5519/4955
f 4272/4719/4272 4903/5466/4902 4949/5513/4949 4271/4720/4273
f 4884/5447/4885 4987/5553/4986 4986/5554/4987 4902/5467/4903
f 4988/5555/4988 4989/5556/4989 4839/5396/4839 4840/5395/4838
f 4849/5408/4851 4991/5557/4990 4990/5558/4991 4874/5435/4874
f 4992/5559/4992 4846/5404/4847 4847/5403/4846 4993/5560/4993
f 4994/5561/4994 4297/5562/4297 4298/5545/4296 4979/5544/4979
f 4300/4749/4302 4301/4748/4301 4304/4753/4306 4305/4752/4305
f 4893/5457/4895 4997/5563/4995 4996/5564/4996 4995/5565/4997
f 4998/5566/4998 5001/5567/4999 5000/5568/5000 4999/5569/5001
f 4548/5041/4550 4827/5382/4828 4828/5381/4827 4547/5038/4547
f 5002/5570/5002 4937/5500/4936 4932/5498/4934 5003/5571/5003
f 4975/5541/4976 4976/5540/4975 5005/5572/5004 5004/5573/5005
f 5006/5574/5006 4292/4741/4294 4293/4740/4293 5007/5575/5007
f 5008/5576/5008 4981/5548/4981 4852/5409/4852 5009/5577/5009
f 5010/5578/5010 4775/5317/4775 4779/5366/4779 4941/5579/4941
f 5011/5580/5011 5013/5581/5012 5006/5582/5006 5012/5583/5013
f 4978/5542/4977 4295/4742/4295 4299/4746/4299 5014/5584/5014
f 1731/5425/1731 1732/5585/1732 5015/5586/5015 4868/5426/4867
f 5014/5584/5014 4299/4746/4299 4300/4749/4302 5016/5587/5016
f 5017/5588/5017 5018/5589/5018 5016/5587/5016 4300/4749/4302
f 5019/5590/5019 4763/5301/4763 4775/5317/4775 5010/5578/5010
f 5020/5591/5020 5023/5592/5021 5022/5593/5022 5021/5594/5023
f 5024/5595/5024 4316/4765/4318 4942/5506/4942 5025/5596/5025
f 4854/5412/4855 5027/5597/5026 5026/5598/5027 4330/4781/4332
f 4300/4749/4302 4305/4752/4305 5028/5599/5028 5017/5588/5017
f 4282/4729/4282 4263/4712/4265 5030/5600/5029 5029/5601/5030
f 4914/5478/4914 4915/5481/4917 5032/5602/5031 5031/5603/5032
f 5028/5599/5028 4305/4752/4305 4306/4751/4304 5033/5604/5033
f 4311/4759/4312 5034/5605/5034 5033/5604/5033 4306/4751/4304
f 4936/5501/4937 4942/5506/4942 4940/5503/4939 4931/5495/4931
f 5035/5606/5035 5036/5607/5036 5034/5605/5034 4311/4759/4312
f 4316/4765/4318 4317/4764/4317 4996/5564/4996 4939/5504/4940
f 5006/5574/5006 5007/5575/5007 5037/5608/5037 5012/5609/5013
f 4314/4761/4314 5038/5610/5038 5035/5606/5035 4311/4759/4312
f 5039/5611/5039 4901/5465/4901 5037/5608/5037 5007/5575/5007
f 4937/5500/4936 5002/5570/5002 5040/5612/5040 4944/5507/4943
f 5041/5613/5041 5021/5614/5023 5043/5615/5042 5042/5616/5043
f 5022/5593/5022 5044/5617/5044 5043/5618/5042 5021/5594/5023
f 5045/5619/5045 5047/5620/5046 4894/5621/4894 5046/5622/5047
f 5048/5623/5048 5046/5622/5047 5050/5624/5049 5049/5625/5050
f 5048/5623/5048 5051/5626/5051 5045/5619/5045 5046/5622/5047
f 5047/5627/5046 5052/5628/5052 4893/5457/4895 4894/5456/4894
f 5053/5629/5053 5054/5630/5054 5047/5620/5046 5045/5619/5045
f 5055/5631/5055 4303/4750/4303 4304/4753/4306 5056/5632/5056
f 5057/5633/5057 5042/5616/5043 4892/5454/4892 5058/5634/5058
f 5059/5635/5059 4312/4758/4311 4303/4750/4303 5055/5631/5055
f 4312/4758/4311 5059/5635/5059 5060/5636/5060 4313/4760/4313
f 5061/5637/5061 5062/5638/5062 4313/4760/4313 5060/5636/5060
f 5063/5639/5063 4971/5533/4969 5062/5638/5062 5061/5637/5061
f 5064/5640/5064 4970/5534/4970 4971/5533/4969 5063/5639/5063
f 5024/5595/5024 5005/5572/5004 4970/5534/4970 5064/5640/5064
f 5024/5595/5024 5025/5596/5025 5004/5573/5005 5005/5572/5004
f 4946/5511/4947 5004/5573/5005 5025/5596/5025 4943/5508/4944
f 5045/5619/5045 5051/5626/5051 5065/5641/5065 5053/5629/5053
f 5066/5642/5066 5052/5628/5052 5047/5627/5046 5054/5643/5054
f 4321/4768/4321 4946/5511/4947 4943/5508/4944 4944/5507/4943
f 4320/4769/4322 4321/4768/4321 4944/5507/4943 5040/5612/5040
f 5067/5644/5067 4320/5645/4322 5040/5646/5040 5068/5647/5068
f 4992/5559/4992 5067/5644/5067 5068/5647/5068 4844/5402/4845
f 4846/5404/4847 4992/5559/4992 4844/5402/4845 4845/5401/4844
f 4758/5296/4758 4846/5404/4847 4845/5401/4844 5069/5648/5069
f 5066/5642/5066 5071/5649/5070 5070/5650/5071 5052/5628/5052
f 5052/5628/5052 5070/5650/5071 4997/5563/4995 4893/5457/4895
f 4995/5565/4997 5058/5634/5058 4892/5454/4892 4893/5457/4895
f 5066/5642/5066 5054/5643/5054 5073/5651/5072 5072/5652/5073
f 4761/5297/4759 4758/5296/4758 5069/5648/5069 4267/4716/4269
f 4848/5405/4848 4761/5297/4759 4267/4716/4269 4268/4715/4268
f 5066/5642/5066 5072/5652/5073 5074/5653/5074 5071/5649/5070
f 5072/5652/5073 5073/5651/5072 5076/5654/5075 5075/5655/5076
f 4851/5406/4849 4848/5405/4848 4268/4715/4268 4833/5389/4834
f 5074/5653/5074 5072/5652/5073 5075/5655/5076 5077/5656/5077
f 5076/5654/5075 5079/5657/5078 5078/5658/5079 5075/5655/5076
f 4861/5418/4860 4851/5406/4849 4833/5389/4834 4276/4723/4276
f 5077/5656/5077 5075/5655/5076 5078/5658/5079 5080/5659/5080
f 4277/4722/4275 4983/5549/4982 4861/5418/4860 4276/4723/4276
f 5081/5660/5081 4983/5549/4982 4277/4722/4275 4280/4728/4281
f 5078/5658/5079 5079/5657/5078 5082/5661/5082 5080/5659/5080
f 5083/5662/5083 5084/5663/5084 5053/5629/5053 5065/5641/5065
f 4280/4728/4281 4288/4733/4286 4984/5551/4984 5081/5660/5081
f 5054/5630/5054 5053/5629/5053 5084/5663/5084 5085/5664/5085
f 5073/5665/5072 5054/5630/5054 5085/5664/5085 5086/5666/5086
f 5076/5667/5075 5073/5665/5072 5086/5666/5086 5087/5668/5087
f 5079/5669/5078 5076/5667/5075 5087/5668/5087 5088/5670/5088
f 4288/4733/4286 4285/4732/4285 4906/5470/4906 4984/5551/4984
f 5088/5670/5088 5089/5671/5089 5082/5672/5082 5079/5669/5078
f 4285/4732/4285 4289/4736/4289 4908/5471/4907 4906/5470/4906
f 4289/4736/4289 4294/4739/4292 4994/5561/4994 4908/5471/4907
f 4294/4739/4292 4291/4738/4291 4297/5562/4297 4994/5561/4994
f 4296/4745/4298 4297/4744/4297 4291/5673/4291 5090/5674/5090
f 5091/5675/5091 4301/4748/4301 4302/4747/4300 5092/5676/5092
f 5093/5677/5093 5057/5633/5057 5058/5634/5058 4995/5565/4997
f 4963/5528/4964 4952/5517/4953 4918/5482/4918 4278/4726/4279
f 4953/5516/4952 4284/4730/4283 4918/5482/4918 4952/5517/4953
f 4953/5516/4952 4981/5548/4981 4283/4731/4284 4284/4730/4283
f 5008/5576/5008 5094/5678/5094 4265/4710/4263 4262/4709/4262
f 4265/4710/4263 5094/5678/5094 4838/5397/4840 4264/4711/4264
f 5095/5679/5095 5098/5680/5096 5097/5681/5097 5096/5682/5098
f 5099/5683/5099 5100/5684/5100 5051/5626/5051 5048/5623/5048
f 5095/5685/5095 4933/5497/4933 5101/5686/5101 5098/5687/5096
f 5098/5680/5096 5103/5688/5102 5102/5689/5103 5097/5681/5097
f 5099/5683/5099 5105/5690/5104 5104/5691/5105 5096/5682/5098
f 5100/5684/5100 5099/5683/5099 5096/5682/5098 5097/5681/5097
f 5106/5692/5106 5101/5686/5101 4933/5497/4933 4934/5496/4932
f 5107/5693/5107 5108/5694/5108 5101/5686/5101 5106/5692/5106
f 5065/5641/5065 5051/5626/5051 5100/5684/5100 5109/5695/5109
f 5098/5687/5096 5101/5686/5101 5108/5694/5108 5103/5696/5102
f 5097/5681/5097 5102/5689/5103 5109/5695/5109 5100/5684/5100
f 5071/5649/5070 5107/5693/5107 5106/5692/5106 5070/5650/5071
f 5070/5650/5071 5106/5692/5106 4934/5496/4932 4997/5563/4995
f 5110/5697/5110 5111/5698/5111 5103/5696/5102 5108/5694/5108
f 5110/5697/5110 5108/5694/5108 5107/5693/5107 5112/5699/5112
f 5112/5699/5112 5107/5693/5107 5071/5649/5070 5074/5653/5074
f 5111/5698/5111 5110/5697/5110 5114/5700/5113 5113/5701/5114
f 5114/5700/5113 5110/5697/5110 5112/5699/5112 5115/5702/5115
f 5074/5653/5074 5077/5656/5077 5115/5702/5115 5112/5699/5112
f 5113/5701/5114 5114/5700/5113 5117/5703/5116 5116/5704/5117
f 5117/5703/5116 5114/5700/5113 5115/5702/5115 5118/5705/5118
f 5080/5659/5080 5118/5705/5118 5115/5702/5115 5077/5656/5077
f 5119/5706/5119 5116/5704/5117 5117/5703/5116 5118/5705/5118
f 5119/5706/5119 5118/5705/5118 5080/5659/5080 5082/5661/5082
f 5083/5662/5083 5065/5641/5065 5109/5695/5109 5120/5707/5120
f 5102/5689/5103 5121/5708/5121 5120/5707/5120 5109/5695/5109
f 5121/5708/5121 5102/5689/5103 5103/5688/5102 5122/5709/5122
f 5122/5709/5122 5103/5688/5102 5111/5710/5111 5123/5711/5123
f 5123/5711/5123 5111/5710/5111 5113/5712/5114 5124/5713/5124
f 5124/5713/5124 5113/5712/5114 5116/5714/5117 5125/5715/5125
f 5125/5715/5125 5116/5714/5117 5119/5716/5119 5126/5717/5126
f 5126/5717/5126 5119/5716/5119 5082/5672/5082 5089/5671/5089
f 5127/5718/5127 4839/5396/4839 4989/5556/4989 5128/5719/5128
f 5038/5610/5038 4314/4761/4314 5130/5720/5129 5129/5721/5130
f 4843/5399/4842 5131/5722/5131 4840/5395/4838 4837/5394/4837
f 4838/5397/4840 5094/5678/5094 4842/5400/4843 4837/5394/4837
f 4961/5526/4962 4759/5299/4761 4889/5451/4889 4891/5453/4891
f 5132/5723/5132 5133/5724/5133 5128/5719/5128 4989/5556/4989
f 5131/5722/5131 5002/5725/5002 5134/5726/5134 4840/5395/4838
f 4895/5455/4893 4892/5454/4892 5042/5616/5043 5043/5615/5042
f 4895/5727/4893 5043/5618/5042 5044/5617/5044 5050/5624/5049
f 4263/4712/4265 4264/4711/4264 5127/5718/5127 5030/5600/5029
f 4907/5472/4908 4979/5544/4979 4980/5547/4980 4909/5473/4909
f 4923/5487/4923 4919/5483/4919 5135/5728/5135 4960/5524/4960
f 5023/5592/5021 5136/5729/5136 5133/5724/5133 5132/5723/5132
f 4969/5535/4971 4970/5534/4970 5005/5572/5004 4976/5540/4975
f 5137/5730/5137 5138/5731/5138 4323/4770/4323 4875/5436/4875
f 4840/5395/4838 5134/5726/5134 5139/5732/5139 4988/5555/4988
f 5140/5733/5140 4762/5300/4762 4763/5301/4763 5019/5590/5019
f 5133/5724/5133 5136/5729/5136 4959/5523/4959 4958/5522/4958
f 4521/5008/4521 4522/5007/4522 4466/4945/4468 4467/4944/4467
f 4897/5734/4897 5141/5735/5141 1733/5736/1733 1726/5737/1726
f 4816/5364/4816 4807/5351/4809 4780/5324/4782 4781/5323/4781
f 5142/5738/5142 5145/5739/5143 5144/5740/5144 5143/5741/5145
f 5146/5742/5146 5135/5728/5135 4919/5483/4919 4920/5484/4920
f 4742/5276/4740 4832/5415/4831 4857/5414/4857 4741/5277/4741
f 4330/4781/4332 5026/5598/5027 4388/4847/4388 4329/4778/4329
f 5147/5743/5147 5136/5729/5136 5023/5592/5021 5020/5591/5020
f 5021/5614/5023 5041/5613/5041 5148/5744/5148 5020/5745/5020
f 5022/5593/5022 5023/5592/5021 5132/5723/5132 5149/5746/5149
f 4875/5436/4875 4916/5480/4916 4917/5479/4915 5137/5730/5137
f 5150/5747/5150 5049/5625/5050 5050/5624/5049 5044/5617/5044
f 4257/4702/4257 5151/5748/5151 1701/5749/1701 1704/4703/1706
f 5139/5732/5139 5105/5690/5104 5049/5625/5050 5150/5747/5150
f 5046/5622/5047 4894/5621/4894 4895/5727/4893 5050/5624/5049
f 5093/5677/5093 4317/4764/4317 4318/4763/4316 5152/5750/5152
f 5153/5751/5153 5029/5601/5030 5030/5600/5029 5154/5752/5154
f 5096/5682/5098 5104/5691/5105 5003/5753/5003 5095/5679/5095
f 5048/5623/5048 5049/5625/5050 5105/5690/5104 5099/5683/5099
f 4939/5504/4940 4996/5564/4996 4997/5563/4995 4934/5496/4932
f 4932/5498/4934 4933/5497/4933 5095/5685/5095 5003/5571/5003
f 5152/5750/5152 4318/4763/4316 5156/5754/5155 5155/5755/5156
f 4995/5565/4997 4996/5564/4996 4317/4764/4317 5093/5677/5093
f 5146/5742/5146 4920/5484/4920 4921/5485/4921 5157/5756/5157
f 5134/5726/5134 5104/5691/5105 5105/5690/5104 5139/5732/5139
f 5063/5639/5063 5158/5757/5158 4315/4762/4315 5064/5640/5064
f 4316/4765/4318 5024/5595/5024 5064/5640/5064 4315/4762/4315
f 5159/5758/5159 4967/5530/4966 4308/4757/4310 4309/4756/4309
f 5160/5759/5160 5148/5744/5148 5041/5613/5041 5161/5760/5161
f 5104/5691/5105 5134/5726/5134 5002/5725/5002 5003/5753/5003
f 4904/5469/4905 4903/5466/4902 4901/5465/4901 5039/5611/5039
f 4253/4700/4255 1734/5428/1734 4867/5427/4868 4252/4697/4252
f 5091/5675/5091 4309/4756/4309 4310/4755/4308 5056/5632/5056
f 4762/5300/4762 5140/5733/5140 4935/5499/4935 4831/5386/4832
f 4318/4763/4316 4315/4762/4315 5158/5757/5158 5156/5754/5155
f 5161/5760/5161 5041/5613/5041 5042/5616/5043 5057/5633/5057
f 5129/5721/5130 5130/5720/5129 4968/5532/4968 5157/5756/5157
f 5009/5577/5009 4842/5400/4843 5094/5678/5094 5008/5576/5008
f 5128/5719/5128 5133/5724/5133 4958/5522/4958 5154/5752/5154
f 4807/5351/4809 4816/5364/4816 4777/5320/4778 4778/5319/4777
f 4974/5537/4973 4972/5536/4972 4319/5761/4319 5162/5762/5162
f 4988/5555/4988 5139/5732/5139 5150/5747/5150 5149/5746/5149
f 4905/5468/4904 4949/5513/4949 4903/5466/4902 4904/5469/4905
f 5162/5762/5162 4319/5761/4319 4320/5645/4322 5067/5644/5067
f 5149/5746/5149 5150/5747/5150 5044/5617/5044 5022/5593/5022
f 5156/5754/5155 5158/5757/5158 5164/5763/5163 5163/5764/5164
f 5165/5765/5165 4896/5458/4896 1725/5461/1725 1723/5766/1723
f 4902/5467/4903 4986/5554/4987 5037/5608/5037 4901/5465/4901
f 5007/5575/5007 4293/4740/4293 4290/4737/4290 5039/5611/5039
f 4294/4739/4292 4289/4736/4289 4290/4737/4290 4293/4740/4293
f 4979/5544/4979 4907/5472/4908 4908/5471/4907 4994/5561/4994
f 5020/5745/5020 5148/5744/5148 5166/5767/5166 5147/5768/5147
f 5002/5725/5002 5131/5722/5131 5068/5647/5068 5040/5646/5040
f 4839/5396/4839 5127/5718/5127 4264/4711/4264 4838/5397/4840
f 5167/5769/5167 4986/5554/4987 4987/5553/4986 5168/5770/5168
f 4896/5458/4896 5169/5771/5169 5168/5772/5168 4897/5459/4897
f 4878/5442/4880 5171/5773/5170 5170/5774/5171 4877/5439/4877
f 5148/5744/5148 5160/5759/5160 5172/5775/5172 5166/5767/5166
f 5131/5722/5131 4843/5399/4842 4844/5402/4845 5068/5647/5068
f 4922/5486/4922 5129/5721/5130 5157/5756/5157 4921/5485/4921
f 5081/5660/5081 4880/5440/4878 4982/5550/4983 4983/5549/4982
f 4925/5489/4925 5038/5610/5038 5129/5721/5130 4922/5486/4922
f 4924/5488/4924 5035/5606/5035 5038/5610/5038 4925/5489/4925
f 5173/5776/5173 4850/5407/4850 5175/5777/5174 5174/5778/5175
f 5036/5607/5036 5035/5606/5035 4924/5488/4924 4928/5492/4928
f 4926/5491/4927 5034/5605/5034 5036/5607/5036 4928/5492/4928
f 4949/5513/4949 4905/5468/4904 5176/5779/5176 4948/5512/4948
f 4912/5476/4912 4913/5477/4913 4993/5560/4993 4847/5403/4846
f 5135/5728/5135 5146/5742/5146 5157/5756/5157 4968/5532/4968
f 5067/5644/5067 4992/5559/4992 4993/5560/4993 5162/5762/5162
f 5160/5759/5160 5155/5755/5156 5177/5780/5177 5172/5775/5172
f 4916/5480/4916 4875/5436/4875 1720/5437/1720 1724/5781/1724
f 5143/5741/5145 5144/5740/5144 4310/4755/4308 4307/4754/4307
f 5163/5764/5164 5177/5780/5177 5155/5755/5156 5156/5754/5155
f 5006/5582/5006 5013/5581/5012 5178/5782/5178 4292/5783/4294
f 4314/4761/4314 4313/4760/4313 5062/5638/5062 5130/5720/5129
f 5152/5750/5152 5161/5760/5161 5057/5633/5057 5093/5677/5093
f 5155/5755/5156 5160/5759/5160 5161/5760/5161 5152/5750/5152
f 5179/5784/5179 4965/5529/4965 5181/5785/5180 5180/5786/5181
f 4948/5512/4948 5176/5779/5176 4887/5449/4887 4964/5527/4963
f 5182/5787/5182 5031/5603/5032 5172/5775/5172 5177/5780/5177
f 4965/5529/4965 4966/5531/4967 5183/5788/5183 5181/5785/5180
f 5138/5731/5138 5184/5789/5184 4324/4771/4324 4323/4770/4323
f 5185/5790/5185 5011/5580/5011 5012/5583/5013 5167/5791/5167
f 5130/5720/5129 5062/5638/5062 4971/5533/4969 4968/5532/4968
f 5031/5603/5032 5182/5787/5182 5186/5792/5186 4914/5478/4914
f 4917/5479/4915 4914/5478/4914 5186/5792/5186 5187/5793/5187
f 4865/5421/4863 4910/5475/4911 4911/5474/4910 4864/5422/4864
f 5060/5636/5060 4999/5569/5001 5164/5763/5163 5061/5637/5061
f 4968/5532/4968 4969/5535/4971 4960/5524/4960 5135/5728/5135
f 5188/5794/5188 5179/5784/5179 5180/5786/5181 5189/5795/5189
f 4986/5554/4987 5167/5769/5167 5012/5609/5013 5037/5608/5037
f 5137/5730/5137 4917/5479/4915 5187/5793/5187 5189/5795/5189
f 5059/5635/5059 5145/5739/5143 5190/5796/5190 5060/5636/5060
f 5138/5731/5138 5137/5730/5137 5189/5795/5189 5180/5786/5181
f 5055/5631/5055 5144/5740/5144 5145/5739/5143 5059/5635/5059
f 5184/5789/5184 5138/5731/5138 5180/5786/5181 5181/5785/5180
f 4927/5490/4926 5033/5604/5033 5034/5605/5034 4926/5491/4927
f 5165/5765/5165 5191/5797/5191 5169/5771/5169 4896/5458/4896
f 4969/5535/4971 4976/5540/4975 4957/5521/4957 4960/5524/4960
f 5031/5603/5032 5032/5602/5031 5166/5767/5166 5172/5775/5172
f 4271/4720/4273 4945/5509/4945 4255/4698/4253 4270/4717/4270
f 5187/5793/5187 5192/5798/5192 5188/5794/5188 5189/5795/5189
f 5191/5797/5191 5184/5789/5184 5181/5785/5180 5183/5788/5183
f 5167/5791/5167 5168/5772/5168 5169/5771/5169 5185/5790/5185
f 5162/5762/5162 4993/5560/4993 4913/5477/4913 4974/5537/4973
f 5191/5797/5191 5183/5788/5183 5185/5790/5185 5169/5771/5169
f 4253/4700/4255 4259/4708/4261 1711/5799/1712 1734/5428/1734
f 5158/5757/5158 5063/5639/5063 5061/5637/5061 5164/5763/5163
f 4964/5527/4963 4887/5449/4887 4888/5450/4888 4963/5528/4964
f 5056/5632/5056 4310/4755/4308 5144/5740/5144 5055/5631/5055
f 5000/5568/5000 5182/5787/5182 5177/5780/5177 5163/5764/5164
f 5056/5632/5056 4304/4753/4306 4301/4748/4301 5091/5675/5091
f 5183/5788/5183 4966/5531/4967 5011/5580/5011 5185/5790/5185
f 4324/4771/4324 5165/5765/5165 1723/5766/1723 1722/4772/1722
f 5163/5764/5164 5164/5763/5163 4999/5569/5001 5000/5568/5000
f 4912/5476/4912 4847/5403/4846 4962/5525/4961 4899/5463/4899
f 4881/5443/4881 4973/5538/4974 4974/5537/4973 4913/5477/4913
f 5127/5718/5127 5128/5719/5128 5154/5752/5154 5030/5600/5029
f 5182/5787/5182 5000/5568/5000 5001/5567/4999 5186/5792/5186
f 5192/5798/5192 5187/5793/5187 5186/5792/5186 5001/5567/4999
f 4881/5443/4881 4467/5009/4467 4468/5539/4466 4973/5538/4974
f 5028/5599/5028 5033/5604/5033 4927/5490/4926 4929/5494/4930
f 4890/5452/4890 5175/5777/5174 5193/5800/5193 4872/5432/4871
f 5193/5800/5193 5195/5801/5194 5194/5802/5195 4950/5514/4950
f 4742/5276/4740 4739/5275/4739 4753/5291/4754 4754/5290/4753
f 4836/5392/4835 4548/5391/4550 4576/5076/4576 4869/5430/4870
f 4616/5125/4616 4585/5124/4585 4950/5514/4950 5194/5802/5195
f 5092/5676/5092 5159/5758/5159 4309/4756/4309 5091/5675/5091
f 5027/5597/5026 5197/5803/5196 5196/5804/5197 5026/5598/5027
f 5136/5729/5136 5147/5743/5147 5198/5805/5198 4959/5523/4959
f 4930/5493/4929 5017/5588/5017 5028/5599/5028 4929/5494/4930
f 5090/5674/5090 4291/5673/4291 4292/5783/4294 5178/5782/5178
f 4388/4847/4388 5026/5598/5027 5196/5804/5197 4387/4846/4387
f 4387/4846/4387 5196/5804/5197 4445/4918/4445 4444/4916/4444
f 4930/5493/4929 4935/5499/4935 5018/5589/5018 5017/5588/5017
f 4575/5074/4575 4576/5076/4576 4548/5391/4550 4549/5075/4549
f 5140/5733/5140 5016/5587/5016 5018/5589/5018 4935/5499/4935
f 5019/5590/5019 5014/5584/5014 5016/5587/5016 5140/5733/5140
f 5010/5578/5010 4978/5542/4977 5014/5584/5014 5019/5590/5019
f 4941/5579/4941 4977/5543/4978 4978/5542/4977 5010/5578/5010
f 4980/5547/4980 4977/5546/4978 4941/5505/4941 4898/5462/4898
f 5196/5804/5197 5197/5803/5196 4890/5452/4890 4445/4918/4445
f 5165/5765/5165 4324/4771/4324 5184/5789/5184 5191/5797/5191
f 4898/5462/4898 4808/5350/4808 4909/5473/4909 4980/5547/4980
f 4911/5474/4910 4909/5473/4909 4808/5350/4808 4809/5349/4807
f 5199/5806/5199 4266/4713/4266 4267/4716/4269 5069/5648/5069
f 4759/5299/4761 4961/5526/4962 4962/5525/4961 4847/5403/4846
f 4849/5408/4851 4850/5407/4850 5173/5776/5173 4991/5557/4990
f 4877/5439/4877 5170/5774/5171 4982/5550/4983 4880/5440/4878
f 5194/5802/5195 4876/5438/4876 4653/5169/4653 4616/5125/4616
f 5200/5807/5200 4856/5413/4856 4858/5417/4859 4879/5441/4879
f 4910/5475/4911 4865/5421/4863 4862/5420/4862 4907/5472/4908
f 4964/5527/4963 4279/4725/4278 4945/5509/4945 4948/5512/4948
f 4281/4727/4280 5176/5779/5176 4905/5468/4904 4287/4734/4287
f 4616/5125/4616 4653/5169/4653 4632/5144/4632 4615/5122/4615
f 4856/5413/4856 4656/5227/4656 4689/5210/4689 4858/5417/4859
f 4809/5349/4807 4866/5424/4866 4864/5422/4864 4911/5474/4910
f 5151/5748/5151 4257/4702/4257 4959/5523/4959 5198/5805/5198
f 5081/5660/5081 4984/5551/4984 4985/5552/4985 4880/5440/4878
f 4288/4733/4286 4280/4728/4281 4281/4727/4280 4287/4734/4287
f 5171/5773/5170 5195/5801/5194 4982/5550/4983 5170/5774/5171
f 4274/4721/4274 4887/5449/4887 5176/5779/5176 4281/4727/4280
f 4991/5557/4990 5173/5776/5173 5174/5778/5175 4990/5558/4991
f 5200/5807/5200 4863/5423/4865 4740/5278/4742 4741/5277/4741
f 4275/4724/4277 4834/5388/4833 4951/5515/4951 4888/5450/4888
f 5013/5581/5012 5011/5580/5011 4966/5531/4967 4967/5530/4966
f 4276/4723/4276 4833/5389/4834 4834/5388/4833 4275/4724/4277
f 4853/5410/4853 4951/5515/4951 4834/5388/4833 4269/4714/4267
f 5009/5577/5009 4852/5409/4852 4266/4713/4266 5199/5806/5199
f 5199/5806/5199 4841/5398/4841 4842/5400/4843 5009/5577/5009
f 4841/5398/4841 5199/5806/5199 5069/5648/5069 4845/5401/4844
f 4985/5552/4985 4862/5420/4862 4863/5423/4865 5200/5807/5200
f 4985/5552/4985 5200/5807/5200 4879/5441/4879 4880/5440/4878
f 4860/5419/4861 4982/5550/4983 5195/5801/5194 5193/5800/5193
f 5175/5777/5174 4850/5407/4850 4860/5419/4861 5193/5800/5193
f 4760/5298/4760 4849/5408/4851 4874/5435/4874 4873/5434/4873
f 4889/5451/4889 4759/5299/4761 4760/5298/4760 4873/5434/4873
f 5027/5597/5026 4854/5412/4855 4874/5435/4874 4990/5558/4991
f 4990/5558/4991 5174/5778/5175 5197/5803/5196 5027/5597/5026
f 5197/5803/5196 5174/5778/5175 5175/5777/5174 4890/5452/4890
f 4942/5506/4942 4936/5501/4937 4943/5508/4944 5025/5596/5025
f 4872/5432/4871 5193/5800/5193 4950/5514/4950 4871/5433/4872
f 4947/5510/4946 4975/5541/4976 5004/5573/5005 4946/5511/4947
f 5195/5801/5194 5171/5773/5170 4876/5438/4876 5194/5802/5195
f 4876/5438/4876 5171/5773/5170 4878/5442/4880 4859/5416/4858
f 4859/5416/4858 4878/5442/4880 4879/5441/4879 4858/5417/4859
f 4856/5413/4856 5200/5807/5200 4741/5277/4741 4857/5414/4857
f 4956/5519/4955 4954/5518/4954 4975/5541/4976 4947/5510/4946
f 4278/4726/4279 4918/5482/4918 4261/4706/4259 4258/4705/4258
f 4952/5517/4953 4963/5528/4964 4888/5450/4888 4951/5515/4951
f 5190/5796/5190 4998/5566/4998 4999/5569/5001 5060/5636/5060
f 4260/4707/4260 4282/4729/4282 5029/5601/5030 4259/4708/4261
f 4253/4700/4255 4254/4699/4254 4258/4705/4258 4259/4708/4261
f 4259/4708/4261 5029/5601/5030 1709/5808/1709 1711/5799/1712
f 5029/5601/5030 5153/5751/5153 1707/5809/1708 1709/5808/1709
f 5153/5751/5153 4256/4701/4256 1705/4704/1705 1707/5809/1708
f 5149/5746/5149 5132/5723/5132 4989/5556/4989 4988/5555/4988
f 4915/5481/4917 5151/5810/5151 5198/5811/5198 5032/5602/5031
f 5032/5602/5031 5198/5811/5198 5147/5768/5147 5166/5767/5166
f 5039/5611/5039 4290/4737/4290 4286/4735/4288 4904/5469/4905
f 5142/5738/5142 5192/5798/5192 5001/5567/4999 4998/5566/4998
f 5143/5741/5145 5188/5794/5188 5192/5798/5192 5142/5738/5142
f 5188/5794/5188 5143/5741/5145 4307/4754/4307 5179/5784/5179
f 5179/5784/5179 4307/4754/4307 4308/4757/4310 4965/5529/4965
f 5145/5739/5143 5142/5738/5142 4998/5566/4998 5190/5796/5190
f 4468/4943/4466 4465/4942/4465 4955/5520/4956 4972/5812/4972
f 4322/4767/4320 4319/4766/4319 4972/5812/4972 4955/5520/4956
f 5141/5735/5141 4897/5734/4897 5168/5770/5168 4987/5553/4986
f 4987/5553/4986 4884/5447/4885 4885/5446/4884 5141/5735/5141
f 5159/5758/5159 5178/5782/5178 5013/5581/5012 4967/5530/4966
f 5178/5782/5178 5159/5758/5159 5092/5676/5092 5090/5674/5090
f 4296/4745/4298 5090/5674/5090 5092/5676/5092 4302/4747/4300
f 4915/5481/4917 4916/5480/4916 1724/5781/1724 1700/5813/1702
f 4302/4747/4300 4299/4746/4299 4295/4742/4295 4296/4745/4298
f 5154/5752/5154 4958/5522/4958 4256/4701/4256 5153/5751/5153
f 4252/4697/4252 4900/5464/4900 4270/4717/4270 4255/4698/4253
f 4262/4709/4262 4283/4731/4284 4981/5548/4981 5008/5576/5008
f 4263/4712/4265 4282/4729/4282 4283/4731/4284 4262/4709/4262
f 4900/5464/4900 4868/5426/4867 5015/5586/5015 4883/5445/4883
f 5015/5586/5015 1732/5585/1732 4885/5446/4884 4883/5445/4883
f 1733/5736/1733 5141/5735/5141 4885/5446/4884 1732/5585/1732
f 4867/5427/4868 4868/5426/4867 4900/5464/4900 4252/4697/4252
f 1700/5813/1702 1701/5814/1701 5151/5810/5151 4915/5481/4917
f 4415/4878/4415 4414/4877/4414 5202/5815/5201 5201/5816/5202
f 4413/4875/4413 5203/5817/5203 5202/5815/5201 4414/4877/4414
f 5204/5818/5204 4407/4867/4408 4408/4866/4407 5205/5819/5205
f 4407/4867/4408 5204/5818/5204 5206/5820/5206 4409/4868/4409
f 5207/5821/5207 5204/5818/5204 5205/5819/5205 5208/5822/5208
f 5207/5821/5207 5209/5823/5209 5206/5820/5206 5204/5818/5204
f 5201/5816/5202 5202/5815/5201 5207/5821/5207 5208/5822/5208
f 5203/5817/5203 5209/5823/5209 5207/5821/5207 5202/5815/5201
f 5206/5820/5206 5209/5823/5209 4410/4869/4410 4409/4868/4409
f 4412/4873/4412 4411/4871/4411 5203/5817/5203 4413/4875/4413
f 5209/5823/5209 5203/5817/5203 4411/4871/4411 4410/4869/4410
f 4456/4933/4456 4415/4878/4415 5201/5816/5202 5210/5824/5210
f 4408/4866/4407 4452/4926/4452 5211/5825/5211 5205/5819/5205
f 5208/5822/5208 5205/5819/5205 5211/5825/5211 5212/5826/5212
f 5201/5816/5202 5208/5822/5208 5212/5826/5212 5210/5824/5210
f 4453/4927/4453 5212/5826/5212 5211/5825/5211 4452/4926/4452
f 5210/5824/5210 4454/4929/4454 4455/4931/4455 4456/4933/4456
f 4454/4929/4454 5210/5824/5210 5212/5826/5212 4453/4927/4453
f 4542/5032/4542 5214/5827/5213 5213/5828/5214 4543/5033/4543
f 4541/5030/4541 5215/5829/5215 5214/5827/5213 4542/5032/4542
f 4537/5023/4536 5217/5830/5216 5216/5831/5217 4536/5024/4537
f 4536/5024/4537 5216/5831/5217 5218/5832/5218 4538/5025/4538
f 5214/5827/5213 5216/5831/5217 5217/5830/5216 5213/5828/5214
f 5214/5827/5213 5215/5829/5215 5218/5832/5218 5216/5831/5217
f 4538/5025/4538 5218/5832/5218 5215/5829/5215 4539/5026/4539
f 4540/5028/4540 4539/5026/4539 5215/5829/5215 4541/5030/4541
f 4584/5086/4584 4543/5033/4543 5213/5828/5214 5219/5833/5219
f 5220/5834/5220 5217/5830/5216 4537/5023/4536 4581/5081/4581
f 5213/5828/5214 5217/5830/5216 5220/5834/5220 5219/5833/5219
f 5219/5833/5219 5220/5834/5220 4581/5081/4581 4582/5082/4582
f 5219/5833/5219 4582/5082/4582 4583/5084/4583 4584/5086/4584
f 4649/5164/4649 5222/5835/5221 5221/5836/5222 4650/5166/4650
f 4645/5156/4644 5224/5837/5223 5223/5838/5224 4644/5157/4645
f 5225/5839/5225 5226/5840/5226 5223/5838/5224 5224/5837/5223
f 5226/5840/5226 5225/5839/5225 5221/5836/5222 5222/5835/5221
f 4644/5157/4645 5223/5838/5224 5226/5840/5226 4646/5158/4646
f 4648/5162/4648 4647/5160/4647 5222/5835/5221 4649/5164/4649
f 5226/5840/5226 5222/5835/5221 4647/5160/4647 4646/5158/4646
f 5227/5841/5227 4718/5248/4718 4650/5166/4650 5221/5836/5222
f 4717/5246/4717 4718/5248/4718 5227/5841/5227 5228/5842/5228
f 4645/5156/4644 4712/5238/4712 5229/5843/5229 5224/5837/5223
f 5230/5844/5230 5229/5843/5229 4712/5238/4712 4713/5239/4713
f 5231/5845/5231 5225/5839/5225 5224/5837/5223 5229/5843/5229
f 5231/5845/5231 5229/5843/5229 5230/5844/5230 5232/5846/5232
f 5225/5839/5225 5231/5845/5231 5227/5841/5227 5221/5836/5222
f 5231/5845/5231 5232/5846/5232 5228/5842/5228 5227/5841/5227
f 5230/5844/5230 4713/5239/4713 4714/5240/4714 5232/5846/5232
f 5228/5842/5228 4715/5242/4715 4716/5244/4716 4717/5246/4717
f 5232/5846/5232 4714/5240/4714 4715/5242/4715 5228/5842/5228
f 5233/5847/5233 4773/5314/4773 4771/5310/4770 5234/5848/5234
f 4746/5282/4746 5236/5849/5235 5235/5850/5236 4727/5257/4727
f 5237/5851/5237 5238/5852/5238 5235/5850/5236 5236/5849/5235
f 5238/5852/5238 5237/5851/5237 5233/5847/5233 5234/5848/5234
f 5238/5852/5238 4729/5258/4728 4727/5257/4727 5235/5850/5236
f 5234/5848/5234 4771/5310/4770 4768/5306/4767 4765/5302/4764
f 5234/5848/5234 4765/5302/4764 4729/5258/4728 5238/5852/5238
f 5233/5847/5233 5239/5853/5239 4826/5380/4826 4773/5314/4773
f 4823/5376/4824 4826/5380/4826 5239/5853/5239 5240/5854/5240
f 5241/5855/5241 5242/5856/5242 4805/5347/4805 4794/5336/4794
f 5243/5857/5243 5242/5856/5242 5241/5855/5241 5244/5858/5244
f 5239/5853/5239 5243/5857/5243 5244/5858/5244 5240/5854/5240
f 4794/5336/4794 4795/5335/4793 5244/5858/5244 5241/5855/5241
f 5240/5854/5240 4817/5367/4817 4820/5372/4821 4823/5376/4824
f 4817/5367/4817 5240/5854/5240 5244/5858/5244 4795/5335/4793
f 4805/5347/4805 5242/5856/5242 5236/5849/5235 4746/5282/4746
f 5243/5857/5243 5237/5851/5237 5236/5849/5235 5242/5856/5242
f 5237/5851/5237 5243/5857/5243 5239/5853/5239 5233/5847/5233
f 5088/5670/5088 5246/5859/5245 5245/5860/5246 5089/5671/5089
f 5083/5662/5083 5248/5861/5247 5247/5862/5248 5084/5663/5084
f 5247/5862/5248 5248/5861/5247 5250/5863/5249 5249/5864/5250
f 5250/5863/5249 5245/5860/5246 5246/5859/5245 5249/5864/5250
f 5249/5864/5250 5085/5664/5085 5084/5663/5084 5247/5862/5248
f 5087/5668/5087 5086/5666/5086 5246/5859/5245 5088/5670/5088
f 5086/5666/5086 5085/5664/5085 5249/5864/5250 5246/5859/5245
f 5251/5865/5251 5126/5717/5126 5089/5671/5089 5245/5860/5246
f 5125/5715/5125 5126/5717/5126 5251/5865/5251 5252/5866/5252
f 5083/5662/5083 5120/5707/5120 5253/5867/5253 5248/5861/5247
f 5254/5868/5254 5253/5867/5253 5120/5707/5120 5121/5708/5121
f 5253/5867/5253 5255/5869/5255 5250/5863/5249 5248/5861/5247
f 5255/5869/5255 5253/5867/5253 5254/5868/5254 5256/5870/5256
f 5251/5865/5251 5245/5860/5246 5250/5863/5249 5255/5869/5255
f 5252/5866/5252 5251/5865/5251 5255/5869/5255 5256/5870/5256
f 5256/5870/5256 5254/5868/5254 5121/5708/5121 5122/5709/5122
f 5252/5866/5252 5123/5711/5123 5124/5713/5124 5125/5715/5125
f 5256/5870/5256 5122/5709/5122 5123/5711/5123 5252/5866/5252
g default
v 2.859135 151.455231 -6.352631
v 1.650722 151.455231 -7.561044
v 0.000000 151.455231 -8.003353
v -1.650722 151.455231 -7.561044
v -2.859135 151.455231 -6.352631
v -3.301445 151.455231 -4.701909
v -2.859135 151.455231 -3.051187
v -1.650722 151.455231 -1.842774
v 0.000000 151.455231 -1.400464
v 1.650722 151.455231 -1.842774
v 2.859135 151.455231 -3.051187
v 3.301445 151.455231 -4.701909
v 2.859135 158.058121 -6.352631
v 1.650722 158.058121 -7.561044
v 0.000000 158.058121 -8.003353
v -1.650722 158.058121 -7.561044
v -2.859135 158.058121 -6.352631
v -3.301445 158.058121 -4.701909
v -2.859135 158.058121 -3.051187
v -1.650722 158.058121 -1.842774
v 0.000000 158.058121 -1.400464
v 1.650722 158.058121 -1.842774
v 2.859135 158.058121 -3.051187
v 3.301445 158.058121 -4.701909
v -10.581327 17.041027 10.581327
v -9.631033 17.041027 10.974953
v -9.630779 17.991320 10.581327
v -9.631033 18.384945 9.631033
v -10.581328 17.991320 9.630527
v -10.974953 17.041027 9.631033
v 10.581327 17.041027 10.581327
v 10.974953 17.041027 9.631033
v 10.581327 17.991320 9.630779
v 9.631033 18.384945 9.631033
v 9.630527 17.991320 10.581328
v 9.631033 17.041027 10.974953
v -10.581327 17.041027 -10.581327
v -10.974953 17.041027 -9.631033
v -10.581327 17.991320 -9.630779
v -9.631033 18.384945 -9.631033
v -9.630527 17.991320 -10.581328
v -9.631033 17.041027 -10.974953
v 10.581327 17.041027 -10.581327
v 9.631033 17.041027 -10.974953
v 9.630779 17.991320 -10.581327
v 9.631033 18.384945 -9.631033
v 10.581328 17.991320 -9.630527
v 10.974953 17.041027 -9.631033
v -11.943660 0.825019 -11.943660
v -12.344913 0.825019 -10.974953
v -11.379622 1.214570 -10.031160
v -10.974953 2.155394 -9.644578
v -10.589276 2.148607 -10.585309
v -9.658125 2.141849 -10.974953
v -10.040590 1.210534 -11.380110
v -10.974953 0.825019 -12.344913
v 11.943660 0.825019 -11.943660
v 10.974953 0.825019 -12.344913
v 10.031160 1.214570 -11.379622
v 9.644578 2.155394 -10.974953
v 10.585309 2.148607 -10.589276
v 10.974953 2.141849 -9.658125
v 11.380786 1.210507 -10.039913
v 12.344913 0.825019 -10.974953
v -11.943660 0.825019 11.943660
v -10.974953 0.825019 12.344913
v -10.031160 1.214570 11.379622
v -9.644578 2.155394 10.974953
v -10.585309 2.148607 10.589276
v -10.974953 2.141849 9.658125
v -11.380786 1.210507 10.039913
v -12.344913 0.825019 10.974953
v 11.943660 0.825019 11.943660
v 12.344913 0.825019 10.974953
v 11.379622 1.214570 10.031160
v 10.974953 2.155394 9.644578
v 10.589276 2.148607 10.585309
v 9.658125 2.141849 10.974953
v 10.040590 1.210534 11.380110
v 10.974953 0.825019 12.344913
v -16.652285 -5.082090 17.969147
v -17.583447 -5.081868 17.583448
v -17.969147 -5.082090 16.652285
v 17.969147 -5.082090 16.652285
v 17.591421 -5.095896 17.583500
v 16.679342 -5.109147 17.969147
v 17.572517 0.439410 16.231815
v 16.600193 0.825019 15.231238
v 16.184641 0.825019 16.181114
v 15.181168 0.825019 16.575157
v 16.208805 0.440513 17.567245
v 16.652285 -0.491843 17.969147
v 17.583447 -0.492064 17.583448
v 17.969147 -0.491843 16.652285
v -17.572517 0.439410 16.231815
v -17.969147 -0.491843 16.652285
v -17.591421 -0.478037 17.583500
v -16.679342 -0.464786 17.969147
v -16.254419 0.446462 17.575277
v -15.231238 0.825019 16.600193
v -16.199165 0.825019 16.199633
v -16.600193 0.825019 15.231238
v -17.572517 0.439410 -16.231815
v -16.600193 0.825019 -15.231238
v -16.184641 0.825019 -16.181114
v -15.181168 0.825019 -16.575157
v -16.208805 0.440513 -17.567245
v -16.652285 -0.491843 -17.969147
v -17.583447 -0.492064 -17.583448
v -17.969147 -0.491843 -16.652285
v 17.572517 0.439410 -16.231815
v 17.969147 -0.491843 -16.652285
v 17.591421 -0.478037 -17.583500
v 16.679342 -0.464786 -17.969147
v 16.254419 0.446462 -17.575277
v 15.231238 0.825019 -16.600193
v 16.199165 0.825019 -16.199633
v 16.600193 0.825019 -15.231238
v 16.652285 -5.082090 -17.969147
v 17.583447 -5.081868 -17.583448
v 17.969147 -5.082090 -16.652285
v -17.969147 -5.082090 -16.652285
v -17.591421 -5.095896 -17.583500
v -16.679342 -5.109147 -17.969147
v -10.406576 17.816677 10.406479
v 10.406479 17.816677 10.406576
v -10.406479 17.816677 -10.406576
v 10.406576 17.816677 -10.406479
v -10.986574 1.212595 -10.984372
v 10.984578 1.212588 -10.986524
v -10.984578 1.212588 10.986524
v 10.986574 1.212595 10.984372
v 17.172787 0.439718 17.174051
v -17.185514 0.443044 17.180494
v -17.172787 0.439718 -17.174051
v 17.185514 0.443044 -17.180494
v 2.025344 117.789238 -1.169333
v 1.169333 117.789238 -2.025344
v 0.000000 117.789238 -2.338665
v -1.169333 117.789238 -2.025344
v -2.025344 117.789238 -1.169333
v -2.338665 117.789238 0.000000
v -2.025344 117.789238 1.169333
v -1.169333 117.789238 2.025344
v 0.000000 117.789238 2.338665
v 1.169333 117.789238 2.025344
v 2.025344 117.789238 1.169333
v 2.338665 117.789238 0.000000
v 2.025344 21.714294 -1.169333
v 2.338665 21.714294 0.000000
v 2.025344 21.714294 1.169333
v 1.169333 21.714294 2.025344
v 0.000000 21.714294 2.338665
v -1.169333 21.714294 2.025344
v -2.025344 21.714294 1.169333
v -2.338665 21.714294 0.000000
v -2.025344 21.714294 -1.169333
v -1.169333 21.714294 -2.025344
v 0.000000 21.714294 -2.338665
v 1.169333 21.714294 -2.025344
v 5.898550 17.700829 -3.405530
v 3.405530 17.700829 -5.898550
v 3.405530 21.714294 -5.898550
v 5.898550 21.714294 -3.405530
v 0.000000 17.700829 -6.811059
v 0.000000 21.714294 -6.811059
v -3.405530 17.700829 -5.898550
v -3.405530 21.714294 -5.898550
v -5.898550 17.700829 -3.405530
v -5.898550 21.714294 -3.405530
v -6.811059 17.700829 0.000000
v -6.811059 21.714294 0.000000
v -5.898550 17.700829 3.405530
v -5.898550 21.714294 3.405530
v -3.405530 17.700829 5.898550
v -3.405530 21.714294 5.898550
v 0.000000 17.700829 6.811059
v 0.000000 21.714294 6.811059
v 3.405530 17.700829 5.898550
v 3.405530 21.714294 5.898550
v 5.898550 17.700829 3.405530
v 5.898550 21.714294 3.405530
v 6.811059 17.700829 0.000000
v 6.811059 21.714294 0.000000
vt 0.772513 0.000004
vt 0.773338 0.012903
vt 0.774163 0.025801
vt 0.774988 0.038700
vt 0.775814 0.051598
vt 0.776639 0.064497
vt 0.777464 0.077396
vt 0.778289 0.090294
vt 0.779115 0.103193
vt 0.779940 0.116091
vt 0.780765 0.128990
vt 0.781590 0.141889
vt 0.782416 0.154787
vt 0.722676 0.003192
vt 0.723501 0.016091
vt 0.724327 0.028990
vt 0.725152 0.041888
vt 0.725977 0.054787
vt 0.726802 0.067686
vt 0.727628 0.080584
vt 0.728453 0.093483
vt 0.729278 0.106381
vt 0.730103 0.119280
vt 0.730929 0.132179
vt 0.731754 0.145077
vt 0.732579 0.157976
vt 0.843491 0.484825
vt 0.142624 0.000004
vt 0.729701 0.477738
vt 0.730875 0.469507
vt 0.132635 0.000277
vt 0.729051 0.485980
vt 0.139379 0.014092
vt 0.145706 0.009635
vt 0.224401 0.131328
vt 0.217753 0.135252
vt 0.869294 0.348590
vt 0.135603 0.007400
vt 0.011036 0.086721
vt 0.834146 0.641208
vt 0.015375 0.093154
vt 0.873540 0.334868
vt 0.231890 0.138219
vt 0.762567 0.311839
vt 0.764878 0.303821
vt 0.760774 0.319951
vt 0.222278 0.141531
vt 0.101568 0.221703
vt 0.097565 0.215102
vt 0.919320 0.203888
vt 0.001139 0.087267
vt 0.897770 0.006022
vt 0.720512 0.635218
vt 0.002168 0.101223
vt 0.893642 0.012497
vt 0.008850 0.097316
vt 0.091407 0.219732
vt 0.925579 0.190812
vt 0.094890 0.229304
vt 0.819031 0.152548
vt 0.822481 0.145023
vt 0.816086 0.160255
vt 0.538200 0.236372
vt 0.531449 0.231881
vt 0.540759 0.187305
vt 0.547298 0.191611
vt 0.523466 0.233294
vt 0.532797 0.188968
vt 0.712608 0.637644
vt 0.618740 0.373664
vt 0.629207 0.375441
vt 0.521701 0.243762
vt 0.814644 0.143310
vt 0.384369 0.324288
vt 0.379884 0.331050
vt 0.335124 0.321720
vt 0.339601 0.315199
vt 0.381302 0.339041
vt 0.336604 0.329490
vt 0.391772 0.340821
vt 0.756848 0.303411
vt 0.472313 0.478140
vt 0.626142 0.390196
vt 0.630627 0.383433
vt 0.675384 0.392755
vt 0.670908 0.399280
vt 0.673901 0.384982
vt 0.722859 0.470290
vt 0.488827 0.470722
vt 0.487056 0.481197
vt 0.479069 0.482621
vt 0.469753 0.527200
vt 0.463214 0.522895
vt 0.477716 0.525535
vt 0.744860 0.259219
vt 0.709676 0.007527
vt 0.745195 0.276761
vt 0.712806 0.529998
vt 0.745106 0.267950
vt 0.710607 0.268409
vt 0.710065 0.261794
vt 0.710028 0.274862
vt 0.708032 0.546667
vt 0.606785 0.780759
vt 0.710551 0.538263
vt 0.677665 0.529271
vt 0.678902 0.522715
vt 0.675379 0.535464
vt 0.460830 0.533683
vt 0.569908 0.758837
vt 0.575858 0.764432
vt 0.671619 0.518835
vt 0.681840 0.401570
vt 0.702098 0.260211
vt 0.549680 0.180821
vt 0.675555 0.013470
vt 0.412508 0.971581
vt 0.408537 0.964199
vt 0.328668 0.312908
vt 0.568938 0.775514
vt 0.673871 0.006075
vt 0.433659 1.000000
vt 0.438803 0.994439
vt 0.572829 0.770339
vt 0.602313 0.788263
vt 0.597665 0.795751
vt 0.141350 0.005483
vt 0.226390 0.137075
vt 0.006138 0.091222
vt 0.095898 0.223772
vt 0.712864 0.645302
vt 0.811245 0.149010
vt 0.721215 0.476738
vt 0.754335 0.309544
vt 0.467514 0.537975
vt 0.702644 0.268476
vt 0.542995 0.176529
vt 0.566048 0.766163
vt 0.369571 0.009683
vt 0.395184 0.028442
vt 0.375033 0.050703
vt 0.357059 0.036742
vt 0.413687 0.053619
vt 0.387771 0.070504
vt 0.425243 0.080731
vt 0.281405 0.156848
vt 0.238778 0.146989
vt 0.266290 0.135800
vt 0.228730 0.118591
vt 0.257966 0.113596
vt 0.227095 0.087628
vt 0.256695 0.090890
vt 0.235190 0.057283
vt 0.262516 0.069287
vt 0.252546 0.030864
vt 0.274840 0.050743
vt 0.277475 0.011243
vt 0.292418 0.037101
vt 0.307415 0.000559
vt 0.313452 0.029780
vt 0.339238 0.000005
vt 0.335776 0.029607
vt 0.043395 0.452184
vt 0.048201 0.459869
vt 0.053013 0.467567
vt 0.000000 0.383244
vt 0.004855 0.390914
vt 0.009700 0.398573
vt 0.014534 0.406225
vt 0.019359 0.413875
vt 0.024176 0.421527
vt 0.028986 0.429181
vt 0.033791 0.436842
vt 0.038593 0.444508
vt 0.329616 0.064342
vt 0.339964 0.067239
vt 0.318808 0.064846
vt 0.308665 0.068726
vt 0.300222 0.075605
vt 0.294323 0.084790
vt 0.291534 0.095348
vt 0.292089 0.106180
vt 0.295888 0.116050
vt 0.356388 0.090715
vt 0.354695 0.081492
vt 0.348715 0.073199
vt 0.252424 0.171129
vt 0.394424 0.095019
vt 0.605445 0.000000
vt 0.057840 0.475283
vt 0.658148 0.078770
vt 0.654036 0.070195
vt 0.661860 0.087397
vt 0.664919 0.096087
vt 0.302589 0.123427
vt 0.611916 0.006506
vt 0.618070 0.013562
vt 0.623943 0.021014
vt 0.629555 0.028771
vt 0.634920 0.036763
vt 0.640050 0.044940
vt 0.644948 0.053261
vt 0.649621 0.061685
vt 0.407276 0.977036
vt 0.720576 0.642967
vt 0.529272 0.242342
vt 0.994288 0.058801
vt 0.708282 0.000005
vt 0.561401 0.772919
vt 0.324421 0.319511
vt 0.325767 0.327349
vt 0.535035 0.177905
vt 0.666263 0.009931
vt 0.402730 0.969821
vt 0.668384 0.017593
vt 0.702225 0.276666
vt 0.686086 0.394962
vt 0.684737 0.387120
vt 0.475476 0.536600
vt 0.669911 0.527083
vt 0.667261 0.534916
vt 0.474871 0.467769
vt 0.481248 0.472160
vt 0.753655 0.316168
vt 0.615767 0.387645
vt 0.620151 0.381250
vt 0.721472 0.483417
vt 0.394746 0.326839
vt 0.390361 0.333235
vt 0.809593 0.155461
vt 0.535643 0.246750
vt 0.892431 0.000002
vt 0.888183 0.006328
vt 0.922436 0.197356
vt 0.104804 0.228712
vt 0.085792 0.225142
vt 0.990378 0.065530
vt 0.833958 0.648969
vt 0.000000 0.092866
vt 0.006414 0.080411
vt 0.227560 0.147303
vt 0.871404 0.341733
vt 0.231453 0.128188
vt 0.841441 0.499108
vt 0.151546 0.004428
vt 0.842451 0.491969
vn 0.866025 0.000000 -0.500000
vn 0.500000 0.000000 -0.866025
vn 0.500000 0.000000 -0.866025
vn 0.866025 0.000000 -0.500000
vn 0.000000 0.000000 -1.000000
vn 0.000000 0.000000 -1.000000
vn -0.500000 0.000000 -0.866025
vn -0.500000 0.000000 -0.866025
vn -0.866025 0.000000 -0.500000
vn -0.866025 0.000000 -0.500000
vn -1.000000 0.000000 0.000000
vn -1.000000 0.000000 0.000000
vn -0.866025 0.000000 0.500000
vn -0.866025 0.000000 0.500000
vn -0.500000 0.000000 0.866025
vn -0.500000 0.000000 0.866025
vn 0.000000 0.000000 1.000000
vn 0.000000 0.000000 1.000000
vn 0.500000 0.000000 0.866025
vn 0.500000 0.000000 0.866025
vn 0.866025 0.000000 0.500000
vn 0.866025 0.000000 0.500000
vn 1.000000 0.000000 0.000000
vn 1.000000 0.000000 0.000000
vn -0.018855 0.024438 0.999524
vn -0.379300 0.016129 0.925133
vn -0.380849 0.037531 0.923875
vn -0.018919 0.031621 0.999321
vn -0.923830 0.016272 0.382456
vn -0.999522 0.024432 0.018940
vn -0.999317 0.031720 0.018941
vn -0.922575 0.037012 0.384038
vn -0.019157 0.999633 0.019160
vn -0.012173 0.924372 0.381297
vn 0.012167 0.924371 0.381300
vn 0.019160 0.999633 0.019157
vn -0.012173 0.381303 0.924370
vn 0.018940 0.024432 0.999522
vn 0.012167 0.381303 0.924370
vn -0.924370 0.381304 0.012167
vn -0.924370 0.381303 -0.012173
vn -0.999524 0.024438 -0.018855
vn -0.381301 0.924371 0.012167
vn -0.019160 0.999633 -0.019157
vn -0.381298 0.924372 -0.012173
vn 0.999524 0.024438 0.018855
vn 0.925133 0.016129 0.379300
vn 0.923875 0.037523 0.380849
vn 0.999320 0.031645 0.018920
vn 0.382456 0.016272 0.923831
vn 0.018941 0.031703 0.999318
vn 0.384033 0.036982 0.922579
vn 0.381298 0.924372 0.012173
vn 0.381301 0.924371 -0.012167
vn 0.019157 0.999633 -0.019160
vn 0.924370 0.381303 0.012173
vn 0.999522 0.024432 -0.018940
vn 0.924370 0.381304 -0.012167
vn -0.925133 0.016129 -0.379300
vn -0.923875 0.037523 -0.380849
vn -0.999320 0.031645 -0.018920
vn -0.382456 0.016272 -0.923831
vn -0.018940 0.024432 -0.999522
vn -0.018941 0.031703 -0.999318
vn -0.384033 0.036982 -0.922579
vn -0.012167 0.381303 -0.924370
vn 0.012173 0.381303 -0.924370
vn 0.018855 0.024438 -0.999524
vn -0.012167 0.924371 -0.381300
vn 0.012173 0.924372 -0.381297
vn 0.379300 0.016129 -0.925133
vn 0.380849 0.037531 -0.923875
vn 0.018919 0.031621 -0.999321
vn 0.923830 0.016272 -0.382456
vn 0.999317 0.031720 -0.018941
vn 0.922575 0.037012 -0.384038
vn -0.025988 0.999662 -0.001035
vn -0.024104 0.999418 -0.024159
vn -0.052590 0.997109 -0.054844
vn -0.165014 0.986291 -0.001079
vn -0.001032 0.999656 -0.026198
vn -0.001125 0.986735 -0.162334
vn -0.913725 0.405588 -0.024592
vn -0.913692 0.405662 0.024612
vn -0.369749 0.929125 -0.003514
vn -0.026063 0.999660 0.001028
vn -0.369722 0.929135 0.003651
vn -0.003656 0.929175 -0.369622
vn 0.003508 0.929164 -0.369651
vn 0.001038 0.999659 -0.026080
vn -0.024640 0.405397 -0.913809
vn 0.024583 0.405337 -0.913837
vn 0.024178 0.999417 -0.024124
vn 0.053680 0.997186 -0.052326
vn 0.000897 0.986597 -0.163172
vn 0.026063 0.999660 -0.001028
vn 0.164894 0.986311 -0.001011
vn 0.369722 0.929136 -0.003651
vn 0.369748 0.929125 0.003514
vn 0.025988 0.999662 0.001035
vn 0.913692 0.405662 -0.024612
vn 0.913725 0.405588 0.024592
vn -0.001038 0.999659 0.026080
vn -0.024178 0.999417 0.024124
vn -0.053680 0.997186 0.052326
vn -0.000897 0.986597 0.163172
vn -0.164894 0.986311 0.001011
vn -0.024583 0.405337 0.913837
vn 0.024640 0.405397 0.913808
vn -0.003508 0.929164 0.369651
vn 0.001032 0.999656 0.026198
vn 0.003656 0.929175 0.369622
vn 0.024104 0.999418 0.024159
vn 0.052590 0.997109 0.054844
vn 0.165014 0.986291 0.001079
vn 0.001125 0.986735 0.162334
vn -0.999938 -0.000024 0.011164
vn -0.925276 -0.000805 0.379295
vn -0.922315 0.085603 0.376839
vn -0.998292 0.057185 0.011946
vn -0.386026 -0.001472 0.922487
vn -0.011157 -0.000043 0.999938
vn -0.012004 0.056966 0.998304
vn -0.386026 -0.001472 0.922487
vn 0.011234 0.000043 0.999937
vn 0.386025 0.001472 0.922487
vn 0.383643 0.088909 0.919192
vn 0.012038 0.056398 0.998336
vn 0.925275 0.000805 0.379295
vn 0.999937 0.000024 0.011260
vn 0.998286 0.057293 0.011968
vn 0.921328 0.086814 0.378969
vn 0.359145 0.933223 0.010481
vn 0.359480 0.933099 -0.010037
vn 0.918758 0.394752 0.007438
vn 0.998292 0.057185 -0.011946
vn 0.918816 0.394622 -0.007109
vn 0.007553 0.399139 0.916859
vn -0.006993 0.399124 0.916870
vn 0.010429 0.935710 0.352616
vn -0.010074 0.935773 0.352459
vn -0.918816 0.394622 0.007109
vn -0.918758 0.394752 -0.007438
vn -0.998286 0.057293 -0.011968
vn -0.359480 0.933099 0.010037
vn -0.359145 0.933223 -0.010481
vn -0.012038 0.056398 -0.998336
vn -0.007553 0.399139 -0.916859
vn 0.006993 0.399124 -0.916870
vn 0.012004 0.056966 -0.998304
vn -0.010429 0.935710 -0.352616
vn 0.010074 0.935773 -0.352459
vn -0.921328 0.086814 -0.378969
vn -0.925275 0.000805 -0.379295
vn -0.999937 0.000024 -0.011260
vn -0.383643 0.088909 -0.919192
vn -0.011234 0.000043 -0.999937
vn -0.386025 0.001472 -0.922487
vn 0.386026 -0.001472 -0.922487
vn 0.386026 -0.001472 -0.922487
vn 0.011157 -0.000043 -0.999938
vn 0.922315 0.085603 -0.376839
vn 0.999938 -0.000024 -0.011164
vn 0.925276 -0.000805 -0.379295
vn -0.887863 0.325432 0.325259
vn -0.325329 0.325416 0.887843
vn -0.325357 0.887887 0.325269
vn 0.325259 0.325432 0.887863
vn 0.887843 0.325416 0.325329
vn 0.325270 0.887887 0.325355
vn -0.325259 0.325432 -0.887863
vn -0.887843 0.325416 -0.325329
vn -0.325270 0.887887 -0.325355
vn 0.887863 0.325432 -0.325259
vn 0.325329 0.325416 -0.887843
vn 0.325357 0.887887 -0.325269
vn -0.194531 0.961422 -0.194486
vn -0.807913 0.485213 -0.334431
vn -0.335109 0.487240 -0.806411
vn 0.194506 0.961416 -0.194542
vn 0.334419 0.485221 -0.807914
vn 0.806280 0.487438 -0.335137
vn -0.194506 0.961416 0.194542
vn -0.334419 0.485221 0.807914
vn -0.806280 0.487438 0.335137
vn 0.194531 0.961422 0.194486
vn 0.807913 0.485213 0.334431
vn 0.335109 0.487240 0.806411
vn 0.800584 0.496408 0.335626
vn 0.184369 0.964244 0.190375
vn 0.329519 0.499638 0.801111
vn -0.189454 0.964337 0.184829
vn -0.807154 0.493638 0.323766
vn -0.341342 0.500720 0.795466
vn -0.341342 0.500720 0.795465
vn -0.800584 0.496408 -0.335626
vn -0.184369 0.964244 -0.190375
vn -0.329519 0.499638 -0.801111
vn 0.189454 0.964337 -0.184829
vn 0.807154 0.493638 -0.323766
vn 0.341342 0.500720 -0.795466
vn 0.341342 0.500720 -0.795465
vn 0.866025 0.000000 -0.500000
vn 0.500000 0.000000 -0.866026
vn 0.424239 0.529229 -0.734804
vn 0.734804 0.529229 -0.424240
vn 0.000000 0.000000 -1.000000
vn 0.000000 0.529229 -0.848479
vn -0.500000 0.000000 -0.866026
vn -0.424239 0.529229 -0.734804
vn -0.866025 0.000000 -0.500000
vn -0.734804 0.529229 -0.424240
vn -1.000000 0.000000 0.000000
vn -0.848479 0.529229 0.000000
vn -0.866025 0.000000 0.500000
vn -0.734804 0.529229 0.424240
vn -0.500000 0.000000 0.866026
vn -0.424239 0.529229 0.734804
vn 0.000000 0.000000 1.000000
vn 0.000000 0.529229 0.848479
vn 0.500000 0.000000 0.866026
vn 0.424239 0.529229 0.734804
vn 0.866025 0.000000 0.500000
vn 0.734804 0.529229 0.424240
vn 1.000000 0.000000 0.000000
vn 0.848479 0.529229 0.000000
vn 0.994404 0.105645 0.000000
vn 0.861179 0.105645 -0.497202
vn 0.866026 0.000000 -0.500000
vn 1.000000 0.000000 0.000000
vn 0.861179 0.105645 0.497202
vn 0.866026 0.000000 0.500000
vn 0.497202 0.105645 0.861179
vn 0.500000 0.000000 0.866025
vn 0.000000 0.105645 0.994404
vn 0.000000 0.000000 1.000000
vn -0.497202 0.105645 0.861179
vn -0.500000 0.000000 0.866025
vn -0.861179 0.105645 0.497202
vn -0.866026 0.000000 0.500000
vn -0.994404 0.105645 0.000000
vn -1.000000 0.000000 0.000000
vn -0.861179 0.105645 -0.497202
vn -0.866026 0.000000 -0.500000
vn -0.497202 0.105645 -0.861179
vn -0.500000 0.000000 -0.866025
vn 0.000000 0.105645 -0.994404
vn 0.000000 0.000000 -1.000000
vn 0.497202 0.105645 -0.861179
vn 0.500000 0.000000 -0.866025
s 1
g s_manequinn s_Base_low
usemtl lambert4SG
f 5257/5905/5257 5258/5906/5258 5270/5919/5259 5269/5918/5260
f 5258/5906/5258 5259/5907/5261 5271/5920/5262 5270/5919/5259
f 5259/5907/5261 5260/5908/5263 5272/5921/5264 5271/5920/5262
f 5260/5908/5263 5261/5909/5265 5273/5922/5266 5272/5921/5264
f 5261/5909/5265 5262/5910/5267 5274/5923/5268 5273/5922/5266
f 5262/5910/5267 5263/5911/5269 5275/5924/5270 5274/5923/5268
f 5263/5911/5269 5264/5912/5271 5276/5925/5272 5275/5924/5270
f 5264/5912/5271 5265/5913/5273 5277/5926/5274 5276/5925/5272
f 5265/5913/5273 5266/5914/5275 5278/5927/5276 5277/5926/5274
f 5266/5914/5275 5267/5915/5277 5279/5928/5278 5278/5927/5276
f 5267/5915/5277 5268/5916/5279 5280/5929/5280 5279/5928/5278
f 5268/5916/5279 5257/5917/5257 5269/5930/5260 5280/5929/5280
s 2
f 5282/5931/5281 5281/6150/5282 5325/5933/5283 5324/5934/5284
s 3
f 5281/6150/5285 5286/6148/5286 5326/5936/5287 5325/5933/5288
s 4
f 5284/5937/5289 5283/5938/5290 5291/5939/5291 5290/5940/5292
s 2
f 5283/5938/5293 5282/6149/5281 5292/6147/5294 5291/5939/5295
s 3
f 5286/5935/5286 5285/5942/5296 5295/5943/5297 5294/6144/5298
s 4
f 5285/5942/5299 5284/5937/5289 5296/5945/5300 5295/5943/5301
s 5
f 5288/5946/5302 5287/6146/5303 5333/5948/5304 5332/5949/5305
s 2
f 5287/6146/5306 5292/5941/5294 5334/5950/5307 5333/5948/5308
s 4
f 5290/5940/5292 5289/5951/5309 5303/5952/5310 5302/5953/5311
s 5
f 5289/5951/5312 5288/6145/5302 5304/6139/5313 5303/5952/5314
s 3
f 5294/5944/5298 5293/6142/5315 5309/6109/5316 5308/5957/5317
s 6
f 5293/6111/5318 5298/6141/5319 5310/5959/5320 5309/5956/5321
f 5298/5958/5319 5297/5960/5322 5301/5961/5323 5300/6140/5324
s 4
f 5297/5960/5325 5296/5945/5300 5302/5953/5311 5301/5961/5326
s 6
f 5300/5962/5324 5299/6138/5327 5317/5964/5328 5316/5965/5329
s 5
f 5299/6138/5330 5304/5954/5313 5318/5966/5331 5317/5964/5332
s 7
f 5306/5967/5333 5305/5968/5334 5361/5969/5335 5360/5970/5336
f 5305/5968/5334 5312/5971/5337 5362/5972/5338 5361/5969/5335
s 3
f 5308/5957/5317 5307/5973/5339 5327/6131/5340 5326/5936/5287
s 7
f 5307/6135/5341 5306/5967/5333 5328/5975/5342 5327/5974/5343
f 5312/5971/5337 5311/5976/5344 5315/6132/5345 5314/5978/5346
s 6
f 5311/6137/5347 5310/5959/5320 5316/5965/5329 5315/5977/5348
s 7
f 5314/5978/5346 5313/5979/5349 5373/5980/5350 5372/5981/5351
f 5313/5979/5349 5320/5982/5352 5374/5983/5353 5373/5980/5350
f 5320/5982/5352 5319/5984/5354 5331/6126/5355 5330/5986/5356
s 5
f 5319/6134/5357 5318/5966/5331 5332/5949/5305 5331/5985/5358
s 7
f 5322/5987/5359 5321/5988/5360 5357/5989/5361 5356/5990/5362
f 5321/5988/5360 5328/5975/5342 5358/5991/5363 5357/5989/5361
s 2
f 5324/5934/5284 5323/5992/5364 5335/6128/5365 5334/5950/5307
s 7
f 5323/6129/5366 5322/5987/5359 5336/5994/5367 5335/5993/5368
f 5330/5986/5356 5329/5995/5369 5345/5996/5370 5344/5997/5371
f 5329/5995/5369 5336/5994/5367 5346/5998/5372 5345/5996/5370
s 9
f 5339/5999/5373 5338/6003/5374 5353/6004/5375 5352/6005/5376
s 10
f 5338/6003/5377 5337/6001/5378 5354/6006/5379 5353/6004/5380
f 5342/6002/5381 5341/6009/5382 5349/6010/5383 5348/6011/5384
s 12
f 5341/6009/5385 5340/6007/5386 5350/6012/5387 5349/6010/5388
s 7
f 5344/5997/5371 5343/6013/5389 5367/6115/5390 5374/5983/5353
s 12
f 5343/6125/5391 5350/6012/5387 5368/6015/5392 5367/6014/5393
s 10
f 5348/6011/5384 5347/6016/5394 5355/6120/5395 5354/6006/5379
s 7
f 5347/6123/5396 5346/5998/5372 5356/5990/5362 5355/6017/5397
s 9
f 5352/6005/5376 5351/6018/5398 5359/6119/5399 5366/6020/5400
s 7
f 5351/6122/5401 5358/5991/5363 5360/5970/5336 5359/6019/5402
s 13
f 5364/6021/5403 5363/6022/5404 5371/6113/5405 5370/6024/5406
s 7
f 5363/6116/5407 5362/5972/5338 5372/5981/5351 5371/6023/5408
s 9
f 5366/6020/5400 5365/6025/5409 5379/6112/5410 5378/6000/5411
s 13
f 5365/6108/5412 5364/6021/5403 5380/6027/5413 5379/6026/5414
f 5370/6024/5406 5369/6028/5415 5376/6029/5416 5375/6030/5417
s 12
f 5369/6028/5418 5368/6015/5392 5377/6008/5419 5376/6029/5420
s 10
f 5337/6001/5378 5342/6002/5381 5348/6011/5384 5354/6006/5379
s 4
f 5284/5937/5289 5290/5940/5292 5302/5953/5311 5296/5945/5300
s 13
f 5364/6021/5403 5370/6024/5406 5375/6030/5417 5380/6027/5413
s 12
f 5340/6007/5386 5377/6008/5419 5368/6015/5392 5350/6012/5387
s 9
f 5378/6000/5411 5339/5999/5373 5352/6005/5376 5366/6020/5400
s 3
f 5308/5957/5317 5326/5936/5287 5286/6148/5286 5294/5944/5298
s 6
f 5298/6141/5319 5300/5962/5324 5316/5965/5329 5310/5959/5320
s 5
f 5332/5949/5305 5318/5966/5331 5304/5954/5313 5288/5946/5302
s 2
f 5324/5934/5284 5334/5950/5307 5292/5941/5294 5282/5931/5281
s 7
f 5336/5994/5367 5322/5987/5359 5356/5990/5362 5346/5998/5372
f 5312/5971/5337 5314/5978/5346 5372/5981/5351 5362/5972/5338
f 5320/5982/5352 5330/5986/5356 5344/5997/5371 5374/5983/5353
f 5328/5975/5342 5306/5967/5333 5360/5970/5336 5358/5991/5363
s 3
f 5285/5942/5296 5286/5935/5286 5281/5932/5285 5381/6031/5421
s 2
f 5281/5932/5282 5282/6149/5281 5283/5938/5293 5381/6031/5422
s 4
f 5283/5938/5290 5284/5937/5289 5285/5942/5299 5381/6031/5423
s 2
f 5291/5939/5295 5292/6147/5294 5287/5947/5306 5382/6032/5424
s 5
f 5287/5947/5303 5288/6145/5302 5289/5951/5312 5382/6032/5425
s 4
f 5289/5951/5309 5290/5940/5292 5291/5939/5291 5382/6032/5426
s 6
f 5297/5960/5322 5298/5958/5319 5293/6143/5318 5383/6033/5427
s 3
f 5293/5955/5315 5294/6144/5298 5295/5943/5297 5383/6033/5428
s 4
f 5295/5943/5301 5296/5945/5300 5297/5960/5325 5383/6033/5429
s 5
f 5303/5952/5314 5304/6139/5313 5299/5963/5330 5384/6034/5430
s 6
f 5299/5963/5327 5300/6140/5324 5301/5961/5323 5384/6034/5431
s 4
f 5301/5961/5326 5302/5953/5311 5303/5952/5310 5384/6034/5432
s 7
f 5311/5976/5344 5312/5971/5337 5305/5968/5334 5385/6110/5433
f 5305/5968/5334 5306/5967/5333 5307/6135/5341 5385/6110/5433
s 3
f 5307/5973/5339 5308/5957/5317 5309/6109/5316 5385/6035/5434
s 6
f 5309/5956/5321 5310/5959/5320 5311/6137/5347 5385/6136/5435
s 7
f 5319/5984/5354 5320/5982/5352 5313/5979/5349 5386/6133/5436
f 5313/5979/5349 5314/5978/5346 5315/6132/5345 5386/6133/5436
s 6
f 5315/5977/5348 5316/5965/5329 5317/5964/5328 5386/6036/5437
s 5
f 5317/5964/5332 5318/5966/5331 5319/6134/5357 5386/6036/5438
s 7
f 5327/5974/5343 5328/5975/5342 5321/5988/5360 5387/6130/5439
f 5321/5988/5360 5322/5987/5359 5323/6129/5366 5387/6130/5439
s 2
f 5323/5992/5364 5324/5934/5284 5325/5933/5283 5387/6037/5440
s 3
f 5325/5933/5288 5326/5936/5287 5327/6131/5340 5387/6037/5441
s 7
f 5335/5993/5368 5336/5994/5367 5329/5995/5369 5388/6127/5442
f 5329/5995/5369 5330/5986/5356 5331/6126/5355 5388/6127/5442
s 5
f 5331/5985/5358 5332/5949/5305 5333/5948/5304 5388/6038/5443
s 2
f 5333/5948/5308 5334/5950/5307 5335/6128/5365 5388/6038/5444
s 12
f 5349/6010/5388 5350/6012/5387 5343/6125/5391 5389/6124/5445
s 7
f 5343/6013/5389 5344/5997/5371 5345/5996/5370 5389/6039/5446
f 5345/5996/5370 5346/5998/5372 5347/6123/5396 5389/6039/5446
s 10
f 5347/6016/5394 5348/6011/5384 5349/6010/5383 5389/6124/5447
s 7
f 5357/5989/5361 5358/5991/5363 5351/6122/5401 5390/6121/5448
s 9
f 5351/6018/5398 5352/6005/5376 5353/6004/5375 5390/6040/5449
s 10
f 5353/6004/5450 5354/6006/5379 5355/6120/5395 5390/6040/5451
s 7
f 5355/6017/5397 5356/5990/5362 5357/5989/5361 5390/6121/5448
s 9
f 5365/6025/5409 5366/6020/5400 5359/6119/5399 5391/6117/5452
s 7
f 5359/6019/5402 5360/5970/5336 5361/5969/5335 5391/6041/5453
f 5361/5969/5335 5362/5972/5338 5363/6116/5407 5391/6041/5453
s 13
f 5363/6022/5404 5364/6021/5403 5365/6108/5412 5391/6118/5454
s 7
f 5373/5980/5350 5374/5983/5353 5367/6115/5390 5392/6114/5455
s 12
f 5367/6014/5393 5368/6015/5392 5369/6028/5418 5392/6042/5456
s 13
f 5369/6028/5457 5370/6024/5406 5371/6113/5405 5392/6042/5458
s 7
f 5371/6023/5408 5372/5981/5351 5373/5980/5350 5392/6114/5455
s 14
f 5417/6043/5459 5418/6044/5460 5419/6045/5461 5420/6046/5462
f 5418/6044/5460 5421/6047/5463 5422/6048/5464 5419/6045/5461
f 5421/6047/5463 5423/6049/5465 5424/6092/5466 5422/6048/5464
f 5423/6091/5465 5425/6051/5467 5426/6052/5468 5424/6050/5466
f 5425/6051/5467 5427/6053/5469 5428/6054/5470 5426/6052/5468
f 5427/6053/5469 5429/6055/5471 5430/6056/5472 5428/6054/5470
f 5429/6055/5471 5431/6057/5473 5432/6058/5474 5430/6056/5472
f 5431/6057/5473 5433/6059/5475 5434/6060/5476 5432/6058/5474
f 5433/6059/5475 5435/6061/5477 5436/6062/5478 5434/6060/5476
f 5435/6061/5477 5437/6063/5479 5438/6064/5480 5436/6062/5478
f 5437/6063/5479 5439/6065/5481 5440/6066/5482 5438/6064/5480
f 5439/6065/5481 5417/6043/5459 5420/6046/5462 5440/6066/5482
g textureEditorIsolateSelectSet s_manequinn s_Base_low
f 5406/6107/5483 5405/6096/5484 5393/6067/5485 5404/6078/5486
f 5407/6106/5487 5406/6107/5483 5404/6078/5486 5403/6077/5488
f 5408/6105/5489 5407/6106/5487 5403/6077/5488 5402/6076/5490
f 5409/6104/5491 5408/6105/5489 5402/6076/5490 5401/6075/5492
f 5410/6103/5493 5409/6104/5491 5401/6075/5492 5400/6074/5494
f 5411/6102/5495 5410/6103/5493 5400/6074/5494 5399/6073/5496
f 5412/6101/5497 5411/6102/5495 5399/6073/5496 5398/6072/5498
f 5413/6100/5499 5412/6101/5497 5398/6072/5498 5397/6071/5500
f 5414/6093/5501 5413/6100/5499 5397/6071/5500 5396/6070/5502
f 5415/6097/5503 5414/6098/5501 5396/6094/5502 5395/6069/5504
f 5416/6095/5505 5415/6097/5503 5395/6069/5504 5394/6068/5506
f 5405/6096/5484 5416/6095/5505 5394/6068/5506 5393/6067/5485
g s_manequinn s_Base_low
f 5416/6090/5505 5405/6080/5484 5420/6046/5462 5419/6045/5461
f 5415/6089/5503 5416/6090/5505 5419/6045/5461 5422/6048/5464
f 5414/6088/5501 5415/6089/5503 5422/6048/5464 5424/6092/5466
f 5413/6087/5499 5414/6099/5501 5424/6050/5466 5426/6052/5468
f 5412/6086/5497 5413/6087/5499 5426/6052/5468 5428/6054/5470
f 5411/6085/5495 5412/6086/5497 5428/6054/5470 5430/6056/5472
f 5410/6084/5493 5411/6085/5495 5430/6056/5472 5432/6058/5474
f 5409/6083/5491 5410/6084/5493 5432/6058/5474 5434/6060/5476
f 5408/6082/5489 5409/6083/5491 5434/6060/5476 5436/6062/5478
f 5407/6081/5487 5408/6082/5489 5436/6062/5478 5438/6064/5480
f 5406/6079/5483 5407/6081/5487 5438/6064/5480 5440/6066/5482
f 5405/6080/5484 5406/6079/5483 5440/6066/5482 5420/6046/5462
